gene	primary_intervention	lesion_mapping_note	physiomap_variable	reference_direction	direct_hpo_annotations	mapped_directional_hpo_classes	hpo_release
ABAT	abat_activity -	auto E1b: LoF of ABAT (enzyme-deficiency IEM); resolved via UniProt->PR	csf_gaba	+	HP:0032531 Elevated CSF gamma-aminobutyric acid concentration	HP:0032531 Elevated CSF gamma-aminobutyric acid concentration	2026-02-16
ABAT	abat_activity -	auto E1b: LoF of ABAT (enzyme-deficiency IEM); resolved via UniProt->PR	pituitary_gh	+	HP:0000845 Elevated circulating growth hormone concentration	HP:0000845 Elevated circulating growth hormone concentration	2026-02-16
ABAT	abat_activity -	auto E1b: LoF of ABAT (enzyme-deficiency IEM); resolved via UniProt->PR	plasma_gaba	+	HP:0410053 Elevated circulating gamma-aminobutyric acid concentration	HP:0410053 Elevated circulating gamma-aminobutyric acid concentration	2026-02-16
ABAT	abat_activity -	auto E1b: LoF of ABAT (enzyme-deficiency IEM); resolved via UniProt->PR	urinary_gaba	+	HP:0500253 Increased level of gamma-aminobutyric acid in urine	HP:0500253 Increased level of gamma-aminobutyric acid in urine	2026-02-16
ABCA1	abca1_activity -	auto E1b: LoF of ABCA1 (enzyme-deficiency IEM); resolved via UniProt->PR	hdl_cholesterol	-	HP:0003233 Decreased HDL cholesterol concentration	HP:0003233 Decreased HDL cholesterol concentration	2026-02-16
ABCA1	abca1_activity -	auto E1b: LoF of ABCA1 (enzyme-deficiency IEM); resolved via UniProt->PR	plasma_apolipoprotein_a1	-	HP:0031799 Decreased circulating apolipoprotein A-I concentration	HP:0031799 Decreased circulating apolipoprotein A-I concentration	2026-02-16
ABCA1	abca1_activity -	auto E1b: LoF of ABCA1 (enzyme-deficiency IEM); resolved via UniProt->PR	plasma_lipoprotein	-	HP:0003233 Decreased HDL cholesterol concentration	HP:0010981 Hypolipoproteinemia	2026-02-16
ABCA1	abca1_activity -	auto E1b: LoF of ABCA1 (enzyme-deficiency IEM); resolved via UniProt->PR	plasma_total_lipids	+	HP:0002155 Hypertriglyceridemia	HP:0003077 Hyperlipidemia	2026-02-16
ABCA1	abca1_activity -	auto E1b: LoF of ABCA1 (enzyme-deficiency IEM); resolved via UniProt->PR	plasma_triglycerides	+	HP:0002155 Hypertriglyceridemia	HP:0002155 Hypertriglyceridemia	2026-02-16
ABCD1	abcd1_activity -	auto E1b: LoF of ABCD1 (enzyme-deficiency IEM); resolved via UniProt->PR	cortisol	-	HP:0008163 Decreased circulating cortisol level	HP:0008163 Decreased circulating cortisol level	2026-02-16
ABCD1	abcd1_activity -	auto E1b: LoF of ABCD1 (enzyme-deficiency IEM); resolved via UniProt->PR	plasma_long_chain_fatty_acid	+	HP:0003455 Elevated circulating long chain fatty acid concentration	HP:0003455 Elevated circulating long chain fatty acid concentration	2026-02-16
ABCD1	abcd1_activity -	auto E1b: LoF of ABCD1 (enzyme-deficiency IEM); resolved via UniProt->PR	plasma_transaminases	+	HP:0002910 Elevated circulating hepatic transaminase concentration	HP:0002910 Elevated circulating hepatic transaminase concentration	2026-02-16
ABCD1	abcd1_activity -	auto E1b: LoF of ABCD1 (enzyme-deficiency IEM); resolved via UniProt->PR	plasma_vitamin_b12	-	HP:0100502 Decreased circulating vitamin B12 concentration	HP:0100502 Decreased circulating vitamin B12 concentration	2026-02-16
ABCD1	abcd1_activity -	auto E1b: LoF of ABCD1 (enzyme-deficiency IEM); resolved via UniProt->PR	plasma_vlcfa	+	HP:0033643 Increased circulating very long-chain fatty acid concentration	HP:0033643 Increased circulating very long-chain fatty acid concentration	2026-02-16
ABCG5	abcg5_abcg8_activity -	auto E1b: LoF of ABCG5 (enzyme-deficiency IEM); resolved via UniProt->PR	ldl_cholesterol	+	HP:0003124 Hypercholesterolemia; HP:0003141 Increased LDL cholesterol concentration	HP:0003124 Hypercholesterolemia; HP:0003141 Increased LDL cholesterol concentration	2026-02-16
ABCG5	abcg5_abcg8_activity -	auto E1b: LoF of ABCG5 (enzyme-deficiency IEM); resolved via UniProt->PR	mean_arterial_pressure	+	HP:0000822 Hypertension	HP:0000822 Hypertension	2026-02-16
ABCG5	abcg5_abcg8_activity -	auto E1b: LoF of ABCG5 (enzyme-deficiency IEM); resolved via UniProt->PR	plasma_lipoprotein	+	HP:0003141 Increased LDL cholesterol concentration	HP:0010980 Hyperlipoproteinemia	2026-02-16
ABCG5	abcg5_abcg8_activity -	auto E1b: LoF of ABCG5 (enzyme-deficiency IEM); resolved via UniProt->PR	plasma_sitosterol	+	HP:0033341 Elevated circulating sitosterol concentration	HP:0033341 Elevated circulating sitosterol concentration	2026-02-16
ABCG5	abcg5_abcg8_activity -	auto E1b: LoF of ABCG5 (enzyme-deficiency IEM); resolved via UniProt->PR	plasma_total_lipids	+	HP:0003077 Hyperlipidemia	HP:0003077 Hyperlipidemia	2026-02-16
ABCG5	abcg5_abcg8_activity -	auto E1b: LoF of ABCG5 (enzyme-deficiency IEM); resolved via UniProt->PR	plasma_transaminases	+	HP:0002910 Elevated circulating hepatic transaminase concentration	HP:0002910 Elevated circulating hepatic transaminase concentration	2026-02-16
ACACA	acetyl_coa_carboxylase_activity -	auto E1b: LoF of ACACA (enzyme-deficiency IEM); resolved via UniProt->PR	plasma_lactate	+	HP:0002151 Increased circulating lactate concentration	HP:0002151 Increased circulating lactate concentration	2026-02-16
ACADVL	vlcad_activity -	auto E1b: LoF of ACADVL (enzyme-deficiency IEM); resolved via UniProt->PR	core_temperature	-	HP:0002045 Hypothermia	HP:0002045 Hypothermia	2026-02-16
ACADVL	vlcad_activity -	auto E1b: LoF of ACADVL (enzyme-deficiency IEM); resolved via UniProt->PR	ejection_fraction	-	HP:0012664 Reduced left ventricular ejection fraction	HP:0012664 Reduced left ventricular ejection fraction	2026-02-16
ACADVL	vlcad_activity -	auto E1b: LoF of ACADVL (enzyme-deficiency IEM); resolved via UniProt->PR	heart_rate	+	HP:0001649 Tachycardia; HP:0004756 Ventricular tachycardia	HP:0001649 Tachycardia	2026-02-16
ACADVL	vlcad_activity -	auto E1b: LoF of ACADVL (enzyme-deficiency IEM); resolved via UniProt->PR	plasma_ammonia	+	HP:0001987 Hyperammonemia	HP:0001987 Hyperammonemia	2026-02-16
ACADVL	vlcad_activity -	auto E1b: LoF of ACADVL (enzyme-deficiency IEM); resolved via UniProt->PR	plasma_calcium	-	HP:0002901 Hypocalcemia	HP:0002901 Hypocalcemia	2026-02-16
ACADVL	vlcad_activity -	auto E1b: LoF of ACADVL (enzyme-deficiency IEM); resolved via UniProt->PR	plasma_carnitine	-	HP:0003234 Decreased circulating carnitine concentration	HP:0003234 Decreased circulating carnitine concentration	2026-02-16
ACADVL	vlcad_activity -	auto E1b: LoF of ACADVL (enzyme-deficiency IEM); resolved via UniProt->PR	plasma_creatine_kinase	+	HP:0003236 Elevated circulating creatine kinase concentration	HP:0003236 Elevated circulating creatine kinase concentration	2026-02-16
ACADVL	vlcad_activity -	auto E1b: LoF of ACADVL (enzyme-deficiency IEM); resolved via UniProt->PR	plasma_free_fatty_acids	+	HP:0030781 Increased circulating free fatty acid level	HP:0030781 Increased circulating free fatty acid level	2026-02-16
ACADVL	vlcad_activity -	auto E1b: LoF of ACADVL (enzyme-deficiency IEM); resolved via UniProt->PR	plasma_glucose	-	HP:0001958 Nonketotic hypoglycemia; HP:0001985 Hypoketotic hypoglycemia	HP:0001943 Hypoglycemia	2026-02-16
ACADVL	vlcad_activity -	auto E1b: LoF of ACADVL (enzyme-deficiency IEM); resolved via UniProt->PR	plasma_transaminases	+	HP:0002910 Elevated circulating hepatic transaminase concentration	HP:0002910 Elevated circulating hepatic transaminase concentration	2026-02-16
ACADVL	vlcad_activity -	auto E1b: LoF of ACADVL (enzyme-deficiency IEM); resolved via UniProt->PR	urinary_organic_acids	+	HP:0003215 Dicarboxylic aciduria	HP:0040156 Elevated urinary carboxylic acid	2026-02-16
ACAT1	beta_ketothiolase_activity -	auto E1b: LoF of ACAT1 (enzyme-deficiency IEM); resolved via UniProt->PR	plasma_ammonia	+	HP:0001987 Hyperammonemia	HP:0001987 Hyperammonemia	2026-02-16
ACAT1	beta_ketothiolase_activity -	auto E1b: LoF of ACAT1 (enzyme-deficiency IEM); resolved via UniProt->PR	plasma_ketone_bodies	+	HP:0001993 Ketoacidosis; HP:0005974 Episodic ketoacidosis	HP:0001946 Ketosis	2026-02-16
ACAT1	beta_ketothiolase_activity -	auto E1b: LoF of ACAT1 (enzyme-deficiency IEM); resolved via UniProt->PR	plasma_lactate	+	HP:0002151 Increased circulating lactate concentration	HP:0002151 Increased circulating lactate concentration	2026-02-16
ACAT1	beta_ketothiolase_activity -	auto E1b: LoF of ACAT1 (enzyme-deficiency IEM); resolved via UniProt->PR	plasma_urate	+	HP:0002149 Hyperuricemia	HP:0002149 Hyperuricemia	2026-02-16
ACAT1	beta_ketothiolase_activity -	auto E1b: LoF of ACAT1 (enzyme-deficiency IEM); resolved via UniProt->PR	t2_thiolase_activity	-	HP:4000204 Reduced mitochondrial acetyl-CoA acetyltransferase activity in cultured fibroblasts	HP:4000204 Reduced mitochondrial acetyl-CoA acetyltransferase activity in cultured fibroblasts	2026-02-16
ACAT1	beta_ketothiolase_activity -	auto E1b: LoF of ACAT1 (enzyme-deficiency IEM); resolved via UniProt->PR	urinary_2_methyl_3_hydroxybutyrate	+	HP:6000603 Elevated urinary 2-methyl-3-hydroxybutyric acid level	HP:6000603 Elevated urinary 2-methyl-3-hydroxybutyric acid level	2026-02-16
ACAT1	beta_ketothiolase_activity -	auto E1b: LoF of ACAT1 (enzyme-deficiency IEM); resolved via UniProt->PR	urinary_amino_acids	+	HP:6000603 Elevated urinary 2-methyl-3-hydroxybutyric acid level	HP:0033097 Increased urine proteinogenic amino acid derivative level	2026-02-16
ADA	adenosine_deaminase_activity -	auto E1b: LoF of ADA (enzyme-deficiency IEM); resolved via UniProt->PR	plasma_iga	-	HP:0002720 Decreased circulating IgA concentration	HP:0002720 Decreased circulating IgA concentration	2026-02-16
ADA	adenosine_deaminase_activity -	auto E1b: LoF of ADA (enzyme-deficiency IEM); resolved via UniProt->PR	plasma_ige	+	HP:0003212 Increased circulating IgE concentration	HP:0003212 Increased circulating IgE concentration	2026-02-16
ADA	adenosine_deaminase_activity -	auto E1b: LoF of ADA (enzyme-deficiency IEM); resolved via UniProt->PR	plasma_igg	-	HP:0008348 Decreased circulating IgG2 concentration	HP:0004315 Decreased circulating IgG concentration	2026-02-16
ADA	adenosine_deaminase_activity -	auto E1b: LoF of ADA (enzyme-deficiency IEM); resolved via UniProt->PR	plasma_igg2	-	HP:0008348 Decreased circulating IgG2 concentration	HP:0008348 Decreased circulating IgG2 concentration	2026-02-16
ADA	adenosine_deaminase_activity -	auto E1b: LoF of ADA (enzyme-deficiency IEM); resolved via UniProt->PR	plasma_igm	-	HP:0002850 Decreased circulating total IgM	HP:0002850 Decreased circulating total IgM	2026-02-16
ADA	adenosine_deaminase_activity -	auto E1b: LoF of ADA (enzyme-deficiency IEM); resolved via UniProt->PR	plasma_specific_antibody	-	HP:0005424 Absent specific antibody response	HP:0012475 Decreased circulating level of specific antibody	2026-02-16
ADA2	ada2_activity -	auto E1b: LoF of ADA2 (enzyme-deficiency IEM); resolved via UniProt->PR	adenosine_deaminase_activity	+	HP:0030270 Elevated red cell adenosine deaminase activity	HP:0030270 Elevated red cell adenosine deaminase activity	2026-02-16
ADA2	ada2_activity -	auto E1b: LoF of ADA2 (enzyme-deficiency IEM); resolved via UniProt->PR	c_reactive_protein	+	HP:0011227 Elevated circulating C-reactive protein concentration	HP:0011227 Elevated circulating C-reactive protein concentration	2026-02-16
ADA2	ada2_activity -	auto E1b: LoF of ADA2 (enzyme-deficiency IEM); resolved via UniProt->PR	erythrocyte_sedimentation_rate	+	HP:0003565 Elevated erythrocyte sedimentation rate	HP:0003565 Elevated erythrocyte sedimentation rate	2026-02-16
ADA2	ada2_activity -	auto E1b: LoF of ADA2 (enzyme-deficiency IEM); resolved via UniProt->PR	mean_arterial_pressure	+	HP:0000822 Hypertension	HP:0000822 Hypertension	2026-02-16
ADA2	ada2_activity -	auto E1b: LoF of ADA2 (enzyme-deficiency IEM); resolved via UniProt->PR	plasma_igm	-	HP:0002850 Decreased circulating total IgM	HP:0002850 Decreased circulating total IgM	2026-02-16
ADA2	ada2_activity -	auto E1b: LoF of ADA2 (enzyme-deficiency IEM); resolved via UniProt->PR	plasma_immunoglobulin	-	HP:0002850 Decreased circulating total IgM; HP:0004313 Decreased circulating immunoglobulin concentration	HP:0004313 Decreased circulating immunoglobulin concentration	2026-02-16
ADA2	ada2_activity -	auto E1b: LoF of ADA2 (enzyme-deficiency IEM); resolved via UniProt->PR	plasma_transaminases	+	HP:0002910 Elevated circulating hepatic transaminase concentration	HP:0002910 Elevated circulating hepatic transaminase concentration	2026-02-16
ADSL	adsl_activity -	auto E1b: LoF of ADSL (enzyme-deficiency IEM); resolved via UniProt->PR	urinary_saicar_riboside	+	HP:6000390 Elevated urinary succinylaminoimidazole carboxamide riboside level	HP:6000390 Elevated urinary succinylaminoimidazole carboxamide riboside level	2026-02-16
ADSL	adsl_activity -	auto E1b: LoF of ADSL (enzyme-deficiency IEM); resolved via UniProt->PR	urinary_succinyladenosine	+	HP:6000113 Elevated urinary succinyladenosine level	HP:6000113 Elevated urinary succinyladenosine level	2026-02-16
AGL	glycogen_debrancher_activity -	auto E1b: LoF of AGL (enzyme-deficiency IEM); resolved via UniProt->PR	plasma_creatine_kinase	+	HP:0003236 Elevated circulating creatine kinase concentration	HP:0003236 Elevated circulating creatine kinase concentration	2026-02-16
AGL	glycogen_debrancher_activity -	auto E1b: LoF of AGL (enzyme-deficiency IEM); resolved via UniProt->PR	plasma_glucose	-	HP:0001943 Hypoglycemia	HP:0001943 Hypoglycemia	2026-02-16
AGL	glycogen_debrancher_activity -	auto E1b: LoF of AGL (enzyme-deficiency IEM); resolved via UniProt->PR	plasma_total_lipids	+	HP:0002155 Hypertriglyceridemia; HP:0003077 Hyperlipidemia	HP:0003077 Hyperlipidemia	2026-02-16
AGL	glycogen_debrancher_activity -	auto E1b: LoF of AGL (enzyme-deficiency IEM); resolved via UniProt->PR	plasma_transaminases	+	HP:0002910 Elevated circulating hepatic transaminase concentration	HP:0002910 Elevated circulating hepatic transaminase concentration	2026-02-16
AGL	glycogen_debrancher_activity -	auto E1b: LoF of AGL (enzyme-deficiency IEM); resolved via UniProt->PR	plasma_triglycerides	+	HP:0002155 Hypertriglyceridemia	HP:0002155 Hypertriglyceridemia	2026-02-16
AGXT	agt_activity -	auto E1b: LoF of AGXT (enzyme-deficiency IEM); resolved via UniProt->PR	urinary_glycolate	+	HP:6000431 Elevated urinary glycolic acid level	HP:6000431 Elevated urinary glycolic acid level	2026-02-16
AGXT	agt_activity -	auto E1b: LoF of AGXT (enzyme-deficiency IEM); resolved via UniProt->PR	urinary_glyoxylate	+	HP:6000702 Elevated urinary glyoxylic acid level	HP:6000702 Elevated urinary glyoxylic acid level	2026-02-16
AGXT	agt_activity -	auto E1b: LoF of AGXT (enzyme-deficiency IEM); resolved via UniProt->PR	urinary_organic_acids	+	HP:6000431 Elevated urinary glycolic acid level; HP:6000702 Elevated urinary glyoxylic acid level	HP:0033303 Elevated urinary monocarboxylic acid level; HP:0040156 Elevated urinary carboxylic acid	2026-02-16
AGXT	agt_activity -	auto E1b: LoF of AGXT (enzyme-deficiency IEM); resolved via UniProt->PR	urinary_oxalate	+	HP:0003159 Hyperoxaluria	HP:0003159 Hyperoxaluria	2026-02-16
ALDH5A1	ssadh_activity -	auto E1b: LoF of ALDH5A1 (enzyme-deficiency IEM); resolved via UniProt->PR	csf_4_hydroxybutyrate	+	HP:0032532 Elevated CSF 4-hydroxybutyric acid concentration	HP:0032532 Elevated CSF 4-hydroxybutyric acid concentration	2026-02-16
ALDH5A1	ssadh_activity -	auto E1b: LoF of ALDH5A1 (enzyme-deficiency IEM); resolved via UniProt->PR	csf_gaba	+	HP:0032531 Elevated CSF gamma-aminobutyric acid concentration	HP:0032531 Elevated CSF gamma-aminobutyric acid concentration	2026-02-16
ALDH5A1	ssadh_activity -	auto E1b: LoF of ALDH5A1 (enzyme-deficiency IEM); resolved via UniProt->PR	plasma_4_hydroxybutyrate	+	HP:6000991 Elevated circulating 4-hydroxybutyric acid concentration	HP:6000991 Elevated circulating 4-hydroxybutyric acid concentration	2026-02-16
ALDH5A1	ssadh_activity -	auto E1b: LoF of ALDH5A1 (enzyme-deficiency IEM); resolved via UniProt->PR	plasma_gaba	+	HP:0410053 Elevated circulating gamma-aminobutyric acid concentration	HP:0410053 Elevated circulating gamma-aminobutyric acid concentration	2026-02-16
ALDH5A1	ssadh_activity -	auto E1b: LoF of ALDH5A1 (enzyme-deficiency IEM); resolved via UniProt->PR	plasma_hydroxybutyrate	+	HP:6000991 Elevated circulating 4-hydroxybutyric acid concentration	HP:0033417 Elevated circulating hydroxybutyric acid concentration	2026-02-16
ALDH5A1	ssadh_activity -	auto E1b: LoF of ALDH5A1 (enzyme-deficiency IEM); resolved via UniProt->PR	urinary_3_4_dihydroxybutyrate	+	HP:6000608 Elevated urinary 3,4-Dihydroxybutyric acid level	HP:6000608 Elevated urinary 3,4-Dihydroxybutyric acid level	2026-02-16
ALDH5A1	ssadh_activity -	auto E1b: LoF of ALDH5A1 (enzyme-deficiency IEM); resolved via UniProt->PR	urinary_4_hydroxybutyrate	+	HP:0032528 Elevated urinary 4-hydroxybutyric acid	HP:0032528 Elevated urinary 4-hydroxybutyric acid	2026-02-16
ALDH5A1	ssadh_activity -	auto E1b: LoF of ALDH5A1 (enzyme-deficiency IEM); resolved via UniProt->PR	urinary_gaba	+	HP:0500253 Increased level of gamma-aminobutyric acid in urine	HP:0500253 Increased level of gamma-aminobutyric acid in urine	2026-02-16
ALDH5A1	ssadh_activity -	auto E1b: LoF of ALDH5A1 (enzyme-deficiency IEM); resolved via UniProt->PR	urinary_organic_acids	+	HP:0032528 Elevated urinary 4-hydroxybutyric acid	HP:0033303 Elevated urinary monocarboxylic acid level; HP:0040156 Elevated urinary carboxylic acid	2026-02-16
ALDH7A1	aldh7a1_activity -	auto E1b: LoF of ALDH7A1 (enzyme-deficiency IEM); resolved via UniProt->PR	plasma_aminoadipic_semialdehyde	+	HP:0034365 Elevated circulating alpha-aminoadipic semialdehyde concentration	HP:0034365 Elevated circulating alpha-aminoadipic semialdehyde concentration	2026-02-16
ALDH7A1	aldh7a1_activity -	auto E1b: LoF of ALDH7A1 (enzyme-deficiency IEM); resolved via UniProt->PR	plasma_glucose	-	HP:0001943 Hypoglycemia	HP:0001943 Hypoglycemia	2026-02-16
ALDH7A1	aldh7a1_activity -	auto E1b: LoF of ALDH7A1 (enzyme-deficiency IEM); resolved via UniProt->PR	plasma_lactate	+	HP:0003128 Lactic acidosis	HP:0003128 Lactic acidosis	2026-02-16
ALDH7A1	aldh7a1_activity -	auto E1b: LoF of ALDH7A1 (enzyme-deficiency IEM); resolved via UniProt->PR	plasma_pipecolate	+	HP:6000268 Elevated circulating pipecolic acid concentration	HP:6000268 Elevated circulating pipecolic acid concentration	2026-02-16
ALDOB	aldolase_b_activity -	auto E1b: LoF of ALDOB (enzyme-deficiency IEM); resolved via UniProt->PR	plasma_aldolase	-	HP:0012545 Reduced circulating aldolase concentration	HP:0012545 Reduced circulating aldolase concentration	2026-02-16
ALDOB	aldolase_b_activity -	auto E1b: LoF of ALDOB (enzyme-deficiency IEM); resolved via UniProt->PR	plasma_glucose	-	HP:0001943 Hypoglycemia; HP:0012051 Reactive hypoglycemia	HP:0001943 Hypoglycemia	2026-02-16
ALDOB	aldolase_b_activity -	auto E1b: LoF of ALDOB (enzyme-deficiency IEM); resolved via UniProt->PR	plasma_lactate	+	HP:0003128 Lactic acidosis	HP:0003128 Lactic acidosis	2026-02-16
ALDOB	aldolase_b_activity -	auto E1b: LoF of ALDOB (enzyme-deficiency IEM); resolved via UniProt->PR	plasma_magnesium	+	HP:0002918 Hypermagnesemia	HP:0002918 Hypermagnesemia	2026-02-16
ALDOB	aldolase_b_activity -	auto E1b: LoF of ALDOB (enzyme-deficiency IEM); resolved via UniProt->PR	plasma_phosphate	-	HP:0002148 Hypophosphatemia	HP:0002148 Hypophosphatemia	2026-02-16
ALDOB	aldolase_b_activity -	auto E1b: LoF of ALDOB (enzyme-deficiency IEM); resolved via UniProt->PR	plasma_transaminases	+	HP:0002910 Elevated circulating hepatic transaminase concentration	HP:0002910 Elevated circulating hepatic transaminase concentration	2026-02-16
ALDOB	aldolase_b_activity -	auto E1b: LoF of ALDOB (enzyme-deficiency IEM); resolved via UniProt->PR	plasma_urate	+	HP:0002149 Hyperuricemia	HP:0002149 Hyperuricemia	2026-02-16
ALDOB	aldolase_b_activity -	auto E1b: LoF of ALDOB (enzyme-deficiency IEM); resolved via UniProt->PR	urinary_phosphate	+	HP:0003109 Hyperphosphaturia	HP:0003109 Hyperphosphaturia	2026-02-16
ALDOB	aldolase_b_activity -	auto E1b: LoF of ALDOB (enzyme-deficiency IEM); resolved via UniProt->PR	urinary_urate	+	HP:0003149 Hyperuricosuria	HP:0003149 Hyperuricosuria	2026-02-16
ALPL	tissue_nonspecific_alp_activity -	auto E1b: LoF of ALPL (enzyme-deficiency IEM); resolved via UniProt->PR	alkaline_phosphatase	-	HP:0003282 Decreased circulating alkaline phosphatase activity	HP:0003282 Decreased circulating alkaline phosphatase activity	2026-02-16
ALPL	tissue_nonspecific_alp_activity -	auto E1b: LoF of ALPL (enzyme-deficiency IEM); resolved via UniProt->PR	plasma_calcium	+	HP:0003072 Hypercalcemia	HP:0003072 Hypercalcemia	2026-02-16
ALPL	tissue_nonspecific_alp_activity -	auto E1b: LoF of ALPL (enzyme-deficiency IEM); resolved via UniProt->PR	plasma_pyrophosphate	+	HP:0011864 Elevated plasma pyrophosphate	HP:0011864 Elevated plasma pyrophosphate	2026-02-16
ALPL	tissue_nonspecific_alp_activity -	auto E1b: LoF of ALPL (enzyme-deficiency IEM); resolved via UniProt->PR	urinary_calcium	+	HP:0002150 Hypercalciuria	HP:0002150 Hypercalciuria	2026-02-16
ALPL	tissue_nonspecific_alp_activity -	auto E1b: LoF of ALPL (enzyme-deficiency IEM); resolved via UniProt->PR	urinary_pyrophosphate	+	HP:0003491 Elevated urine pyrophosphate	HP:0003491 Elevated urine pyrophosphate	2026-02-16
AMACR	amacr_activity -	auto E1b: LoF of AMACR (enzyme-deficiency IEM); resolved via UniProt->PR	plasma_25oh_vitamin_d	-	HP:0012053 Decreased circulating calcifediol concentration	HP:0012053 Decreased circulating calcifediol concentration	2026-02-16
AMACR	amacr_activity -	auto E1b: LoF of AMACR (enzyme-deficiency IEM); resolved via UniProt->PR	plasma_ast	+	HP:0031956 Elevated circulating aspartate aminotransferase concentration	HP:0031956 Elevated circulating aspartate aminotransferase concentration	2026-02-16
AMACR	amacr_activity -	auto E1b: LoF of AMACR (enzyme-deficiency IEM); resolved via UniProt->PR	plasma_bile_acids	-	HP:0030985 Decreased serum bile acid concentration	HP:0030985 Decreased serum bile acid concentration	2026-02-16
AMACR	amacr_activity -	auto E1b: LoF of AMACR (enzyme-deficiency IEM); resolved via UniProt->PR	plasma_creatine_kinase	+	HP:0003236 Elevated circulating creatine kinase concentration	HP:0003236 Elevated circulating creatine kinase concentration	2026-02-16
AMACR	amacr_activity -	auto E1b: LoF of AMACR (enzyme-deficiency IEM); resolved via UniProt->PR	plasma_phytanic_acid	+	HP:0010571 Elevated circulating phytanic acid concentration	HP:0010571 Elevated circulating phytanic acid concentration	2026-02-16
AMACR	amacr_activity -	auto E1b: LoF of AMACR (enzyme-deficiency IEM); resolved via UniProt->PR	plasma_transaminases	+	HP:0002910 Elevated circulating hepatic transaminase concentration; HP:0031956 Elevated circulating aspartate aminotransferase concentration	HP:0002910 Elevated circulating hepatic transaminase concentration	2026-02-16
AMACR	amacr_activity -	auto E1b: LoF of AMACR (enzyme-deficiency IEM); resolved via UniProt->PR	plasma_vlcfa	+	HP:0033643 Increased circulating very long-chain fatty acid concentration	HP:0033643 Increased circulating very long-chain fatty acid concentration	2026-02-16
AMPD1	myoadenylate_deaminase_activity -	auto E1b: LoF of AMPD1 (enzyme-deficiency IEM); resolved via UniProt->PR	plasma_creatine_kinase	+	HP:0008331 Elevated creatine kinase after exercise	HP:0003236 Elevated circulating creatine kinase concentration; HP:0008331 Elevated creatine kinase after exercise	2026-02-16
AMPD1	myoadenylate_deaminase_activity -	auto E1b: LoF of AMPD1 (enzyme-deficiency IEM); resolved via UniProt->PR	plasma_lactate	+	HP:0002151 Increased circulating lactate concentration	HP:0002151 Increased circulating lactate concentration	2026-02-16
APRT	aprt_activity -	auto E1b: LoF of APRT (enzyme-deficiency IEM); resolved via UniProt->PR	mean_arterial_pressure	+	HP:0000822 Hypertension	HP:0000822 Hypertension	2026-02-16
APRT	aprt_activity -	auto E1b: LoF of APRT (enzyme-deficiency IEM); resolved via UniProt->PR	plasma_creatinine	+	HP:0003259 Elevated circulating creatinine concentration	HP:0003259 Elevated circulating creatinine concentration	2026-02-16
APRT	aprt_activity -	auto E1b: LoF of APRT (enzyme-deficiency IEM); resolved via UniProt->PR	urinary_2_8_dihydroxyadenine	+	HP:6000803 Elevated urinary 2,8-dihydroxyadenine level	HP:6000803 Elevated urinary 2,8-dihydroxyadenine level	2026-02-16
ARSA	arsa_activity -; arylsulfatase_a_activity -	auto E1b: LoF of ARSA (enzyme-deficiency IEM); resolved via UniProt->PR	csf_protein	+	HP:0002922 Increased CSF protein concentration	HP:0002922 Increased CSF protein concentration	2026-02-16
ARSA	arsa_activity -; arylsulfatase_a_activity -	auto E1b: LoF of ARSA (enzyme-deficiency IEM); resolved via UniProt->PR	mean_arterial_pressure	-	HP:0004926 Orthostatic hypotension due to autonomic dysfunction	HP:0002615 Hypotension	2026-02-16
ARSB	arylsulfatase_b_activity -	auto E1b: LoF of ARSB (enzyme-deficiency IEM); resolved via UniProt->PR	heart_rate	+	HP:0011703 Sinus tachycardia	HP:0001649 Tachycardia	2026-02-16
ARSB	arylsulfatase_b_activity -	auto E1b: LoF of ARSB (enzyme-deficiency IEM); resolved via UniProt->PR	pulmonary_artery_pressure	+	HP:0002092 Pulmonary arterial hypertension	HP:0004890 Elevated pulmonary artery pressure	2026-02-16
ASAH1	acid_ceramidase_activity -	auto E1b: LoF of ASAH1 (enzyme-deficiency IEM); resolved via UniProt->PR	plasma_creatine_kinase	+	HP:0003236 Elevated circulating creatine kinase concentration	HP:0003236 Elevated circulating creatine kinase concentration	2026-02-16
ASAH1	acid_ceramidase_activity -	auto E1b: LoF of ASAH1 (enzyme-deficiency IEM); resolved via UniProt->PR	plasma_transaminases	+	HP:0002910 Elevated circulating hepatic transaminase concentration	HP:0002910 Elevated circulating hepatic transaminase concentration	2026-02-16
ASL	asl_activity -	auto E1b: LoF of ASL (enzyme-deficiency IEM); resolved via UniProt->PR	csf_argininosuccinate	+	HP:0034734 Elevated CSF argininosuccinic acid concentration	HP:0034734 Elevated CSF argininosuccinic acid concentration	2026-02-16
ASL	asl_activity -	auto E1b: LoF of ASL (enzyme-deficiency IEM); resolved via UniProt->PR	mean_arterial_pressure	+	HP:0000822 Hypertension	HP:0000822 Hypertension	2026-02-16
ASL	asl_activity -	auto E1b: LoF of ASL (enzyme-deficiency IEM); resolved via UniProt->PR	plasma_ammonia	+	HP:0001987 Hyperammonemia	HP:0001987 Hyperammonemia	2026-02-16
ASL	asl_activity -	auto E1b: LoF of ASL (enzyme-deficiency IEM); resolved via UniProt->PR	plasma_arginine	-	HP:0005961 Hypoargininemia	HP:0005961 Hypoargininemia	2026-02-16
ASL	asl_activity -	auto E1b: LoF of ASL (enzyme-deficiency IEM); resolved via UniProt->PR	plasma_argininosuccinate	+	HP:0032491 Increased circulating argininosuccinic acid	HP:0032491 Increased circulating argininosuccinic acid	2026-02-16
ASL	asl_activity -	auto E1b: LoF of ASL (enzyme-deficiency IEM); resolved via UniProt->PR	plasma_ast	+	HP:0031956 Elevated circulating aspartate aminotransferase concentration	HP:0031956 Elevated circulating aspartate aminotransferase concentration	2026-02-16
ASL	asl_activity -	auto E1b: LoF of ASL (enzyme-deficiency IEM); resolved via UniProt->PR	plasma_citrulline	+	HP:0011966 Elevated plasma citrulline	HP:0011966 Elevated plasma citrulline	2026-02-16
ASL	asl_activity -	auto E1b: LoF of ASL (enzyme-deficiency IEM); resolved via UniProt->PR	plasma_glutamine	+	HP:0003217 Hyperglutaminemia	HP:0003217 Hyperglutaminemia	2026-02-16
ASL	asl_activity -	auto E1b: LoF of ASL (enzyme-deficiency IEM); resolved via UniProt->PR	plasma_potassium	-	HP:0002900 Hypokalemia	HP:0002900 Hypokalemia	2026-02-16
ASL	asl_activity -	auto E1b: LoF of ASL (enzyme-deficiency IEM); resolved via UniProt->PR	plasma_total_lipids	+	HP:0002155 Hypertriglyceridemia	HP:0003077 Hyperlipidemia	2026-02-16
ASL	asl_activity -	auto E1b: LoF of ASL (enzyme-deficiency IEM); resolved via UniProt->PR	plasma_transaminases	+	HP:0002910 Elevated circulating hepatic transaminase concentration; HP:0031956 Elevated circulating aspartate aminotransferase concentration	HP:0002910 Elevated circulating hepatic transaminase concentration	2026-02-16
ASL	asl_activity -	auto E1b: LoF of ASL (enzyme-deficiency IEM); resolved via UniProt->PR	plasma_triglycerides	+	HP:0002155 Hypertriglyceridemia	HP:0002155 Hypertriglyceridemia	2026-02-16
ASL	asl_activity -	auto E1b: LoF of ASL (enzyme-deficiency IEM); resolved via UniProt->PR	urinary_amino_acids	+	HP:0025630 Argininosuccinic aciduria	HP:0033097 Increased urine proteinogenic amino acid derivative level	2026-02-16
ASNS	asns_activity -	auto E1b: LoF of ASNS (enzyme-deficiency IEM); resolved via UniProt->PR	plasma_asparagine	-	HP:0500157 Hypoasparaginemia	HP:0500157 Hypoasparaginemia	2026-02-16
ATP7B	atp7b_activity -	Wilson disease	plasma_albumin	-	HP:0003073 Hypoalbuminemia	HP:0003073 Hypoalbuminemia	2026-02-16
ATP7B	atp7b_activity -	Wilson disease	plasma_alt	+	HP:0031964 Elevated circulating alanine aminotransferase concentration	HP:0031964 Elevated circulating alanine aminotransferase concentration	2026-02-16
ATP7B	atp7b_activity -	Wilson disease	plasma_ast	+	HP:0031956 Elevated circulating aspartate aminotransferase concentration	HP:0031956 Elevated circulating aspartate aminotransferase concentration	2026-02-16
ATP7B	atp7b_activity -	Wilson disease	plasma_ceruloplasmin	-	HP:0010837 Decreased circulating ceruloplasmin concentration	HP:0010837 Decreased circulating ceruloplasmin concentration	2026-02-16
ATP7B	atp7b_activity -	Wilson disease	plasma_copper	+	HP:0032254 Increased circulating copper concentration	HP:0032254 Increased circulating copper concentration	2026-02-16
ATP7B	atp7b_activity -	Wilson disease	plasma_nonceruloplasmin_copper	+	HP:0010838 High nonceruloplasmin-bound serum copper	HP:0010838 High nonceruloplasmin-bound serum copper	2026-02-16
ATP7B	atp7b_activity -	Wilson disease	plasma_transaminases	+	HP:0002910 Elevated circulating hepatic transaminase concentration; HP:0031956 Elevated circulating aspartate aminotransferase concentration; HP:0031964 Elevated circulating alanine aminotransferase concentration	HP:0002910 Elevated circulating hepatic transaminase concentration	2026-02-16
ATP7B	atp7b_activity -	Wilson disease	plasma_urate	-	HP:0003537 Hypouricemia	HP:0003537 Hypouricemia	2026-02-16
ATP7B	atp7b_activity -	Wilson disease	urinary_calcium	+	HP:0002150 Hypercalciuria	HP:0002150 Hypercalciuria	2026-02-16
ATP7B	atp7b_activity -	Wilson disease	urinary_copper	+	HP:0010839 Increased urinary copper concentration	HP:0010839 Increased urinary copper concentration	2026-02-16
ATP7B	atp7b_activity -	Wilson disease	urinary_phosphate	+	HP:0003109 Hyperphosphaturia	HP:0003109 Hyperphosphaturia	2026-02-16
AVP	adh -	central diabetes insipidus -> ADH deficiency	plasma_osteocalcin	-	HP:0031429 Decreased circulating osteocalcin level	HP:0031429 Decreased circulating osteocalcin level	2026-02-16
BCKDHA	bckdh_activity -	auto E1b: LoF of BCKDHA (enzyme-deficiency IEM); resolved via UniProt->PR	bckdh_enzyme_activity	-	HP:4000207 Reduced branched-chain alpha-keto acid dehydrogenase activity in cultured fibroblasts	HP:4000207 Reduced branched-chain alpha-keto acid dehydrogenase activity in cultured fibroblasts	2026-02-16
BCKDHA	bckdh_activity -	auto E1b: LoF of BCKDHA (enzyme-deficiency IEM); resolved via UniProt->PR	plasma_alloisoleucine	+	HP:0033155 Elevated circulating L-alloisoleucine concentration	HP:0033155 Elevated circulating L-alloisoleucine concentration	2026-02-16
BCKDHA	bckdh_activity -	auto E1b: LoF of BCKDHA (enzyme-deficiency IEM); resolved via UniProt->PR	plasma_branched_chain_amino_acids	+	HP:0008344 Elevated circulating branched chain amino acid concentration	HP:0008344 Elevated circulating branched chain amino acid concentration	2026-02-16
BCKDHA	bckdh_activity -	auto E1b: LoF of BCKDHA (enzyme-deficiency IEM); resolved via UniProt->PR	plasma_glucose	-	HP:0001943 Hypoglycemia	HP:0001943 Hypoglycemia	2026-02-16
BCKDHA	bckdh_activity -	auto E1b: LoF of BCKDHA (enzyme-deficiency IEM); resolved via UniProt->PR	plasma_ketone_bodies	+	HP:0001946 Ketosis	HP:0001946 Ketosis	2026-02-16
BCKDHA	bckdh_activity -	auto E1b: LoF of BCKDHA (enzyme-deficiency IEM); resolved via UniProt->PR	plasma_lactate	+	HP:0003128 Lactic acidosis	HP:0003128 Lactic acidosis	2026-02-16
BCKDHA	bckdh_activity -	auto E1b: LoF of BCKDHA (enzyme-deficiency IEM); resolved via UniProt->PR	urinary_hippuric_acid	+	HP:0410066 Increased level of hippuric acid in urine	HP:0410066 Increased level of hippuric acid in urine	2026-02-16
BCKDHA	bckdh_activity -	auto E1b: LoF of BCKDHA (enzyme-deficiency IEM); resolved via UniProt->PR	urinary_ketoacids	+	HP:6000124 Positive 2,4-dinitrophenylhydrazine urine test	HP:0033456 Elevated urine keto acid level	2026-02-16
BCKDHA	bckdh_activity -	auto E1b: LoF of BCKDHA (enzyme-deficiency IEM); resolved via UniProt->PR	urinary_organic_acids	+	HP:6000124 Positive 2,4-dinitrophenylhydrazine urine test	HP:0033303 Elevated urinary monocarboxylic acid level; HP:0040156 Elevated urinary carboxylic acid	2026-02-16
BCO1	bco1_activity -	auto E1b: LoF of BCO1 (enzyme-deficiency IEM); resolved via UniProt->PR	plasma_beta_carotene	+	HP:0430074 Increased circulating beta-carotene concentration	HP:0430074 Increased circulating beta-carotene concentration	2026-02-16
BTD	biotinidase_activity -	auto E1b: LoF of BTD (enzyme-deficiency IEM); resolved via UniProt->PR	plasma_ammonia	+	HP:0001987 Hyperammonemia	HP:0001987 Hyperammonemia	2026-02-16
BTD	biotinidase_activity -	auto E1b: LoF of BTD (enzyme-deficiency IEM); resolved via UniProt->PR	plasma_ketone_bodies	+	HP:0005979 Metabolic ketoacidosis	HP:0001946 Ketosis	2026-02-16
CA2	carbonic_anhydrase_ii_activity -	auto E1b: LoF of CA2 (enzyme-deficiency IEM); resolved via UniProt->PR	plasma_acid_phosphatase	+	HP:0003148 Elevated serum acid phosphatase	HP:0003148 Elevated serum acid phosphatase	2026-02-16
CA2	carbonic_anhydrase_ii_activity -	auto E1b: LoF of CA2 (enzyme-deficiency IEM); resolved via UniProt->PR	plasma_calcium	-	HP:0002901 Hypocalcemia	HP:0002901 Hypocalcemia	2026-02-16
CA2	carbonic_anhydrase_ii_activity -	auto E1b: LoF of CA2 (enzyme-deficiency IEM); resolved via UniProt->PR	plasma_creatine_kinase	+	HP:0003236 Elevated circulating creatine kinase concentration	HP:0003236 Elevated circulating creatine kinase concentration	2026-02-16
CA2	carbonic_anhydrase_ii_activity -	auto E1b: LoF of CA2 (enzyme-deficiency IEM); resolved via UniProt->PR	pulmonary_artery_pressure	+	HP:0002092 Pulmonary arterial hypertension	HP:0004890 Elevated pulmonary artery pressure	2026-02-16
CBS	cbs_enzyme_activity -	classic homocystinuria	mean_arterial_pressure	+	HP:0000822 Hypertension	HP:0000822 Hypertension	2026-02-16
CBS	cbs_enzyme_activity -	classic homocystinuria	plasma_homocysteine	+	HP:0002160 Hyperhomocystinemia	HP:0002160 Hyperhomocystinemia	2026-02-16
CBS	cbs_enzyme_activity -	classic homocystinuria	plasma_methionine	+	HP:0003235 Hypermethioninemia	HP:0003235 Hypermethioninemia	2026-02-16
CBS	cbs_enzyme_activity -	classic homocystinuria	plasma_transaminases	+	HP:0002910 Elevated circulating hepatic transaminase concentration	HP:0002910 Elevated circulating hepatic transaminase concentration	2026-02-16
CBS	cbs_enzyme_activity -	classic homocystinuria	urinary_amino_acids	+	HP:0002156 Homocystinuria; HP:0032352 Methioninuria	HP:0033095 Increased sulfur amino acid level in urine; HP:0033100 Increased proteinogenic amino acid level in urine	2026-02-16
CFTR	cftr_activity -	auto E1b: LoF of CFTR (enzyme-deficiency IEM); resolved via UniProt->PR	plasma_transaminases	+	HP:0002910 Elevated circulating hepatic transaminase concentration	HP:0002910 Elevated circulating hepatic transaminase concentration	2026-02-16
CFTR	cftr_activity -	auto E1b: LoF of CFTR (enzyme-deficiency IEM); resolved via UniProt->PR	sweat_chloride	+	HP:0012236 Elevated sweat chloride	HP:0012236 Elevated sweat chloride	2026-02-16
CFTR	cftr_activity -	auto E1b: LoF of CFTR (enzyme-deficiency IEM); resolved via UniProt->PR	urinary_calcium	+	HP:0002150 Hypercalciuria	HP:0002150 Hypercalciuria	2026-02-16
COMT	comt_activity -	auto E1b: LoF of COMT (enzyme-deficiency IEM); resolved via UniProt->PR	mean_arterial_pressure	+	HP:0100735 Hypertensive crisis	HP:0000822 Hypertension	2026-02-16
COMT	comt_activity -	auto E1b: LoF of COMT (enzyme-deficiency IEM); resolved via UniProt->PR	plasma_calcium	-	HP:0002901 Hypocalcemia	HP:0002901 Hypocalcemia	2026-02-16
COQ2	coq2_activity -	auto E1b: LoF of COQ2 (enzyme-deficiency IEM); resolved via UniProt->PR	mean_arterial_pressure	-	HP:0001278 Orthostatic hypotension; HP:0004926 Orthostatic hypotension due to autonomic dysfunction	HP:0002615 Hypotension	2026-02-16
COQ2	coq2_activity -	auto E1b: LoF of COQ2 (enzyme-deficiency IEM); resolved via UniProt->PR	muscle_coenzyme_q10	-	HP:0034369 Decreased level of coenzyme Q10 in skeletal muscle	HP:0034369 Decreased level of coenzyme Q10 in skeletal muscle	2026-02-16
COQ2	coq2_activity -	auto E1b: LoF of COQ2 (enzyme-deficiency IEM); resolved via UniProt->PR	plasma_creatine_kinase	+	HP:0003236 Elevated circulating creatine kinase concentration	HP:0003236 Elevated circulating creatine kinase concentration	2026-02-16
COQ2	coq2_activity -	auto E1b: LoF of COQ2 (enzyme-deficiency IEM); resolved via UniProt->PR	plasma_lactate	+	HP:0003128 Lactic acidosis	HP:0003128 Lactic acidosis	2026-02-16
CPOX	coproporphyrinogen_oxidase_activity -	auto E1b: LoF of CPOX (enzyme-deficiency IEM); resolved via UniProt->PR	fecal_coproporphyrin	+	HP:0033010 Increased fecal coproporphyrin 3	HP:0033010 Increased fecal coproporphyrin 3	2026-02-16
CPOX	coproporphyrinogen_oxidase_activity -	auto E1b: LoF of CPOX (enzyme-deficiency IEM); resolved via UniProt->PR	ferritin_stores	+	HP:0003281 Increased circulating ferritin concentration	HP:0003281 Increased circulating ferritin concentration	2026-02-16
CPOX	coproporphyrinogen_oxidase_activity -	auto E1b: LoF of CPOX (enzyme-deficiency IEM); resolved via UniProt->PR	heart_rate	+	HP:0001649 Tachycardia	HP:0001649 Tachycardia	2026-02-16
CPOX	coproporphyrinogen_oxidase_activity -	auto E1b: LoF of CPOX (enzyme-deficiency IEM); resolved via UniProt->PR	mean_arterial_pressure	+	HP:0000822 Hypertension	HP:0000822 Hypertension	2026-02-16
CPOX	coproporphyrinogen_oxidase_activity -	auto E1b: LoF of CPOX (enzyme-deficiency IEM); resolved via UniProt->PR	plasma_heptacarboxylporphyrin	+	HP:6000698 Elevated circulating heptacarboxylporphyrin concentration	HP:6000698 Elevated circulating heptacarboxylporphyrin concentration	2026-02-16
CPOX	coproporphyrinogen_oxidase_activity -	auto E1b: LoF of CPOX (enzyme-deficiency IEM); resolved via UniProt->PR	plasma_porphyrin	+	HP:6000698 Elevated circulating heptacarboxylporphyrin concentration	HP:0034606 Elevated circulating porphyrin concentration	2026-02-16
CPOX	coproporphyrinogen_oxidase_activity -	auto E1b: LoF of CPOX (enzyme-deficiency IEM); resolved via UniProt->PR	plasma_sodium_concentration	-	HP:0002902 Hyponatremia	HP:0002902 Hyponatremia	2026-02-16
CPOX	coproporphyrinogen_oxidase_activity -	auto E1b: LoF of CPOX (enzyme-deficiency IEM); resolved via UniProt->PR	urinary_ala	+	HP:0003163 Elevated urinary delta-aminolevulinic acid	HP:0003163 Elevated urinary delta-aminolevulinic acid	2026-02-16
CPOX	coproporphyrinogen_oxidase_activity -	auto E1b: LoF of CPOX (enzyme-deficiency IEM); resolved via UniProt->PR	urinary_coproporphyrin	+	HP:6000536 Elevated urinary coproporphyrin level	HP:6000536 Elevated urinary coproporphyrin level	2026-02-16
CPOX	coproporphyrinogen_oxidase_activity -	auto E1b: LoF of CPOX (enzyme-deficiency IEM); resolved via UniProt->PR	urinary_organic_acids	+	HP:0012217 Increased urinary porphobilinogen	HP:0040156 Elevated urinary carboxylic acid	2026-02-16
CPOX	coproporphyrinogen_oxidase_activity -	auto E1b: LoF of CPOX (enzyme-deficiency IEM); resolved via UniProt->PR	urinary_porphobilinogen	+	HP:0012217 Increased urinary porphobilinogen	HP:0012217 Increased urinary porphobilinogen	2026-02-16
CPOX	coproporphyrinogen_oxidase_activity -	auto E1b: LoF of CPOX (enzyme-deficiency IEM); resolved via UniProt->PR	urinary_porphyrin	+	HP:6000536 Elevated urinary coproporphyrin level	HP:6000535 Elevated urinary porphyrin level	2026-02-16
CPT1A	cpt1_activity -	auto E1b: LoF of CPT1A (enzyme-deficiency IEM); resolved via UniProt->PR	plasma_alt	+	HP:0031964 Elevated circulating alanine aminotransferase concentration	HP:0031964 Elevated circulating alanine aminotransferase concentration	2026-02-16
CPT1A	cpt1_activity -	auto E1b: LoF of CPT1A (enzyme-deficiency IEM); resolved via UniProt->PR	plasma_ammonia	+	HP:0001987 Hyperammonemia	HP:0001987 Hyperammonemia	2026-02-16
CPT1A	cpt1_activity -	auto E1b: LoF of CPT1A (enzyme-deficiency IEM); resolved via UniProt->PR	plasma_ast	+	HP:0031956 Elevated circulating aspartate aminotransferase concentration	HP:0031956 Elevated circulating aspartate aminotransferase concentration	2026-02-16
CPT1A	cpt1_activity -	auto E1b: LoF of CPT1A (enzyme-deficiency IEM); resolved via UniProt->PR	plasma_creatine_kinase	+	HP:0003236 Elevated circulating creatine kinase concentration	HP:0003236 Elevated circulating creatine kinase concentration	2026-02-16
CPT1A	cpt1_activity -	auto E1b: LoF of CPT1A (enzyme-deficiency IEM); resolved via UniProt->PR	plasma_glucose	-	HP:0001943 Hypoglycemia; HP:0001985 Hypoketotic hypoglycemia	HP:0001943 Hypoglycemia	2026-02-16
CPT1A	cpt1_activity -	auto E1b: LoF of CPT1A (enzyme-deficiency IEM); resolved via UniProt->PR	plasma_total_lipids	+	HP:0008279 Transient hyperlipidemia	HP:0003077 Hyperlipidemia	2026-02-16
CPT1A	cpt1_activity -	auto E1b: LoF of CPT1A (enzyme-deficiency IEM); resolved via UniProt->PR	plasma_transaminases	+	HP:0002910 Elevated circulating hepatic transaminase concentration; HP:0031956 Elevated circulating aspartate aminotransferase concentration; HP:0031964 Elevated circulating alanine aminotransferase concentration	HP:0002910 Elevated circulating hepatic transaminase concentration	2026-02-16
CPT1A	cpt1_activity -	auto E1b: LoF of CPT1A (enzyme-deficiency IEM); resolved via UniProt->PR	urinary_organic_acids	+	HP:0003215 Dicarboxylic aciduria	HP:0040156 Elevated urinary carboxylic acid	2026-02-16
CPT2	cpt2_activity -	auto E1b: LoF of CPT2 (enzyme-deficiency IEM); resolved via UniProt->PR	heart_rate	+	HP:0004756 Ventricular tachycardia	HP:0001649 Tachycardia	2026-02-16
CPT2	cpt2_activity -	auto E1b: LoF of CPT2 (enzyme-deficiency IEM); resolved via UniProt->PR	plasma_acylcarnitine	+	HP:0045045 Elevated circulating acylcarnitine concentration	HP:0045045 Elevated circulating acylcarnitine concentration	2026-02-16
CPT2	cpt2_activity -	auto E1b: LoF of CPT2 (enzyme-deficiency IEM); resolved via UniProt->PR	plasma_alt	+	HP:0031964 Elevated circulating alanine aminotransferase concentration	HP:0031964 Elevated circulating alanine aminotransferase concentration	2026-02-16
CPT2	cpt2_activity -	auto E1b: LoF of CPT2 (enzyme-deficiency IEM); resolved via UniProt->PR	plasma_ammonia	+	HP:0001987 Hyperammonemia	HP:0001987 Hyperammonemia	2026-02-16
CPT2	cpt2_activity -	auto E1b: LoF of CPT2 (enzyme-deficiency IEM); resolved via UniProt->PR	plasma_ast	+	HP:0031956 Elevated circulating aspartate aminotransferase concentration	HP:0031956 Elevated circulating aspartate aminotransferase concentration	2026-02-16
CPT2	cpt2_activity -	auto E1b: LoF of CPT2 (enzyme-deficiency IEM); resolved via UniProt->PR	plasma_bicarbonate	-	HP:0032066 Decreased serum bicarbonate concentration	HP:0032066 Decreased serum bicarbonate concentration	2026-02-16
CPT2	cpt2_activity -	auto E1b: LoF of CPT2 (enzyme-deficiency IEM); resolved via UniProt->PR	plasma_carnitine	-	HP:0008315 Decreased plasma free carnitine; HP:0011936 Decreased plasma total carnitine	HP:0003234 Decreased circulating carnitine concentration; HP:0011936 Decreased plasma total carnitine	2026-02-16
CPT2	cpt2_activity -	auto E1b: LoF of CPT2 (enzyme-deficiency IEM); resolved via UniProt->PR	plasma_creatine_kinase	+	HP:0003236 Elevated circulating creatine kinase concentration	HP:0003236 Elevated circulating creatine kinase concentration	2026-02-16
CPT2	cpt2_activity -	auto E1b: LoF of CPT2 (enzyme-deficiency IEM); resolved via UniProt->PR	plasma_creatinine	+	HP:0003259 Elevated circulating creatinine concentration	HP:0003259 Elevated circulating creatinine concentration	2026-02-16
CPT2	cpt2_activity -	auto E1b: LoF of CPT2 (enzyme-deficiency IEM); resolved via UniProt->PR	plasma_free_carnitine	-	HP:0008315 Decreased plasma free carnitine	HP:0008315 Decreased plasma free carnitine	2026-02-16
CPT2	cpt2_activity -	auto E1b: LoF of CPT2 (enzyme-deficiency IEM); resolved via UniProt->PR	plasma_glucose	-	HP:0001943 Hypoglycemia; HP:0001958 Nonketotic hypoglycemia; HP:0001985 Hypoketotic hypoglycemia	HP:0001943 Hypoglycemia	2026-02-16
CPT2	cpt2_activity -	auto E1b: LoF of CPT2 (enzyme-deficiency IEM); resolved via UniProt->PR	plasma_ldh	+	HP:0025435 Increased circulating lactate dehydrogenase concentration	HP:0025435 Increased circulating lactate dehydrogenase concentration	2026-02-16
CPT2	cpt2_activity -	auto E1b: LoF of CPT2 (enzyme-deficiency IEM); resolved via UniProt->PR	plasma_long_chain_fatty_acid	+	HP:0003455 Elevated circulating long chain fatty acid concentration	HP:0003455 Elevated circulating long chain fatty acid concentration	2026-02-16
CPT2	cpt2_activity -	auto E1b: LoF of CPT2 (enzyme-deficiency IEM); resolved via UniProt->PR	plasma_total_lipids	+	HP:0003077 Hyperlipidemia	HP:0003077 Hyperlipidemia	2026-02-16
CPT2	cpt2_activity -	auto E1b: LoF of CPT2 (enzyme-deficiency IEM); resolved via UniProt->PR	plasma_transaminases	+	HP:0002910 Elevated circulating hepatic transaminase concentration; HP:0031956 Elevated circulating aspartate aminotransferase concentration; HP:0031964 Elevated circulating alanine aminotransferase concentration	HP:0002910 Elevated circulating hepatic transaminase concentration	2026-02-16
CPT2	cpt2_activity -	auto E1b: LoF of CPT2 (enzyme-deficiency IEM); resolved via UniProt->PR	urinary_organic_acids	+	HP:0003215 Dicarboxylic aciduria; HP:0008293 Long-chain dicarboxylic aciduria	HP:0040156 Elevated urinary carboxylic acid	2026-02-16
CTNS	cystinosin_activity -; cystinosin_transport_activity -	auto E1b: LoF of CTNS (enzyme-deficiency IEM); resolved via UniProt->PR	alkaline_phosphatase	+	HP:0010639 Elevated alkaline phosphatase of bone origin	HP:0003155 Elevated circulating alkaline phosphatase concentration; HP:0010679 Elevated tissue non-specific alkaline phosphatase	2026-02-16
CTNS	cystinosin_activity -; cystinosin_transport_activity -	auto E1b: LoF of CTNS (enzyme-deficiency IEM); resolved via UniProt->PR	blood_urea_nitrogen	-	HP:0031969 Reduced blood urea nitrogen	HP:0031969 Reduced blood urea nitrogen	2026-02-16
CTNS	cystinosin_activity -; cystinosin_transport_activity -	auto E1b: LoF of CTNS (enzyme-deficiency IEM); resolved via UniProt->PR	intracellular_cystine	+	HP:0003358 Elevated intracellular cystine; HP:0032639 Elevated leukocyte cystine	HP:0003358 Elevated intracellular cystine	2026-02-16
CTNS	cystinosin_activity -; cystinosin_transport_activity -	auto E1b: LoF of CTNS (enzyme-deficiency IEM); resolved via UniProt->PR	leukocyte_cystine	+	HP:0032639 Elevated leukocyte cystine	HP:0032639 Elevated leukocyte cystine	2026-02-16
CTNS	cystinosin_activity -; cystinosin_transport_activity -	auto E1b: LoF of CTNS (enzyme-deficiency IEM); resolved via UniProt->PR	plasma_calcium	-	HP:0002901 Hypocalcemia; HP:0003472 Hypocalcemic tetany	HP:0002901 Hypocalcemia	2026-02-16
CTNS	cystinosin_activity -; cystinosin_transport_activity -	auto E1b: LoF of CTNS (enzyme-deficiency IEM); resolved via UniProt->PR	plasma_carnitine	-	HP:0003234 Decreased circulating carnitine concentration	HP:0003234 Decreased circulating carnitine concentration	2026-02-16
CTNS	cystinosin_activity -; cystinosin_transport_activity -	auto E1b: LoF of CTNS (enzyme-deficiency IEM); resolved via UniProt->PR	plasma_chloride	+	HP:0004918 Hyperchloremic metabolic acidosis	HP:0001995 Hyperchloremic acidosis; HP:0004918 Hyperchloremic metabolic acidosis	2026-02-16
CTNS	cystinosin_activity -; cystinosin_transport_activity -	auto E1b: LoF of CTNS (enzyme-deficiency IEM); resolved via UniProt->PR	plasma_creatinine	+	HP:0003259 Elevated circulating creatinine concentration	HP:0003259 Elevated circulating creatinine concentration	2026-02-16
CTNS	cystinosin_activity -; cystinosin_transport_activity -	auto E1b: LoF of CTNS (enzyme-deficiency IEM); resolved via UniProt->PR	plasma_magnesium	-	HP:0002917 Hypomagnesemia	HP:0002917 Hypomagnesemia	2026-02-16
CTNS	cystinosin_activity -; cystinosin_transport_activity -	auto E1b: LoF of CTNS (enzyme-deficiency IEM); resolved via UniProt->PR	plasma_phosphate	-	HP:0002148 Hypophosphatemia; HP:0004912 Hypophosphatemic rickets	HP:0002148 Hypophosphatemia	2026-02-16
CTNS	cystinosin_activity -; cystinosin_transport_activity -	auto E1b: LoF of CTNS (enzyme-deficiency IEM); resolved via UniProt->PR	plasma_potassium	-	HP:0002900 Hypokalemia	HP:0002900 Hypokalemia	2026-02-16
CTNS	cystinosin_activity -; cystinosin_transport_activity -	auto E1b: LoF of CTNS (enzyme-deficiency IEM); resolved via UniProt->PR	plasma_sodium_concentration	-	HP:0002902 Hyponatremia	HP:0002902 Hyponatremia	2026-02-16
CTNS	cystinosin_activity -; cystinosin_transport_activity -	auto E1b: LoF of CTNS (enzyme-deficiency IEM); resolved via UniProt->PR	plasma_urate	-	HP:0003537 Hypouricemia	HP:0003537 Hypouricemia	2026-02-16
CTNS	cystinosin_activity -; cystinosin_transport_activity -	auto E1b: LoF of CTNS (enzyme-deficiency IEM); resolved via UniProt->PR	urinary_phosphate	+	HP:0003109 Hyperphosphaturia	HP:0003109 Hyperphosphaturia	2026-02-16
CYP11B2	aldosterone +	aldosterone synthase / GRA -> aldosterone excess	plasma_18_hydroxycortisone	+	HP:0020200 Increased circulating 18-hydroxycortisone level	HP:0020200 Increased circulating 18-hydroxycortisone level	2026-02-16
CYP11B2	aldosterone +	aldosterone synthase / GRA -> aldosterone excess	plasma_corticosterone	+	HP:0032362 Increased circulating corticosterone level	HP:0032362 Increased circulating corticosterone level	2026-02-16
CYP11B2	aldosterone +	aldosterone synthase / GRA -> aldosterone excess	plasma_sodium_concentration	-	HP:0002902 Hyponatremia	HP:0002902 Hyponatremia	2026-02-16
CYP11B2	aldosterone +	aldosterone synthase / GRA -> aldosterone excess	renin	+	HP:0000848 Increased circulating renin concentration	HP:0000848 Increased circulating renin concentration	2026-02-16
CYP17A1	cyp17a1_activity -	auto E1b: LoF of CYP17A1 (enzyme-deficiency IEM); resolved via UniProt->PR	aldosterone	-	HP:0004319 Decreased circulating aldosterone concentration	HP:0004319 Decreased circulating aldosterone concentration	2026-02-16
CYP17A1	cyp17a1_activity -	auto E1b: LoF of CYP17A1 (enzyme-deficiency IEM); resolved via UniProt->PR	cortisol	-	HP:0008163 Decreased circulating cortisol level	HP:0008163 Decreased circulating cortisol level	2026-02-16
CYP17A1	cyp17a1_activity -	auto E1b: LoF of CYP17A1 (enzyme-deficiency IEM); resolved via UniProt->PR	estradiol	-	HP:0008214 Decreased serum estradiol	HP:0008214 Decreased serum estradiol	2026-02-16
CYP17A1	cyp17a1_activity -	auto E1b: LoF of CYP17A1 (enzyme-deficiency IEM); resolved via UniProt->PR	fsh	+	HP:0008232 Elevated circulating follicle stimulating hormone level	HP:0008232 Elevated circulating follicle stimulating hormone level	2026-02-16
CYP17A1	cyp17a1_activity -	auto E1b: LoF of CYP17A1 (enzyme-deficiency IEM); resolved via UniProt->PR	lh	+	HP:0011969 Elevated circulating luteinizing hormone level	HP:0011969 Elevated circulating luteinizing hormone level	2026-02-16
CYP17A1	cyp17a1_activity -	auto E1b: LoF of CYP17A1 (enzyme-deficiency IEM); resolved via UniProt->PR	mean_arterial_pressure	+	HP:0000822 Hypertension	HP:0000822 Hypertension	2026-02-16
CYP17A1	cyp17a1_activity -	auto E1b: LoF of CYP17A1 (enzyme-deficiency IEM); resolved via UniProt->PR	plasma_androgen	-	HP:0030349 Decreased circulating androgen concentration; HP:0040171 Decreased serum testosterone concentration	HP:0030349 Decreased circulating androgen concentration	2026-02-16
CYP17A1	cyp17a1_activity -	auto E1b: LoF of CYP17A1 (enzyme-deficiency IEM); resolved via UniProt->PR	plasma_corticosterone	+	HP:0032362 Increased circulating corticosterone level	HP:0032362 Increased circulating corticosterone level	2026-02-16
CYP17A1	cyp17a1_activity -	auto E1b: LoF of CYP17A1 (enzyme-deficiency IEM); resolved via UniProt->PR	plasma_potassium	-	HP:0001949 Hypokalemic alkalosis; HP:0002900 Hypokalemia	HP:0001949 Hypokalemic alkalosis; HP:0002900 Hypokalemia	2026-02-16
CYP17A1	cyp17a1_activity -	auto E1b: LoF of CYP17A1 (enzyme-deficiency IEM); resolved via UniProt->PR	progesterone	+	HP:0031216 Increased circulating progesterone	HP:0031216 Increased circulating progesterone	2026-02-16
CYP17A1	cyp17a1_activity -	auto E1b: LoF of CYP17A1 (enzyme-deficiency IEM); resolved via UniProt->PR	renin	-	HP:0003351 Decreased circulating renin concentration	HP:0003351 Decreased circulating renin concentration	2026-02-16
CYP17A1	cyp17a1_activity -	auto E1b: LoF of CYP17A1 (enzyme-deficiency IEM); resolved via UniProt->PR	testosterone	-	HP:0040171 Decreased serum testosterone concentration	HP:0040171 Decreased serum testosterone concentration	2026-02-16
CYP19A1	aromatase_activity -	auto E1b: LoF of CYP19A1 (enzyme-deficiency IEM); resolved via UniProt->PR	estradiol	+	HP:0025134 Increased serum estradiol	HP:0025134 Increased serum estradiol	2026-02-16
CYP19A1	aromatase_activity -	auto E1b: LoF of CYP19A1 (enzyme-deficiency IEM); resolved via UniProt->PR	fsh	-	HP:0030341 Decreased circulating follicle stimulating hormone concentration	HP:0030341 Decreased circulating follicle stimulating hormone concentration	2026-02-16
CYP19A1	aromatase_activity -	auto E1b: LoF of CYP19A1 (enzyme-deficiency IEM); resolved via UniProt->PR	plasma_androgen	-	HP:0040171 Decreased serum testosterone concentration	HP:0030349 Decreased circulating androgen concentration	2026-02-16
CYP19A1	aromatase_activity -	auto E1b: LoF of CYP19A1 (enzyme-deficiency IEM); resolved via UniProt->PR	plasma_estrone	+	HP:0025139 Increased serum estrone	HP:0025139 Increased serum estrone	2026-02-16
CYP19A1	aromatase_activity -	auto E1b: LoF of CYP19A1 (enzyme-deficiency IEM); resolved via UniProt->PR	plasma_total_lipids	+	HP:0003077 Hyperlipidemia	HP:0003077 Hyperlipidemia	2026-02-16
CYP19A1	aromatase_activity -	auto E1b: LoF of CYP19A1 (enzyme-deficiency IEM); resolved via UniProt->PR	testosterone	-	HP:0040171 Decreased serum testosterone concentration	HP:0040171 Decreased serum testosterone concentration	2026-02-16
CYP21A2	cortisol -	21-hydroxylase deficiency -> cortisol (and aldosterone) deficiency	mean_arterial_pressure	+	HP:0000822 Hypertension	HP:0000822 Hypertension	2026-02-16
CYP21A2	cortisol -	21-hydroxylase deficiency -> cortisol (and aldosterone) deficiency	plasma_glucose	-	HP:0001943 Hypoglycemia	HP:0001943 Hypoglycemia	2026-02-16
CYP7A1	cyp7a1_activity -	auto E1b: LoF of CYP7A1 (enzyme-deficiency IEM); resolved via UniProt->PR	ldl_cholesterol	+	HP:0003124 Hypercholesterolemia; HP:0003141 Increased LDL cholesterol concentration	HP:0003124 Hypercholesterolemia; HP:0003141 Increased LDL cholesterol concentration	2026-02-16
CYP7A1	cyp7a1_activity -	auto E1b: LoF of CYP7A1 (enzyme-deficiency IEM); resolved via UniProt->PR	plasma_lipoprotein	+	HP:0003141 Increased LDL cholesterol concentration	HP:0010980 Hyperlipoproteinemia	2026-02-16
CYP7A1	cyp7a1_activity -	auto E1b: LoF of CYP7A1 (enzyme-deficiency IEM); resolved via UniProt->PR	plasma_total_lipids	+	HP:0002155 Hypertriglyceridemia	HP:0003077 Hyperlipidemia	2026-02-16
CYP7A1	cyp7a1_activity -	auto E1b: LoF of CYP7A1 (enzyme-deficiency IEM); resolved via UniProt->PR	plasma_triglycerides	+	HP:0002155 Hypertriglyceridemia	HP:0002155 Hypertriglyceridemia	2026-02-16
D2HGDH	d2hgdh_activity -	auto E1b: LoF of D2HGDH (enzyme-deficiency IEM); resolved via UniProt->PR	csf_2_hydroxyglutarate	+	HP:6000246 Elevated CSF D-2-hydroxyglutaric acid concentration	HP:6000246 Elevated CSF D-2-hydroxyglutaric acid concentration	2026-02-16
D2HGDH	d2hgdh_activity -	auto E1b: LoF of D2HGDH (enzyme-deficiency IEM); resolved via UniProt->PR	urinary_organic_acids	+	HP:0003150 Glutaric aciduria; HP:0012321 D-2-hydroxyglutaric aciduria	HP:0040156 Elevated urinary carboxylic acid	2026-02-16
DBH	dbh_activity -	auto E1b: LoF of DBH (enzyme-deficiency IEM); resolved via UniProt->PR	blood_urea_nitrogen	+	HP:0003138 Increased blood urea nitrogen	HP:0003138 Increased blood urea nitrogen	2026-02-16
DBH	dbh_activity -	auto E1b: LoF of DBH (enzyme-deficiency IEM); resolved via UniProt->PR	core_temperature	-	HP:0002045 Hypothermia; HP:0005964 Intermittent hypothermia	HP:0002045 Hypothermia	2026-02-16
DBH	dbh_activity -	auto E1b: LoF of DBH (enzyme-deficiency IEM); resolved via UniProt->PR	mean_arterial_pressure	-	HP:0001278 Orthostatic hypotension	HP:0002615 Hypotension	2026-02-16
DBH	dbh_activity -	auto E1b: LoF of DBH (enzyme-deficiency IEM); resolved via UniProt->PR	plasma_creatinine	+	HP:0003259 Elevated circulating creatinine concentration	HP:0003259 Elevated circulating creatinine concentration	2026-02-16
DBH	dbh_activity -	auto E1b: LoF of DBH (enzyme-deficiency IEM); resolved via UniProt->PR	plasma_dopac	+	HP:6000234 Elevated circulating dihydroxyphenylacetic acid concentration	HP:6000234 Elevated circulating dihydroxyphenylacetic acid concentration	2026-02-16
DBH	dbh_activity -	auto E1b: LoF of DBH (enzyme-deficiency IEM); resolved via UniProt->PR	plasma_glucose	-	HP:0001943 Hypoglycemia; HP:0001998 Neonatal hypoglycemia	HP:0001943 Hypoglycemia	2026-02-16
DBH	dbh_activity -	auto E1b: LoF of DBH (enzyme-deficiency IEM); resolved via UniProt->PR	plasma_insulin	+	HP:0000842 Hyperinsulinemia	HP:0000842 Hyperinsulinemia	2026-02-16
DBH	dbh_activity -	auto E1b: LoF of DBH (enzyme-deficiency IEM); resolved via UniProt->PR	plasma_magnesium	-	HP:0002917 Hypomagnesemia	HP:0002917 Hypomagnesemia	2026-02-16
DBH	dbh_activity -	auto E1b: LoF of DBH (enzyme-deficiency IEM); resolved via UniProt->PR	urinary_catecholamines	+	HP:0011979 Elevated urinary dopamine level	HP:0011976 Elevated urinary catecholamine level	2026-02-16
DBH	dbh_activity -	auto E1b: LoF of DBH (enzyme-deficiency IEM); resolved via UniProt->PR	urinary_dopamine	+	HP:0011979 Elevated urinary dopamine level	HP:0011979 Elevated urinary dopamine level	2026-02-16
DCXR	dcxr_activity -	auto E1b: LoF of DCXR (enzyme-deficiency IEM); resolved via UniProt->PR	urinary_l_xylulose	+	HP:0025742 Elevated urine L-xylulose level	HP:0025742 Elevated urine L-xylulose level	2026-02-16
DDC	aadc_activity -	auto E1b: LoF of DDC (enzyme-deficiency IEM); resolved via UniProt->PR	core_temperature	-	HP:0005964 Intermittent hypothermia	HP:0002045 Hypothermia	2026-02-16
DDC	aadc_activity -	auto E1b: LoF of DDC (enzyme-deficiency IEM); resolved via UniProt->PR	csf_5hiaa	-	HP:0025455 Decreased CSF 5-hydroxyindolacetic acid concentration	HP:0025455 Decreased CSF 5-hydroxyindolacetic acid concentration	2026-02-16
DDC	aadc_activity -	auto E1b: LoF of DDC (enzyme-deficiency IEM); resolved via UniProt->PR	csf_homovanillic_acid	-	HP:0003785 Decreased CSF homovanillic acid concentration	HP:0003785 Decreased CSF homovanillic acid concentration	2026-02-16
DDC	aadc_activity -	auto E1b: LoF of DDC (enzyme-deficiency IEM); resolved via UniProt->PR	mean_arterial_pressure	-	HP:0002615 Hypotension	HP:0002615 Hypotension	2026-02-16
DDC	aadc_activity -	auto E1b: LoF of DDC (enzyme-deficiency IEM); resolved via UniProt->PR	plasma_glucose	-	HP:0001943 Hypoglycemia	HP:0001943 Hypoglycemia	2026-02-16
DDC	aadc_activity -	auto E1b: LoF of DDC (enzyme-deficiency IEM); resolved via UniProt->PR	urinary_organic_acids	+	HP:6001002 Elevated urinary vanillactic acid level	HP:0040156 Elevated urinary carboxylic acid	2026-02-16
DDC	aadc_activity -	auto E1b: LoF of DDC (enzyme-deficiency IEM); resolved via UniProt->PR	urinary_vanillactate	+	HP:6001002 Elevated urinary vanillactic acid level	HP:6001002 Elevated urinary vanillactic acid level	2026-02-16
DHCR24	dhcr24_activity -	auto E1b: LoF of DHCR24 (enzyme-deficiency IEM); resolved via UniProt->PR	plasma_desmosterol	+	HP:0034937 Elevated circulating desmosterol concentration	HP:0034937 Elevated circulating desmosterol concentration	2026-02-16
DHCR7	dhcr7_activity -	auto E1b: LoF of DHCR7 (enzyme-deficiency IEM); resolved via UniProt->PR	mean_arterial_pressure	+	HP:0000822 Hypertension	HP:0000822 Hypertension	2026-02-16
DHCR7	dhcr7_activity -	auto E1b: LoF of DHCR7 (enzyme-deficiency IEM); resolved via UniProt->PR	plasma_7_dehydrocholesterol	+	HP:0010569 Elevated circulating 7-dehydrocholesterol concentration	HP:0010569 Elevated circulating 7-dehydrocholesterol concentration	2026-02-16
DHCR7	dhcr7_activity -	auto E1b: LoF of DHCR7 (enzyme-deficiency IEM); resolved via UniProt->PR	plasma_albumin	-	HP:0003073 Hypoalbuminemia	HP:0003073 Hypoalbuminemia	2026-02-16
DHTKD1	dhtkd1_activity -	auto E1b: LoF of DHTKD1 (enzyme-deficiency IEM); resolved via UniProt->PR	plasma_2_aminoadipate	+	HP:6000278 Elevated circulating 2-aminoadipic acid concentration	HP:6000278 Elevated circulating 2-aminoadipic acid concentration	2026-02-16
DHTKD1	dhtkd1_activity -	auto E1b: LoF of DHTKD1 (enzyme-deficiency IEM); resolved via UniProt->PR	urinary_organic_acids	+	HP:0034465 2-hydroxyadipic aciduria; HP:0410309 Alpha-aminoadipic aciduria	HP:0040156 Elevated urinary carboxylic acid	2026-02-16
DIO1	type_1_deiodinase_activity -	auto E1b: LoF of DIO1 (enzyme-deficiency IEM); resolved via UniProt->PR	ldl_cholesterol	+	HP:0003124 Hypercholesterolemia	HP:0003124 Hypercholesterolemia	2026-02-16
DIO1	type_1_deiodinase_activity -	auto E1b: LoF of DIO1 (enzyme-deficiency IEM); resolved via UniProt->PR	plasma_reverse_t3	+	HP:0034288 Elevated circulating reverse T3 concentration	HP:0034288 Elevated circulating reverse T3 concentration	2026-02-16
DMGDH	dmgdh_activity -	auto E1b: LoF of DMGDH (enzyme-deficiency IEM); resolved via UniProt->PR	plasma_creatine_kinase	+	HP:0003236 Elevated circulating creatine kinase concentration	HP:0003236 Elevated circulating creatine kinase concentration	2026-02-16
DMGDH	dmgdh_activity -	auto E1b: LoF of DMGDH (enzyme-deficiency IEM); resolved via UniProt->PR	plasma_dimethylglycine	+	HP:0031945 Elevated circulating N,N-dimethylglycine concentration	HP:0031945 Elevated circulating N,N-dimethylglycine concentration	2026-02-16
DMGDH	dmgdh_activity -	auto E1b: LoF of DMGDH (enzyme-deficiency IEM); resolved via UniProt->PR	urinary_dimethylglycine	+	HP:0031946 Elevated urinary N,N-dimethylglycine level	HP:0031946 Elevated urinary N,N-dimethylglycine level	2026-02-16
DPYD	dihydropyrimidine_dehydrogenase_activity -	auto E1b: LoF of DPYD (enzyme-deficiency IEM); resolved via UniProt->PR	urinary_dihydrothymine	+	HP:6000119 Elevated urinary dihydrothymine level	HP:6000119 Elevated urinary dihydrothymine level	2026-02-16
DPYS	dihydropyrimidinase_activity -	auto E1b: LoF of DPYS (enzyme-deficiency IEM); resolved via UniProt->PR	csf_dihydrouracil	+	HP:6000211 Elevated CSF dihydrouracil concentration	HP:6000211 Elevated CSF dihydrouracil concentration	2026-02-16
DPYS	dihydropyrimidinase_activity -	auto E1b: LoF of DPYS (enzyme-deficiency IEM); resolved via UniProt->PR	dihydropyrimidine_dehydrogenase_activity	-	HP:0003654 Reduced dihydropyrimidine dehydrogenase level	HP:0003654 Reduced dihydropyrimidine dehydrogenase level	2026-02-16
DPYS	dihydropyrimidinase_activity -	auto E1b: LoF of DPYS (enzyme-deficiency IEM); resolved via UniProt->PR	plasma_aldolase	+	HP:0012544 Elevated circulating aldolase concentration	HP:0012544 Elevated circulating aldolase concentration	2026-02-16
DPYS	dihydropyrimidinase_activity -	auto E1b: LoF of DPYS (enzyme-deficiency IEM); resolved via UniProt->PR	plasma_alt	+	HP:0031964 Elevated circulating alanine aminotransferase concentration	HP:0031964 Elevated circulating alanine aminotransferase concentration	2026-02-16
DPYS	dihydropyrimidinase_activity -	auto E1b: LoF of DPYS (enzyme-deficiency IEM); resolved via UniProt->PR	plasma_ast	+	HP:0031956 Elevated circulating aspartate aminotransferase concentration	HP:0031956 Elevated circulating aspartate aminotransferase concentration	2026-02-16
DPYS	dihydropyrimidinase_activity -	auto E1b: LoF of DPYS (enzyme-deficiency IEM); resolved via UniProt->PR	plasma_creatine_kinase	+	HP:0003236 Elevated circulating creatine kinase concentration	HP:0003236 Elevated circulating creatine kinase concentration	2026-02-16
DPYS	dihydropyrimidinase_activity -	auto E1b: LoF of DPYS (enzyme-deficiency IEM); resolved via UniProt->PR	plasma_dihydrouracil	+	HP:0034593 Elevated circulating dihydrouracil concentration	HP:0034593 Elevated circulating dihydrouracil concentration	2026-02-16
DPYS	dihydropyrimidinase_activity -	auto E1b: LoF of DPYS (enzyme-deficiency IEM); resolved via UniProt->PR	plasma_thymine	+	HP:4000095 Elevated circulating thymine concentration	HP:4000095 Elevated circulating thymine concentration	2026-02-16
DPYS	dihydropyrimidinase_activity -	auto E1b: LoF of DPYS (enzyme-deficiency IEM); resolved via UniProt->PR	plasma_transaminases	+	HP:0031956 Elevated circulating aspartate aminotransferase concentration; HP:0031964 Elevated circulating alanine aminotransferase concentration	HP:0002910 Elevated circulating hepatic transaminase concentration	2026-02-16
DPYS	dihydropyrimidinase_activity -	auto E1b: LoF of DPYS (enzyme-deficiency IEM); resolved via UniProt->PR	plasma_uracil	+	HP:0033139 Elevated circulating uracil concentration	HP:0033139 Elevated circulating uracil concentration	2026-02-16
DPYS	dihydropyrimidinase_activity -	auto E1b: LoF of DPYS (enzyme-deficiency IEM); resolved via UniProt->PR	urinary_dihydrothymine	+	HP:6000119 Elevated urinary dihydrothymine level	HP:6000119 Elevated urinary dihydrothymine level	2026-02-16
DPYS	dihydropyrimidinase_activity -	auto E1b: LoF of DPYS (enzyme-deficiency IEM); resolved via UniProt->PR	urinary_dihydrouracil	+	HP:6000118 Elevated urinary dihydrouracil level	HP:6000118 Elevated urinary dihydrouracil level	2026-02-16
DPYS	dihydropyrimidinase_activity -	auto E1b: LoF of DPYS (enzyme-deficiency IEM); resolved via UniProt->PR	urinary_thymine	+	HP:6000331 Elevated urinary thymine level	HP:6000331 Elevated urinary thymine level	2026-02-16
EBP	ebp_activity -	auto E1b: LoF of EBP (enzyme-deficiency IEM); resolved via UniProt->PR	plasma_8_9_cholestenol	+	HP:0003465 Elevated 8(9)-cholestenol	HP:0003465 Elevated 8(9)-cholestenol	2026-02-16
EBP	ebp_activity -	auto E1b: LoF of EBP (enzyme-deficiency IEM); resolved via UniProt->PR	plasma_8_dehydrocholesterol	+	HP:0003462 Elevated 8-dehydrocholesterol	HP:0003462 Elevated 8-dehydrocholesterol	2026-02-16
EBP	ebp_activity -	auto E1b: LoF of EBP (enzyme-deficiency IEM); resolved via UniProt->PR	plasma_glucose	-	HP:0001998 Neonatal hypoglycemia	HP:0001943 Hypoglycemia	2026-02-16
ECHS1	echs1_activity -	auto E1b: LoF of ECHS1 (enzyme-deficiency IEM); resolved via UniProt->PR	csf_lactate	+	HP:0002490 Increased CSF lactate	HP:0002490 Increased CSF lactate	2026-02-16
ECHS1	echs1_activity -	auto E1b: LoF of ECHS1 (enzyme-deficiency IEM); resolved via UniProt->PR	heart_rate	-	HP:0001662 Bradycardia	HP:0001662 Bradycardia	2026-02-16
ECHS1	echs1_activity -	auto E1b: LoF of ECHS1 (enzyme-deficiency IEM); resolved via UniProt->PR	plasma_lactate	+	HP:0002151 Increased circulating lactate concentration	HP:0002151 Increased circulating lactate concentration	2026-02-16
ECHS1	echs1_activity -	auto E1b: LoF of ECHS1 (enzyme-deficiency IEM); resolved via UniProt->PR	pyruvate_dehydrogenase_activity	-	HP:0002928 Decreased activity of the pyruvate dehydrogenase complex	HP:0002928 Decreased activity of the pyruvate dehydrogenase complex	2026-02-16
ECHS1	echs1_activity -	auto E1b: LoF of ECHS1 (enzyme-deficiency IEM); resolved via UniProt->PR	urinary_2_3_dihydroxy_2_methylbutyrate	+	HP:6000469 Elevated urine 2,3-dihydroxy-2-methylbutanoic acid level	HP:6000469 Elevated urine 2,3-dihydroxy-2-methylbutanoic acid level	2026-02-16
ECHS1	echs1_activity -	auto E1b: LoF of ECHS1 (enzyme-deficiency IEM); resolved via UniProt->PR	urinary_organic_acids	+	HP:6000469 Elevated urine 2,3-dihydroxy-2-methylbutanoic acid level	HP:0040156 Elevated urinary carboxylic acid	2026-02-16
ETFDH	etfdh_activity -	auto E1b: LoF of ETFDH (enzyme-deficiency IEM); resolved via UniProt->PR	plasma_glucose	-	HP:0001943 Hypoglycemia	HP:0001943 Hypoglycemia	2026-02-16
ETFDH	etfdh_activity -	auto E1b: LoF of ETFDH (enzyme-deficiency IEM); resolved via UniProt->PR	plasma_glutaric_acid	+	HP:0003530 Elevated circulating glutaric acid concentration	HP:0003530 Elevated circulating glutaric acid concentration	2026-02-16
ETFDH	etfdh_activity -	auto E1b: LoF of ETFDH (enzyme-deficiency IEM); resolved via UniProt->PR	urinary_5_hydroxyhexanoate	+	HP:0025734 Elevated urinary 5-hydroxyhexanoic acid level	HP:0025734 Elevated urinary 5-hydroxyhexanoic acid level	2026-02-16
ETFDH	etfdh_activity -	auto E1b: LoF of ETFDH (enzyme-deficiency IEM); resolved via UniProt->PR	urinary_organic_acids	+	HP:0003150 Glutaric aciduria; HP:0003219 Ethylmalonic aciduria; HP:0012120 Methylmalonic aciduria; HP:0025734 Elevated urinary 5-hydroxyhexanoic acid level; HP:0033213 Elevated urine suberic acid level; HP:6000466 Elevated urine 3-methyladipic acid level	HP:0040156 Elevated urinary carboxylic acid	2026-02-16
ETFDH	etfdh_activity -	auto E1b: LoF of ETFDH (enzyme-deficiency IEM); resolved via UniProt->PR	urinary_suberic_acid	+	HP:0033213 Elevated urine suberic acid level	HP:0033213 Elevated urine suberic acid level	2026-02-16
FAH	fumarylacetoacetase_activity -	auto E1b: LoF of FAH (enzyme-deficiency IEM); resolved via UniProt->PR	plasma_alpha_fetoprotein	+	HP:0006254 Elevated circulating alpha-fetoprotein concentration	HP:0006254 Elevated circulating alpha-fetoprotein concentration	2026-02-16
FAH	fumarylacetoacetase_activity -	auto E1b: LoF of FAH (enzyme-deficiency IEM); resolved via UniProt->PR	plasma_glucose	-	HP:0001943 Hypoglycemia	HP:0001943 Hypoglycemia	2026-02-16
FAH	fumarylacetoacetase_activity -	auto E1b: LoF of FAH (enzyme-deficiency IEM); resolved via UniProt->PR	plasma_methionine	+	HP:0003235 Hypermethioninemia	HP:0003235 Hypermethioninemia	2026-02-16
FAH	fumarylacetoacetase_activity -	auto E1b: LoF of FAH (enzyme-deficiency IEM); resolved via UniProt->PR	plasma_phosphate	-	HP:0004912 Hypophosphatemic rickets	HP:0002148 Hypophosphatemia	2026-02-16
FAH	fumarylacetoacetase_activity -	auto E1b: LoF of FAH (enzyme-deficiency IEM); resolved via UniProt->PR	plasma_succinylacetone	+	HP:6001410 Elevated circulating succinylacetone concentration	HP:6001410 Elevated circulating succinylacetone concentration	2026-02-16
FAH	fumarylacetoacetase_activity -	auto E1b: LoF of FAH (enzyme-deficiency IEM); resolved via UniProt->PR	plasma_transaminases	+	HP:0002910 Elevated circulating hepatic transaminase concentration	HP:0002910 Elevated circulating hepatic transaminase concentration	2026-02-16
FAH	fumarylacetoacetase_activity -	auto E1b: LoF of FAH (enzyme-deficiency IEM); resolved via UniProt->PR	plasma_tyrosine	+	HP:0003231 Hypertyrosinemia	HP:0003231 Hypertyrosinemia	2026-02-16
FAH	fumarylacetoacetase_activity -	auto E1b: LoF of FAH (enzyme-deficiency IEM); resolved via UniProt->PR	urinary_ala	+	HP:0003163 Elevated urinary delta-aminolevulinic acid	HP:0003163 Elevated urinary delta-aminolevulinic acid	2026-02-16
FAH	fumarylacetoacetase_activity -	auto E1b: LoF of FAH (enzyme-deficiency IEM); resolved via UniProt->PR	urinary_succinylacetone	+	HP:6000598 Elevated urinary succinylacetone level	HP:6000598 Elevated urinary succinylacetone level	2026-02-16
FAH	fumarylacetoacetase_activity -	auto E1b: LoF of FAH (enzyme-deficiency IEM); resolved via UniProt->PR	urinary_tyramine	+	HP:6000775 Elevated urinary 4-tyramine level	HP:6000775 Elevated urinary 4-tyramine level	2026-02-16
FBP1	fructose_1_6_bisphosphatase_activity -	auto E1b: LoF of FBP1 (enzyme-deficiency IEM); resolved via UniProt->PR	heart_rate	+	HP:0001649 Tachycardia	HP:0001649 Tachycardia	2026-02-16
FBP1	fructose_1_6_bisphosphatase_activity -	auto E1b: LoF of FBP1 (enzyme-deficiency IEM); resolved via UniProt->PR	plasma_alanine	+	HP:0003348 Hyperalaninemia	HP:0003348 Hyperalaninemia	2026-02-16
FBP1	fructose_1_6_bisphosphatase_activity -	auto E1b: LoF of FBP1 (enzyme-deficiency IEM); resolved via UniProt->PR	plasma_glucose	-	HP:0001943 Hypoglycemia; HP:0001998 Neonatal hypoglycemia; HP:0003162 Fasting hypoglycemia	HP:0001943 Hypoglycemia	2026-02-16
FBP1	fructose_1_6_bisphosphatase_activity -	auto E1b: LoF of FBP1 (enzyme-deficiency IEM); resolved via UniProt->PR	plasma_ketone_bodies	+	HP:0001946 Ketosis	HP:0001946 Ketosis	2026-02-16
FBP1	fructose_1_6_bisphosphatase_activity -	auto E1b: LoF of FBP1 (enzyme-deficiency IEM); resolved via UniProt->PR	plasma_lactate	+	HP:0003128 Lactic acidosis; HP:0004913 Intermittent lactic acidemia	HP:0003128 Lactic acidosis	2026-02-16
FBP1	fructose_1_6_bisphosphatase_activity -	auto E1b: LoF of FBP1 (enzyme-deficiency IEM); resolved via UniProt->PR	plasma_transaminases	+	HP:0002910 Elevated circulating hepatic transaminase concentration	HP:0002910 Elevated circulating hepatic transaminase concentration	2026-02-16
FBP1	fructose_1_6_bisphosphatase_activity -	auto E1b: LoF of FBP1 (enzyme-deficiency IEM); resolved via UniProt->PR	plasma_urate	+	HP:0002149 Hyperuricemia	HP:0002149 Hyperuricemia	2026-02-16
FBP1	fructose_1_6_bisphosphatase_activity -	auto E1b: LoF of FBP1 (enzyme-deficiency IEM); resolved via UniProt->PR	urinary_glycerol	+	HP:0040301 Increased urinary glycerol	HP:0040301 Increased urinary glycerol	2026-02-16
FDFT1	squalene_synthase_activity -	auto E1b: LoF of FDFT1 (enzyme-deficiency IEM); resolved via UniProt->PR	ldl_cholesterol	-	HP:0003563 Decreased LDL cholesterol concentration	HP:0003563 Decreased LDL cholesterol concentration	2026-02-16
FDFT1	squalene_synthase_activity -	auto E1b: LoF of FDFT1 (enzyme-deficiency IEM); resolved via UniProt->PR	plasma_farnesol	+	HP:0033083 Increased circulating farnesol concentration	HP:0033083 Increased circulating farnesol concentration	2026-02-16
FDFT1	squalene_synthase_activity -	auto E1b: LoF of FDFT1 (enzyme-deficiency IEM); resolved via UniProt->PR	plasma_lipoprotein	-	HP:0003563 Decreased LDL cholesterol concentration	HP:0010981 Hypolipoproteinemia	2026-02-16
FDFT1	squalene_synthase_activity -	auto E1b: LoF of FDFT1 (enzyme-deficiency IEM); resolved via UniProt->PR	plasma_methylsuccinate	+	HP:0033146 Elevated circulating methylsuccinic acid concentration	HP:0033146 Elevated circulating methylsuccinic acid concentration	2026-02-16
FDFT1	squalene_synthase_activity -	auto E1b: LoF of FDFT1 (enzyme-deficiency IEM); resolved via UniProt->PR	urinary_mesaconate	+	HP:6000465 Elevated urine mesaconic acid level	HP:6000465 Elevated urine mesaconic acid level	2026-02-16
FDFT1	squalene_synthase_activity -	auto E1b: LoF of FDFT1 (enzyme-deficiency IEM); resolved via UniProt->PR	urinary_mevalonate	+	HP:6000675 Elevated urinary mevalonate lactone level	HP:6000675 Elevated urinary mevalonate lactone level	2026-02-16
FDFT1	squalene_synthase_activity -	auto E1b: LoF of FDFT1 (enzyme-deficiency IEM); resolved via UniProt->PR	urinary_organic_acids	+	HP:6000465 Elevated urine mesaconic acid level; HP:6000466 Elevated urine 3-methyladipic acid level	HP:0040156 Elevated urinary carboxylic acid	2026-02-16
FTCD	ftcd_activity -	auto E1b: LoF of FTCD (enzyme-deficiency IEM); resolved via UniProt->PR	plasma_folate	+	HP:0032164 Increased blood folate concentration	HP:0032164 Increased blood folate concentration	2026-02-16
FTCD	ftcd_activity -	auto E1b: LoF of FTCD (enzyme-deficiency IEM); resolved via UniProt->PR	urinary_figlu	+	HP:0034742 Elevated urinary formiminoglutamic acid level	HP:0034742 Elevated urinary formiminoglutamic acid level	2026-02-16
FTCD	ftcd_activity -	auto E1b: LoF of FTCD (enzyme-deficiency IEM); resolved via UniProt->PR	urinary_organic_acids	+	HP:0034742 Elevated urinary formiminoglutamic acid level	HP:0040156 Elevated urinary carboxylic acid	2026-02-16
FUCA1	alpha_l_fucosidase_activity -	auto E1b: LoF of FUCA1 (enzyme-deficiency IEM); resolved via UniProt->PR	sweat_chloride	+	HP:0012236 Elevated sweat chloride	HP:0012236 Elevated sweat chloride	2026-02-16
G6PD	g6pd_activity -	auto E1b: LoF of G6PD (enzyme-deficiency IEM); resolved via UniProt->PR	plasma_unconjugated_bilirubin	+	HP:0008282 Unconjugated hyperbilirubinemia	HP:0008282 Unconjugated hyperbilirubinemia	2026-02-16
GAA	acid_alpha_glucosidase_activity -	auto E1b: LoF of GAA (enzyme-deficiency IEM); resolved via UniProt->PR	heart_rate	+	HP:0011703 Sinus tachycardia	HP:0001649 Tachycardia	2026-02-16
GAA	acid_alpha_glucosidase_activity -	auto E1b: LoF of GAA (enzyme-deficiency IEM); resolved via UniProt->PR	muscle_glycogen_content	+	HP:0009051 Increased muscle glycogen content	HP:0009051 Increased muscle glycogen content	2026-02-16
GAA	acid_alpha_glucosidase_activity -	auto E1b: LoF of GAA (enzyme-deficiency IEM); resolved via UniProt->PR	plasma_alt	+	HP:0031964 Elevated circulating alanine aminotransferase concentration	HP:0031964 Elevated circulating alanine aminotransferase concentration	2026-02-16
GAA	acid_alpha_glucosidase_activity -	auto E1b: LoF of GAA (enzyme-deficiency IEM); resolved via UniProt->PR	plasma_ast	+	HP:0031956 Elevated circulating aspartate aminotransferase concentration	HP:0031956 Elevated circulating aspartate aminotransferase concentration	2026-02-16
GAA	acid_alpha_glucosidase_activity -	auto E1b: LoF of GAA (enzyme-deficiency IEM); resolved via UniProt->PR	plasma_ck_mb	+	HP:0032232 Elevated circulating CK-MB concentration	HP:0032232 Elevated circulating CK-MB concentration	2026-02-16
GAA	acid_alpha_glucosidase_activity -	auto E1b: LoF of GAA (enzyme-deficiency IEM); resolved via UniProt->PR	plasma_creatine_kinase	+	HP:0003236 Elevated circulating creatine kinase concentration	HP:0003236 Elevated circulating creatine kinase concentration	2026-02-16
GAA	acid_alpha_glucosidase_activity -	auto E1b: LoF of GAA (enzyme-deficiency IEM); resolved via UniProt->PR	plasma_ldh	+	HP:0025435 Increased circulating lactate dehydrogenase concentration	HP:0025435 Increased circulating lactate dehydrogenase concentration	2026-02-16
GAA	acid_alpha_glucosidase_activity -	auto E1b: LoF of GAA (enzyme-deficiency IEM); resolved via UniProt->PR	plasma_nt_probnp	+	HP:0031185 Elevated circulating NT-proBNP concentration	HP:0031185 Elevated circulating NT-proBNP concentration	2026-02-16
GAA	acid_alpha_glucosidase_activity -	auto E1b: LoF of GAA (enzyme-deficiency IEM); resolved via UniProt->PR	plasma_transaminases	+	HP:0031956 Elevated circulating aspartate aminotransferase concentration; HP:0031964 Elevated circulating alanine aminotransferase concentration	HP:0002910 Elevated circulating hepatic transaminase concentration	2026-02-16
GAA	acid_alpha_glucosidase_activity -	auto E1b: LoF of GAA (enzyme-deficiency IEM); resolved via UniProt->PR	urinary_glucose_tetrasaccharide	+	HP:6001008 Elevated urine glucose tetrasaccharide level	HP:6001008 Elevated urine glucose tetrasaccharide level	2026-02-16
GALC	galactocerebrosidase_activity -	auto E1b: LoF of GALC (enzyme-deficiency IEM); resolved via UniProt->PR	csf_protein	+	HP:0002922 Increased CSF protein concentration	HP:0002922 Increased CSF protein concentration	2026-02-16
GALE	udp_glucose_4_epimerase_activity -	auto E1b: LoF of GALE (enzyme-deficiency IEM); resolved via UniProt->PR	beta_galactosidase_activity	-	HP:0008166 Decreased beta-galactosidase activity	HP:0008166 Decreased beta-galactosidase activity	2026-02-16
GALE	udp_glucose_4_epimerase_activity -	auto E1b: LoF of GALE (enzyme-deficiency IEM); resolved via UniProt->PR	galt_activity	-	HP:4000208 Reduced erythrocyte galactose-1-phosphate uridylyltransferase activity	HP:4000208 Reduced erythrocyte galactose-1-phosphate uridylyltransferase activity	2026-02-16
GALE	udp_glucose_4_epimerase_activity -	auto E1b: LoF of GALE (enzyme-deficiency IEM); resolved via UniProt->PR	plasma_galactose	+	HP:0012024 Hypergalactosemia	HP:0012024 Hypergalactosemia	2026-02-16
GALK1	galactokinase_activity -	auto E1b: LoF of GALK1 (enzyme-deficiency IEM); resolved via UniProt->PR	ldl_cholesterol	+	HP:0003124 Hypercholesterolemia	HP:0003124 Hypercholesterolemia	2026-02-16
GALK1	galactokinase_activity -	auto E1b: LoF of GALK1 (enzyme-deficiency IEM); resolved via UniProt->PR	plasma_galactitol	+	HP:0410061 Increased level of galactitol in plasma	HP:0410061 Increased level of galactitol in plasma	2026-02-16
GALK1	galactokinase_activity -	auto E1b: LoF of GALK1 (enzyme-deficiency IEM); resolved via UniProt->PR	plasma_galactose	+	HP:0012024 Hypergalactosemia	HP:0012024 Hypergalactosemia	2026-02-16
GALK1	galactokinase_activity -	auto E1b: LoF of GALK1 (enzyme-deficiency IEM); resolved via UniProt->PR	plasma_glucose	-	HP:0001943 Hypoglycemia	HP:0001943 Hypoglycemia	2026-02-16
GALK1	galactokinase_activity -	auto E1b: LoF of GALK1 (enzyme-deficiency IEM); resolved via UniProt->PR	plasma_insulin	+	HP:0000842 Hyperinsulinemia	HP:0000842 Hyperinsulinemia	2026-02-16
GALK1	galactokinase_activity -	auto E1b: LoF of GALK1 (enzyme-deficiency IEM); resolved via UniProt->PR	urinary_galactitol	+	HP:0410062 Increased level of galactitol in urine	HP:0410062 Increased level of galactitol in urine	2026-02-16
GALT	galt_activity -	auto E1b: LoF of GALT (enzyme-deficiency IEM); resolved via UniProt->PR	erythrocyte_galactitol	+	HP:0410064 Increased level of galactitol in red blood cells	HP:0410064 Increased level of galactitol in red blood cells	2026-02-16
GALT	galt_activity -	auto E1b: LoF of GALT (enzyme-deficiency IEM); resolved via UniProt->PR	erythrocyte_galactonate	+	HP:0410063 Increased level of galactonate in red blood cells	HP:0410063 Increased level of galactonate in red blood cells	2026-02-16
GALT	galt_activity -	auto E1b: LoF of GALT (enzyme-deficiency IEM); resolved via UniProt->PR	hepatic_igf1	-	HP:0030353 Decreased circulating serum insulin-like growth factor 1 concentration	HP:0030353 Decreased circulating serum insulin-like growth factor 1 concentration	2026-02-16
GALT	galt_activity -	auto E1b: LoF of GALT (enzyme-deficiency IEM); resolved via UniProt->PR	plasma_alt	+	HP:0031964 Elevated circulating alanine aminotransferase concentration	HP:0031964 Elevated circulating alanine aminotransferase concentration	2026-02-16
GALT	galt_activity -	auto E1b: LoF of GALT (enzyme-deficiency IEM); resolved via UniProt->PR	plasma_ast	+	HP:0031956 Elevated circulating aspartate aminotransferase concentration	HP:0031956 Elevated circulating aspartate aminotransferase concentration	2026-02-16
GALT	galt_activity -	auto E1b: LoF of GALT (enzyme-deficiency IEM); resolved via UniProt->PR	plasma_chloride	+	HP:0004918 Hyperchloremic metabolic acidosis	HP:0001995 Hyperchloremic acidosis; HP:0004918 Hyperchloremic metabolic acidosis	2026-02-16
GALT	galt_activity -	auto E1b: LoF of GALT (enzyme-deficiency IEM); resolved via UniProt->PR	plasma_galactitol	+	HP:0410061 Increased level of galactitol in plasma	HP:0410061 Increased level of galactitol in plasma	2026-02-16
GALT	galt_activity -	auto E1b: LoF of GALT (enzyme-deficiency IEM); resolved via UniProt->PR	plasma_galactose	+	HP:0012024 Hypergalactosemia	HP:0012024 Hypergalactosemia	2026-02-16
GALT	galt_activity -	auto E1b: LoF of GALT (enzyme-deficiency IEM); resolved via UniProt->PR	plasma_glucose	-	HP:0001943 Hypoglycemia	HP:0001943 Hypoglycemia	2026-02-16
GALT	galt_activity -	auto E1b: LoF of GALT (enzyme-deficiency IEM); resolved via UniProt->PR	plasma_transaminases	+	HP:0002910 Elevated circulating hepatic transaminase concentration; HP:0031956 Elevated circulating aspartate aminotransferase concentration; HP:0031964 Elevated circulating alanine aminotransferase concentration	HP:0002910 Elevated circulating hepatic transaminase concentration	2026-02-16
GALT	galt_activity -	auto E1b: LoF of GALT (enzyme-deficiency IEM); resolved via UniProt->PR	urinary_galactitol	+	HP:0410062 Increased level of galactitol in urine	HP:0410062 Increased level of galactitol in urine	2026-02-16
GBA1	glucocerebrosidase_activity -	auto E1b: LoF of GBA1 (enzyme-deficiency IEM); resolved via UniProt->PR	ferritin_stores	+	HP:0003281 Increased circulating ferritin concentration	HP:0003281 Increased circulating ferritin concentration	2026-02-16
GBA1	glucocerebrosidase_activity -	auto E1b: LoF of GBA1 (enzyme-deficiency IEM); resolved via UniProt->PR	hdl_cholesterol	-	HP:0003233 Decreased HDL cholesterol concentration	HP:0003233 Decreased HDL cholesterol concentration	2026-02-16
GBA1	glucocerebrosidase_activity -	auto E1b: LoF of GBA1 (enzyme-deficiency IEM); resolved via UniProt->PR	plasma_ast	+	HP:0031956 Elevated circulating aspartate aminotransferase concentration	HP:0031956 Elevated circulating aspartate aminotransferase concentration	2026-02-16
GBA1	glucocerebrosidase_activity -	auto E1b: LoF of GBA1 (enzyme-deficiency IEM); resolved via UniProt->PR	plasma_conjugated_bilirubin	+	HP:0002908 Conjugated hyperbilirubinemia	HP:0002908 Conjugated hyperbilirubinemia	2026-02-16
GBA1	glucocerebrosidase_activity -	auto E1b: LoF of GBA1 (enzyme-deficiency IEM); resolved via UniProt->PR	plasma_glucosylsphingosine	+	HP:6001185 Elevated circulating glucosylsphingosine concentration	HP:6001185 Elevated circulating glucosylsphingosine concentration	2026-02-16
GBA1	glucocerebrosidase_activity -	auto E1b: LoF of GBA1 (enzyme-deficiency IEM); resolved via UniProt->PR	plasma_immunoglobulin	+	HP:0010702 Increased circulating immunoglobulin concentration	HP:0010702 Increased circulating immunoglobulin concentration	2026-02-16
GBA1	glucocerebrosidase_activity -	auto E1b: LoF of GBA1 (enzyme-deficiency IEM); resolved via UniProt->PR	plasma_lipoprotein	-	HP:0003233 Decreased HDL cholesterol concentration	HP:0010981 Hypolipoproteinemia	2026-02-16
GBA1	glucocerebrosidase_activity -	auto E1b: LoF of GBA1 (enzyme-deficiency IEM); resolved via UniProt->PR	plasma_transaminases	+	HP:0031956 Elevated circulating aspartate aminotransferase concentration	HP:0002910 Elevated circulating hepatic transaminase concentration	2026-02-16
GBA1	glucocerebrosidase_activity -	auto E1b: LoF of GBA1 (enzyme-deficiency IEM); resolved via UniProt->PR	pulmonary_artery_pressure	+	HP:0002092 Pulmonary arterial hypertension	HP:0004890 Elevated pulmonary artery pressure	2026-02-16
GCDH	gcdh_activity -	auto E1b: LoF of GCDH (enzyme-deficiency IEM); resolved via UniProt->PR	glutaryl_coa_oxidase_activity	-	HP:0034688 Reduced peroxisomal glutaryl-CoA oxidase activity	HP:0034688 Reduced peroxisomal glutaryl-CoA oxidase activity	2026-02-16
GCDH	gcdh_activity -	auto E1b: LoF of GCDH (enzyme-deficiency IEM); resolved via UniProt->PR	plasma_acylcarnitine	+	HP:0033442 Elevated circulating glutarylcarnitine concentration	HP:0045045 Elevated circulating acylcarnitine concentration	2026-02-16
GCDH	gcdh_activity -	auto E1b: LoF of GCDH (enzyme-deficiency IEM); resolved via UniProt->PR	plasma_c5_acylcarnitine	+	HP:0033442 Elevated circulating glutarylcarnitine concentration	HP:0035019 Elevated circulating C5 acylcarnitine concentration	2026-02-16
GCDH	gcdh_activity -	auto E1b: LoF of GCDH (enzyme-deficiency IEM); resolved via UniProt->PR	plasma_glucose	-	HP:0001943 Hypoglycemia; HP:0003162 Fasting hypoglycemia	HP:0001943 Hypoglycemia	2026-02-16
GCDH	gcdh_activity -	auto E1b: LoF of GCDH (enzyme-deficiency IEM); resolved via UniProt->PR	plasma_glutaric_acid	+	HP:0003530 Elevated circulating glutaric acid concentration	HP:0003530 Elevated circulating glutaric acid concentration	2026-02-16
GCDH	gcdh_activity -	auto E1b: LoF of GCDH (enzyme-deficiency IEM); resolved via UniProt->PR	plasma_glutarylcarnitine	+	HP:0033442 Elevated circulating glutarylcarnitine concentration	HP:0033442 Elevated circulating glutarylcarnitine concentration	2026-02-16
GCDH	gcdh_activity -	auto E1b: LoF of GCDH (enzyme-deficiency IEM); resolved via UniProt->PR	plasma_ketone_bodies	+	HP:0001946 Ketosis; HP:0410175 Hyperketonemia	HP:0001946 Ketosis	2026-02-16
GCDH	gcdh_activity -	auto E1b: LoF of GCDH (enzyme-deficiency IEM); resolved via UniProt->PR	plasma_short_chain_acylcarnitine	+	HP:0033442 Elevated circulating glutarylcarnitine concentration	HP:0035015 Elevated circulating short-chain acylcarnitine concentration	2026-02-16
GCDH	gcdh_activity -	auto E1b: LoF of GCDH (enzyme-deficiency IEM); resolved via UniProt->PR	urinary_3_hydroxyglutarate	+	HP:0034656 Elevated urine 3-hydroxyglutaric level	HP:0034656 Elevated urine 3-hydroxyglutaric level	2026-02-16
GCDH	gcdh_activity -	auto E1b: LoF of GCDH (enzyme-deficiency IEM); resolved via UniProt->PR	urinary_organic_acids	+	HP:0003150 Glutaric aciduria; HP:0034656 Elevated urine 3-hydroxyglutaric level	HP:0040156 Elevated urinary carboxylic acid	2026-02-16
GCH1	gch1_activity -	auto E1b: LoF of GCH1 (enzyme-deficiency IEM); resolved via UniProt->PR	csf_homovanillic_acid	-	HP:0003785 Decreased CSF homovanillic acid concentration	HP:0003785 Decreased CSF homovanillic acid concentration	2026-02-16
GCH1	gch1_activity -	auto E1b: LoF of GCH1 (enzyme-deficiency IEM); resolved via UniProt->PR	csf_phenylalanine	+	HP:0500223 Increased CSF phenylalanine concentration	HP:0500223 Increased CSF phenylalanine concentration	2026-02-16
GCH1	gch1_activity -	auto E1b: LoF of GCH1 (enzyme-deficiency IEM); resolved via UniProt->PR	mean_arterial_pressure	+	HP:0000822 Hypertension	HP:0000822 Hypertension	2026-02-16
GCH1	gch1_activity -	auto E1b: LoF of GCH1 (enzyme-deficiency IEM); resolved via UniProt->PR	plasma_phenylalanine	+	HP:0004923 Hyperphenylalaninemia	HP:0004923 Hyperphenylalaninemia	2026-02-16
GCH1	gch1_activity -	auto E1b: LoF of GCH1 (enzyme-deficiency IEM); resolved via UniProt->PR	urinary_biopterin	-	HP:0040417 Decreased urinary biopterin level	HP:0040417 Decreased urinary biopterin level	2026-02-16
GCH1	gch1_activity -	auto E1b: LoF of GCH1 (enzyme-deficiency IEM); resolved via UniProt->PR	urinary_sulfatide	+	HP:6000120 Elevated urinary sulfatide level	HP:6000120 Elevated urinary sulfatide level	2026-02-16
GCK	beta_cell_glucokinase_activity -	auto E1b: LoF of GCK (enzyme-deficiency IEM); resolved via UniProt->PR	plasma_ketone_bodies	+	HP:0001953 Diabetic ketoacidosis	HP:0001946 Ketosis	2026-02-16
GGT1	ggt1_activity -	auto E1b: LoF of GGT1 (enzyme-deficiency IEM); resolved via UniProt->PR	gamma_glutamyltransferase_activity	-	HP:6000578 Reduced tissue gamma-glutamyltransferase activity	HP:6000578 Reduced tissue gamma-glutamyltransferase activity	2026-02-16
GGT1	ggt1_activity -	auto E1b: LoF of GGT1 (enzyme-deficiency IEM); resolved via UniProt->PR	plasma_glutathione	+	HP:0034456 Elevated circulating glutathione concentration	HP:0034456 Elevated circulating glutathione concentration	2026-02-16
GK	glycerol_kinase_activity -	auto E1b: LoF of GK (enzyme-deficiency IEM); resolved via UniProt->PR	plasma_glucose	-	HP:0001943 Hypoglycemia	HP:0001943 Hypoglycemia	2026-02-16
GK	glycerol_kinase_activity -	auto E1b: LoF of GK (enzyme-deficiency IEM); resolved via UniProt->PR	plasma_glycerol	+	HP:0040302 Hyperglycerolemia	HP:0040302 Hyperglycerolemia	2026-02-16
GK	glycerol_kinase_activity -	auto E1b: LoF of GK (enzyme-deficiency IEM); resolved via UniProt->PR	plasma_ketone_bodies	+	HP:0001993 Ketoacidosis	HP:0001946 Ketosis	2026-02-16
GK	glycerol_kinase_activity -	auto E1b: LoF of GK (enzyme-deficiency IEM); resolved via UniProt->PR	plasma_lactate	+	HP:0002151 Increased circulating lactate concentration	HP:0002151 Increased circulating lactate concentration	2026-02-16
GK	glycerol_kinase_activity -	auto E1b: LoF of GK (enzyme-deficiency IEM); resolved via UniProt->PR	plasma_total_lipids	+	HP:0002155 Hypertriglyceridemia	HP:0003077 Hyperlipidemia	2026-02-16
GK	glycerol_kinase_activity -	auto E1b: LoF of GK (enzyme-deficiency IEM); resolved via UniProt->PR	plasma_triglycerides	+	HP:0002155 Hypertriglyceridemia	HP:0002155 Hypertriglyceridemia	2026-02-16
GK	glycerol_kinase_activity -	auto E1b: LoF of GK (enzyme-deficiency IEM); resolved via UniProt->PR	urinary_glycerol	+	HP:0040301 Increased urinary glycerol	HP:0040301 Increased urinary glycerol	2026-02-16
GLB1	beta_galactosidase_activity -	auto E1b: LoF of GLB1 (enzyme-deficiency IEM); resolved via UniProt->PR	urinary_galactosylated_oligosaccharide	+	HP:0410346 Increased urinary galactosylated oligosaccharide	HP:0410346 Increased urinary galactosylated oligosaccharide	2026-02-16
GLS	renal_glutaminase_activity -	auto E1b: LoF of GLS (enzyme-deficiency IEM); resolved via UniProt->PR	plasma_glutamine	+	HP:0003217 Hyperglutaminemia	HP:0003217 Hyperglutaminemia	2026-02-16
GLUD1	glutamate_dehydrogenase_activity +	auto E1b: GoF of GLUD1 (enzyme-deficiency IEM); resolved via UniProt->PR	plasma_ammonia	+	HP:0008162 Asymptomatic hyperammonemia	HP:0001987 Hyperammonemia	2026-02-16
GLUD1	glutamate_dehydrogenase_activity +	auto E1b: GoF of GLUD1 (enzyme-deficiency IEM); resolved via UniProt->PR	plasma_glucose	-	HP:0002173 Hypoglycemic seizures; HP:0012051 Reactive hypoglycemia	HP:0001943 Hypoglycemia	2026-02-16
GLUD1	glutamate_dehydrogenase_activity +	auto E1b: GoF of GLUD1 (enzyme-deficiency IEM); resolved via UniProt->PR	plasma_insulin	+	HP:0000825 Hyperinsulinemic hypoglycemia; HP:0008283 Fasting hyperinsulinemia	HP:0000842 Hyperinsulinemia	2026-02-16
GLUD1	glutamate_dehydrogenase_activity +	auto E1b: GoF of GLUD1 (enzyme-deficiency IEM); resolved via UniProt->PR	urinary_alpha_ketoglutarate	+	HP:0012402 Increased urine alpha-ketoglutarate concentration	HP:0012402 Increased urine alpha-ketoglutarate concentration	2026-02-16
GLUL	glutamine_synthetase_activity -	auto E1b: LoF of GLUL (enzyme-deficiency IEM); resolved via UniProt->PR	csf_glutamine	-	HP:0500198 Decreased CSF glutamine concentration	HP:0500198 Decreased CSF glutamine concentration	2026-02-16
GLUL	glutamine_synthetase_activity -	auto E1b: LoF of GLUL (enzyme-deficiency IEM); resolved via UniProt->PR	heart_rate	-	HP:0001662 Bradycardia	HP:0001662 Bradycardia	2026-02-16
GLUL	glutamine_synthetase_activity -	auto E1b: LoF of GLUL (enzyme-deficiency IEM); resolved via UniProt->PR	plasma_ammonia	+	HP:0001987 Hyperammonemia	HP:0001987 Hyperammonemia	2026-02-16
GLUL	glutamine_synthetase_activity -	auto E1b: LoF of GLUL (enzyme-deficiency IEM); resolved via UniProt->PR	plasma_glutamine	-	HP:0500147 Hypoglutaminemia	HP:0500147 Hypoglutaminemia	2026-02-16
GYS1	muscle_glycogen_synthase_activity -	auto E1b: LoF of GYS1 (enzyme-deficiency IEM); resolved via UniProt->PR	glycogen_phosphorylase_activity	-	HP:6000979 Reduced hepatic glycogen phosphorylase activity	HP:6000979 Reduced hepatic glycogen phosphorylase activity	2026-02-16
GYS1	muscle_glycogen_synthase_activity -	auto E1b: LoF of GYS1 (enzyme-deficiency IEM); resolved via UniProt->PR	muscle_glycogen_content	-	HP:0012270 Decreased muscle glycogen content	HP:0012270 Decreased muscle glycogen content	2026-02-16
GYS1	muscle_glycogen_synthase_activity -	auto E1b: LoF of GYS1 (enzyme-deficiency IEM); resolved via UniProt->PR	plasma_glucose	-	HP:0001943 Hypoglycemia	HP:0001943 Hypoglycemia	2026-02-16
GYS2	hepatic_glycogen_synthase_activity -	auto E1b: LoF of GYS2 (enzyme-deficiency IEM); resolved via UniProt->PR	plasma_ketone_bodies	+	HP:0001946 Ketosis	HP:0001946 Ketosis	2026-02-16
GYS2	hepatic_glycogen_synthase_activity -	auto E1b: LoF of GYS2 (enzyme-deficiency IEM); resolved via UniProt->PR	plasma_lactate	+	HP:0002151 Increased circulating lactate concentration	HP:0002151 Increased circulating lactate concentration	2026-02-16
GYS2	hepatic_glycogen_synthase_activity -	auto E1b: LoF of GYS2 (enzyme-deficiency IEM); resolved via UniProt->PR	plasma_total_lipids	+	HP:0003077 Hyperlipidemia	HP:0003077 Hyperlipidemia	2026-02-16
GYS2	hepatic_glycogen_synthase_activity -	auto E1b: LoF of GYS2 (enzyme-deficiency IEM); resolved via UniProt->PR	plasma_transaminases	+	HP:0002910 Elevated circulating hepatic transaminase concentration	HP:0002910 Elevated circulating hepatic transaminase concentration	2026-02-16
HAL	hal_activity -	auto E1b: LoF of HAL (enzyme-deficiency IEM); resolved via UniProt->PR	plasma_histidine	+	HP:0010906 Hyperhistidinemia	HP:0010906 Hyperhistidinemia	2026-02-16
HAL	hal_activity -	auto E1b: LoF of HAL (enzyme-deficiency IEM); resolved via UniProt->PR	urinary_amino_acids	+	HP:0002927 Histidinuria; HP:6000621 Elevated urinary N-tau-ribosylhistidine level	HP:0033097 Increased urine proteinogenic amino acid derivative level; HP:0033100 Increased proteinogenic amino acid level in urine	2026-02-16
HAL	hal_activity -	auto E1b: LoF of HAL (enzyme-deficiency IEM); resolved via UniProt->PR	urinary_ribosylhistidine	+	HP:6000621 Elevated urinary N-tau-ribosylhistidine level	HP:6000621 Elevated urinary N-tau-ribosylhistidine level	2026-02-16
HAMP	hepcidin -	juvenile hemochromatosis (hepcidin gene)	ferritin_stores	+	HP:0003281 Increased circulating ferritin concentration	HP:0003281 Increased circulating ferritin concentration	2026-02-16
HAMP	hepcidin -	juvenile hemochromatosis (hepcidin gene)	plasma_iron	+	HP:0003452 Increased circulating iron concentration	HP:0003452 Increased circulating iron concentration	2026-02-16
HAMP	hepcidin -	juvenile hemochromatosis (hepcidin gene)	plasma_transaminases	+	HP:0002910 Elevated circulating hepatic transaminase concentration	HP:0002910 Elevated circulating hepatic transaminase concentration	2026-02-16
HAMP	hepcidin -	juvenile hemochromatosis (hepcidin gene)	transferrin_saturation	+	HP:0012463 Elevated transferrin saturation	HP:0012463 Elevated transferrin saturation	2026-02-16
HEXB	beta_hexosaminidase_b_activity -	auto E1b: LoF of HEXB (enzyme-deficiency IEM); resolved via UniProt->PR	mean_arterial_pressure	-	HP:0001278 Orthostatic hypotension	HP:0002615 Hypotension	2026-02-16
HEXB	beta_hexosaminidase_b_activity -	auto E1b: LoF of HEXB (enzyme-deficiency IEM); resolved via UniProt->PR	plasma_creatine_kinase	+	HP:0003236 Elevated circulating creatine kinase concentration	HP:0003236 Elevated circulating creatine kinase concentration	2026-02-16
HEXB	beta_hexosaminidase_b_activity -	auto E1b: LoF of HEXB (enzyme-deficiency IEM); resolved via UniProt->PR	urinary_glcnac_oligosaccharide	+	HP:6000122 Increased urinary N-acetylglucosamine-rich oligosaccharide level	HP:6000122 Increased urinary N-acetylglucosamine-rich oligosaccharide level	2026-02-16
HFE	hepcidin -	hereditary hemochromatosis -> inappropriately low hepcidin	ferritin_stores	+	HP:0003281 Increased circulating ferritin concentration	HP:0003281 Increased circulating ferritin concentration	2026-02-16
HFE	hepcidin -	hereditary hemochromatosis -> inappropriately low hepcidin	jugular_venous_pressure	+	HP:0030848 Elevated jugular venous pressure	HP:0030848 Elevated jugular venous pressure	2026-02-16
HFE	hepcidin -	hereditary hemochromatosis -> inappropriately low hepcidin	plasma_androgen	-	HP:0040171 Decreased serum testosterone concentration	HP:0030349 Decreased circulating androgen concentration	2026-02-16
HFE	hepcidin -	hereditary hemochromatosis -> inappropriately low hepcidin	plasma_glucose	+	HP:0003074 Hyperglycemia	HP:0003074 Hyperglycemia	2026-02-16
HFE	hepcidin -	hereditary hemochromatosis -> inappropriately low hepcidin	plasma_iron	+	HP:0003452 Increased circulating iron concentration	HP:0003452 Increased circulating iron concentration	2026-02-16
HFE	hepcidin -	hereditary hemochromatosis -> inappropriately low hepcidin	plasma_transaminases	+	HP:0002910 Elevated circulating hepatic transaminase concentration	HP:0002910 Elevated circulating hepatic transaminase concentration	2026-02-16
HFE	hepcidin -	hereditary hemochromatosis -> inappropriately low hepcidin	sweat_chloride	+	HP:0012236 Elevated sweat chloride	HP:0012236 Elevated sweat chloride	2026-02-16
HFE	hepcidin -	hereditary hemochromatosis -> inappropriately low hepcidin	testosterone	-	HP:0040171 Decreased serum testosterone concentration	HP:0040171 Decreased serum testosterone concentration	2026-02-16
HFE	hepcidin -	hereditary hemochromatosis -> inappropriately low hepcidin	transferrin_saturation	+	HP:0012463 Elevated transferrin saturation	HP:0012463 Elevated transferrin saturation	2026-02-16
HGD	hgd_activity -	auto E1b: LoF of HGD (enzyme-deficiency IEM); resolved via UniProt->PR	mean_arterial_pressure	+	HP:0000822 Hypertension	HP:0000822 Hypertension	2026-02-16
HGD	hgd_activity -	auto E1b: LoF of HGD (enzyme-deficiency IEM); resolved via UniProt->PR	urinary_homogentisate	+	HP:0033704 Elevated urinary homogentisic acid	HP:0033704 Elevated urinary homogentisic acid	2026-02-16
HGD	hgd_activity -	auto E1b: LoF of HGD (enzyme-deficiency IEM); resolved via UniProt->PR	urinary_organic_acids	+	HP:0033704 Elevated urinary homogentisic acid	HP:0033303 Elevated urinary monocarboxylic acid level; HP:0040156 Elevated urinary carboxylic acid	2026-02-16
HGSNAT	heparan_alpha_glucosaminide_n_acetyltransferase_activity -	auto E1b: LoF of HGSNAT (enzyme-deficiency IEM); resolved via UniProt->PR	plasma_insulin	+	HP:0000842 Hyperinsulinemia	HP:0000842 Hyperinsulinemia	2026-02-16
HMBS	porphobilinogen_deaminase_activity -	auto E1b: LoF of HMBS (enzyme-deficiency IEM); resolved via UniProt->PR	csf_lactate	+	HP:0002490 Increased CSF lactate	HP:0002490 Increased CSF lactate	2026-02-16
HMBS	porphobilinogen_deaminase_activity -	auto E1b: LoF of HMBS (enzyme-deficiency IEM); resolved via UniProt->PR	heart_rate	+	HP:0001649 Tachycardia	HP:0001649 Tachycardia	2026-02-16
HMBS	porphobilinogen_deaminase_activity -	auto E1b: LoF of HMBS (enzyme-deficiency IEM); resolved via UniProt->PR	mean_arterial_pressure	+	HP:0000822 Hypertension	HP:0000822 Hypertension	2026-02-16
HMBS	porphobilinogen_deaminase_activity -	auto E1b: LoF of HMBS (enzyme-deficiency IEM); resolved via UniProt->PR	plasma_sodium_concentration	-	HP:0002902 Hyponatremia	HP:0002902 Hyponatremia	2026-02-16
HMBS	porphobilinogen_deaminase_activity -	auto E1b: LoF of HMBS (enzyme-deficiency IEM); resolved via UniProt->PR	urinary_ala	+	HP:0003163 Elevated urinary delta-aminolevulinic acid	HP:0003163 Elevated urinary delta-aminolevulinic acid	2026-02-16
HMBS	porphobilinogen_deaminase_activity -	auto E1b: LoF of HMBS (enzyme-deficiency IEM); resolved via UniProt->PR	urinary_coproporphyrin	+	HP:6000536 Elevated urinary coproporphyrin level	HP:6000536 Elevated urinary coproporphyrin level	2026-02-16
HMBS	porphobilinogen_deaminase_activity -	auto E1b: LoF of HMBS (enzyme-deficiency IEM); resolved via UniProt->PR	urinary_organic_acids	+	HP:0012217 Increased urinary porphobilinogen	HP:0040156 Elevated urinary carboxylic acid	2026-02-16
HMBS	porphobilinogen_deaminase_activity -	auto E1b: LoF of HMBS (enzyme-deficiency IEM); resolved via UniProt->PR	urinary_porphobilinogen	+	HP:0012217 Increased urinary porphobilinogen	HP:0012217 Increased urinary porphobilinogen	2026-02-16
HMBS	porphobilinogen_deaminase_activity -	auto E1b: LoF of HMBS (enzyme-deficiency IEM); resolved via UniProt->PR	urinary_porphyrin	+	HP:6000536 Elevated urinary coproporphyrin level	HP:6000535 Elevated urinary porphyrin level	2026-02-16
HMBS	porphobilinogen_deaminase_activity -	auto E1b: LoF of HMBS (enzyme-deficiency IEM); resolved via UniProt->PR	urinary_urobilinogen	+	HP:0031890 Increased urine urobilinogen	HP:0031890 Increased urine urobilinogen	2026-02-16
HMGCL	hmgcl_activity -	auto E1b: LoF of HMGCL (enzyme-deficiency IEM); resolved via UniProt->PR	core_temperature	-	HP:0002045 Hypothermia	HP:0002045 Hypothermia	2026-02-16
HMGCL	hmgcl_activity -	auto E1b: LoF of HMGCL (enzyme-deficiency IEM); resolved via UniProt->PR	hmg_coa_lyase_activity	-	HP:6000216 Reduced HMG-CoA lyase activity in cultured fibroblasts	HP:6000216 Reduced HMG-CoA lyase activity in cultured fibroblasts	2026-02-16
HMGCL	hmgcl_activity -	auto E1b: LoF of HMGCL (enzyme-deficiency IEM); resolved via UniProt->PR	mean_arterial_pressure	-	HP:0002615 Hypotension	HP:0002615 Hypotension	2026-02-16
HMGCL	hmgcl_activity -	auto E1b: LoF of HMGCL (enzyme-deficiency IEM); resolved via UniProt->PR	plasma_alt	+	HP:0031964 Elevated circulating alanine aminotransferase concentration	HP:0031964 Elevated circulating alanine aminotransferase concentration	2026-02-16
HMGCL	hmgcl_activity -	auto E1b: LoF of HMGCL (enzyme-deficiency IEM); resolved via UniProt->PR	plasma_ammonia	+	HP:0001987 Hyperammonemia	HP:0001987 Hyperammonemia	2026-02-16
HMGCL	hmgcl_activity -	auto E1b: LoF of HMGCL (enzyme-deficiency IEM); resolved via UniProt->PR	plasma_ast	+	HP:0031956 Elevated circulating aspartate aminotransferase concentration	HP:0031956 Elevated circulating aspartate aminotransferase concentration	2026-02-16
HMGCL	hmgcl_activity -	auto E1b: LoF of HMGCL (enzyme-deficiency IEM); resolved via UniProt->PR	plasma_carnitine	-	HP:0003234 Decreased circulating carnitine concentration	HP:0003234 Decreased circulating carnitine concentration	2026-02-16
HMGCL	hmgcl_activity -	auto E1b: LoF of HMGCL (enzyme-deficiency IEM); resolved via UniProt->PR	plasma_glucose	-	HP:0001943 Hypoglycemia; HP:0001958 Nonketotic hypoglycemia; HP:0001988 Recurrent hypoglycemia	HP:0001943 Hypoglycemia	2026-02-16
HMGCL	hmgcl_activity -	auto E1b: LoF of HMGCL (enzyme-deficiency IEM); resolved via UniProt->PR	plasma_lactate	+	HP:0002151 Increased circulating lactate concentration	HP:0002151 Increased circulating lactate concentration	2026-02-16
HMGCL	hmgcl_activity -	auto E1b: LoF of HMGCL (enzyme-deficiency IEM); resolved via UniProt->PR	plasma_transaminases	+	HP:0002910 Elevated circulating hepatic transaminase concentration; HP:0031956 Elevated circulating aspartate aminotransferase concentration; HP:0031964 Elevated circulating alanine aminotransferase concentration	HP:0002910 Elevated circulating hepatic transaminase concentration	2026-02-16
HMGCL	hmgcl_activity -	auto E1b: LoF of HMGCL (enzyme-deficiency IEM); resolved via UniProt->PR	plasma_urate	+	HP:0002149 Hyperuricemia	HP:0002149 Hyperuricemia	2026-02-16
HMGCL	hmgcl_activity -	auto E1b: LoF of HMGCL (enzyme-deficiency IEM); resolved via UniProt->PR	serum_anion_gap	+	HP:0031962 Elevated serum anion gap	HP:0031962 Elevated serum anion gap	2026-02-16
HMGCL	hmgcl_activity -	auto E1b: LoF of HMGCL (enzyme-deficiency IEM); resolved via UniProt->PR	urinary_3_hydroxy_3_methylglutarate	+	HP:0410051 Increased level of 3-hydroxy-3-methylglutaric acid in urine	HP:0410051 Increased level of 3-hydroxy-3-methylglutaric acid in urine	2026-02-16
HMGCL	hmgcl_activity -	auto E1b: LoF of HMGCL (enzyme-deficiency IEM); resolved via UniProt->PR	urinary_3_methylcrotonylglycine	+	HP:0033596 Elevated urinary 3-methylcrotonylglycine level	HP:0033596 Elevated urinary 3-methylcrotonylglycine level	2026-02-16
HMGCL	hmgcl_activity -	auto E1b: LoF of HMGCL (enzyme-deficiency IEM); resolved via UniProt->PR	urinary_hippuric_acid	+	HP:0410066 Increased level of hippuric acid in urine	HP:0410066 Increased level of hippuric acid in urine	2026-02-16
HMGCL	hmgcl_activity -	auto E1b: LoF of HMGCL (enzyme-deficiency IEM); resolved via UniProt->PR	urinary_organic_acids	+	HP:0003150 Glutaric aciduria; HP:0033596 Elevated urinary 3-methylcrotonylglycine level; HP:0410051 Increased level of 3-hydroxy-3-methylglutaric acid in urine	HP:0040156 Elevated urinary carboxylic acid	2026-02-16
HMGCR	hmg_coa_reductase_activity -	auto E1b: LoF of HMGCR (enzyme-deficiency IEM); resolved via UniProt->PR	alkaline_phosphatase	+	HP:0003155 Elevated circulating alkaline phosphatase concentration	HP:0003155 Elevated circulating alkaline phosphatase concentration	2026-02-16
HMGCR	hmg_coa_reductase_activity -	auto E1b: LoF of HMGCR (enzyme-deficiency IEM); resolved via UniProt->PR	plasma_alt	+	HP:0031964 Elevated circulating alanine aminotransferase concentration	HP:0031964 Elevated circulating alanine aminotransferase concentration	2026-02-16
HMGCR	hmg_coa_reductase_activity -	auto E1b: LoF of HMGCR (enzyme-deficiency IEM); resolved via UniProt->PR	plasma_ast	+	HP:0031956 Elevated circulating aspartate aminotransferase concentration	HP:0031956 Elevated circulating aspartate aminotransferase concentration	2026-02-16
HMGCR	hmg_coa_reductase_activity -	auto E1b: LoF of HMGCR (enzyme-deficiency IEM); resolved via UniProt->PR	plasma_creatine_kinase	+	HP:0003236 Elevated circulating creatine kinase concentration	HP:0003236 Elevated circulating creatine kinase concentration	2026-02-16
HMGCR	hmg_coa_reductase_activity -	auto E1b: LoF of HMGCR (enzyme-deficiency IEM); resolved via UniProt->PR	plasma_transaminases	+	HP:0031956 Elevated circulating aspartate aminotransferase concentration; HP:0031964 Elevated circulating alanine aminotransferase concentration	HP:0002910 Elevated circulating hepatic transaminase concentration	2026-02-16
HOGA1	hoga1_activity -	auto E1b: LoF of HOGA1 (enzyme-deficiency IEM); resolved via UniProt->PR	urinary_4_hydroxy_2_oxoglutarate	+	HP:6001009 Increased urine 4-hydroxy-2-oxoglutarate level	HP:6001009 Increased urine 4-hydroxy-2-oxoglutarate level	2026-02-16
HOGA1	hoga1_activity -	auto E1b: LoF of HOGA1 (enzyme-deficiency IEM); resolved via UniProt->PR	urinary_oxalate	+	HP:0003159 Hyperoxaluria	HP:0003159 Hyperoxaluria	2026-02-16
HPRT1	hgprt_activity -	Lesch-Nyhan -> urate overproduction	plasma_creatinine	+	HP:0003259 Elevated circulating creatinine concentration	HP:0003259 Elevated circulating creatinine concentration	2026-02-16
HPRT1	hgprt_activity -	Lesch-Nyhan -> urate overproduction	plasma_urate	+	HP:0002149 Hyperuricemia	HP:0002149 Hyperuricemia	2026-02-16
HPRT1	hgprt_activity -	Lesch-Nyhan -> urate overproduction	urinary_urate	+	HP:0003149 Hyperuricosuria	HP:0003149 Hyperuricosuria	2026-02-16
HSD11B2	hsd11b2_activity -	auto E1b: LoF of HSD11B2 (enzyme-deficiency IEM); resolved via UniProt->PR	aldosterone	-	HP:0004319 Decreased circulating aldosterone concentration	HP:0004319 Decreased circulating aldosterone concentration	2026-02-16
HSD11B2	hsd11b2_activity -	auto E1b: LoF of HSD11B2 (enzyme-deficiency IEM); resolved via UniProt->PR	mean_arterial_pressure	+	HP:0000822 Hypertension	HP:0000822 Hypertension	2026-02-16
HSD11B2	hsd11b2_activity -	auto E1b: LoF of HSD11B2 (enzyme-deficiency IEM); resolved via UniProt->PR	plasma_potassium	-	HP:0001960 Hypokalemic metabolic alkalosis; HP:0002900 Hypokalemia	HP:0001949 Hypokalemic alkalosis; HP:0001960 Hypokalemic metabolic alkalosis; HP:0002900 Hypokalemia	2026-02-16
HSD11B2	hsd11b2_activity -	auto E1b: LoF of HSD11B2 (enzyme-deficiency IEM); resolved via UniProt->PR	renin	-	HP:0003351 Decreased circulating renin concentration	HP:0003351 Decreased circulating renin concentration	2026-02-16
HSD17B3	hsd17b3_activity -	auto E1b: LoF of HSD17B3 (enzyme-deficiency IEM); resolved via UniProt->PR	plasma_androgen	+	HP:0025380 Increased circulating androstenedione concentration	HP:0030348 Increased circulating androgen concentration	2026-02-16
HSD17B3	hsd17b3_activity -	auto E1b: LoF of HSD17B3 (enzyme-deficiency IEM); resolved via UniProt->PR	plasma_androstenedione	+	HP:0025380 Increased circulating androstenedione concentration	HP:0025380 Increased circulating androstenedione concentration	2026-02-16
HSD3B2	adrenal_hsd3b2_activity -	auto E1b: LoF of HSD3B2 (enzyme-deficiency IEM); resolved via UniProt->PR	aldosterone	-	HP:0004319 Decreased circulating aldosterone concentration	HP:0004319 Decreased circulating aldosterone concentration	2026-02-16
HSD3B2	adrenal_hsd3b2_activity -	auto E1b: LoF of HSD3B2 (enzyme-deficiency IEM); resolved via UniProt->PR	cortisol	-	HP:0008163 Decreased circulating cortisol level	HP:0008163 Decreased circulating cortisol level	2026-02-16
HSD3B2	adrenal_hsd3b2_activity -	auto E1b: LoF of HSD3B2 (enzyme-deficiency IEM); resolved via UniProt->PR	mean_arterial_pressure	-	HP:0002615 Hypotension	HP:0002615 Hypotension	2026-02-16
HSD3B2	adrenal_hsd3b2_activity -	auto E1b: LoF of HSD3B2 (enzyme-deficiency IEM); resolved via UniProt->PR	plasma_17_hydroxypregnenolone	+	HP:0033809 Increased circulating 17 hydroxypregnenolone concentration	HP:0033809 Increased circulating 17 hydroxypregnenolone concentration	2026-02-16
HSD3B2	adrenal_hsd3b2_activity -	auto E1b: LoF of HSD3B2 (enzyme-deficiency IEM); resolved via UniProt->PR	plasma_androstenedione	+	HP:0025380 Increased circulating androstenedione concentration	HP:0025380 Increased circulating androstenedione concentration	2026-02-16
HSD3B2	adrenal_hsd3b2_activity -	auto E1b: LoF of HSD3B2 (enzyme-deficiency IEM); resolved via UniProt->PR	plasma_dheas	+	HP:0034589 Increased circulating dehydroepiandrosterone-sulfate concentration	HP:0034589 Increased circulating dehydroepiandrosterone-sulfate concentration	2026-02-16
HSD3B2	adrenal_hsd3b2_activity -	auto E1b: LoF of HSD3B2 (enzyme-deficiency IEM); resolved via UniProt->PR	plasma_glucose	-	HP:0001998 Neonatal hypoglycemia	HP:0001943 Hypoglycemia	2026-02-16
HSD3B2	adrenal_hsd3b2_activity -	auto E1b: LoF of HSD3B2 (enzyme-deficiency IEM); resolved via UniProt->PR	plasma_potassium	+	HP:0002153 Hyperkalemia	HP:0002153 Hyperkalemia	2026-02-16
HSD3B2	adrenal_hsd3b2_activity -	auto E1b: LoF of HSD3B2 (enzyme-deficiency IEM); resolved via UniProt->PR	plasma_sodium_concentration	-	HP:0002902 Hyponatremia	HP:0002902 Hyponatremia	2026-02-16
HSD3B2	adrenal_hsd3b2_activity -	auto E1b: LoF of HSD3B2 (enzyme-deficiency IEM); resolved via UniProt->PR	progesterone	+	HP:0031213 Elevated circulating 17-hydroxyprogesterone concentration	HP:0031216 Increased circulating progesterone	2026-02-16
HSD3B2	adrenal_hsd3b2_activity -	auto E1b: LoF of HSD3B2 (enzyme-deficiency IEM); resolved via UniProt->PR	renin	+	HP:0000848 Increased circulating renin concentration	HP:0000848 Increased circulating renin concentration	2026-02-16
IVD	ivd_activity -	auto E1b: LoF of IVD (enzyme-deficiency IEM); resolved via UniProt->PR	core_temperature	-	HP:0002045 Hypothermia	HP:0002045 Hypothermia	2026-02-16
IVD	ivd_activity -	auto E1b: LoF of IVD (enzyme-deficiency IEM); resolved via UniProt->PR	isovaleryl_coa_dehydrogenase_activity	-	HP:4000210 Reduced isovaleryl CoA dehydrogenase activity in cultured fibroblasts	HP:4000210 Reduced isovaleryl CoA dehydrogenase activity in cultured fibroblasts	2026-02-16
IVD	ivd_activity -	auto E1b: LoF of IVD (enzyme-deficiency IEM); resolved via UniProt->PR	plasma_acylcarnitine	+	HP:0033447 Elevated circulating isovalerylcarnitine concentration	HP:0045045 Elevated circulating acylcarnitine concentration	2026-02-16
IVD	ivd_activity -	auto E1b: LoF of IVD (enzyme-deficiency IEM); resolved via UniProt->PR	plasma_ammonia	+	HP:0001987 Hyperammonemia	HP:0001987 Hyperammonemia	2026-02-16
IVD	ivd_activity -	auto E1b: LoF of IVD (enzyme-deficiency IEM); resolved via UniProt->PR	plasma_c5_acylcarnitine	+	HP:0033447 Elevated circulating isovalerylcarnitine concentration	HP:0035019 Elevated circulating C5 acylcarnitine concentration	2026-02-16
IVD	ivd_activity -	auto E1b: LoF of IVD (enzyme-deficiency IEM); resolved via UniProt->PR	plasma_calcium	-	HP:0002901 Hypocalcemia	HP:0002901 Hypocalcemia	2026-02-16
IVD	ivd_activity -	auto E1b: LoF of IVD (enzyme-deficiency IEM); resolved via UniProt->PR	plasma_isovalerate	+	HP:0033148 Increased circulating isovaleric acid concentration	HP:0033148 Increased circulating isovaleric acid concentration	2026-02-16
IVD	ivd_activity -	auto E1b: LoF of IVD (enzyme-deficiency IEM); resolved via UniProt->PR	plasma_isovalerylcarnitine	+	HP:0033447 Elevated circulating isovalerylcarnitine concentration	HP:0033447 Elevated circulating isovalerylcarnitine concentration	2026-02-16
IVD	ivd_activity -	auto E1b: LoF of IVD (enzyme-deficiency IEM); resolved via UniProt->PR	plasma_ketone_bodies	+	HP:0001993 Ketoacidosis	HP:0001946 Ketosis	2026-02-16
IVD	ivd_activity -	auto E1b: LoF of IVD (enzyme-deficiency IEM); resolved via UniProt->PR	plasma_lactate	+	HP:0003128 Lactic acidosis	HP:0003128 Lactic acidosis	2026-02-16
IVD	ivd_activity -	auto E1b: LoF of IVD (enzyme-deficiency IEM); resolved via UniProt->PR	plasma_short_chain_acylcarnitine	+	HP:0033447 Elevated circulating isovalerylcarnitine concentration	HP:0035015 Elevated circulating short-chain acylcarnitine concentration	2026-02-16
IVD	ivd_activity -	auto E1b: LoF of IVD (enzyme-deficiency IEM); resolved via UniProt->PR	serum_anion_gap	+	HP:0031962 Elevated serum anion gap	HP:0031962 Elevated serum anion gap	2026-02-16
IVD	ivd_activity -	auto E1b: LoF of IVD (enzyme-deficiency IEM); resolved via UniProt->PR	urinary_amino_acids	+	HP:0003108 Hyperglycinuria; HP:6000602 Elevated urinary isovalerylglycine level	HP:0033097 Increased urine proteinogenic amino acid derivative level; HP:0033099 Increased serine family amino acid in urine; HP:0033100 Increased proteinogenic amino acid level in urine	2026-02-16
IVD	ivd_activity -	auto E1b: LoF of IVD (enzyme-deficiency IEM); resolved via UniProt->PR	urinary_glycine	+	HP:0003108 Hyperglycinuria	HP:0003108 Hyperglycinuria	2026-02-16
IVD	ivd_activity -	auto E1b: LoF of IVD (enzyme-deficiency IEM); resolved via UniProt->PR	urinary_isovalerylglycine	+	HP:6000602 Elevated urinary isovalerylglycine level	HP:6000602 Elevated urinary isovalerylglycine level	2026-02-16
IYD	iyd_activity -	auto E1b: LoF of IYD (enzyme-deficiency IEM); resolved via UniProt->PR	core_temperature	-	HP:0002045 Hypothermia	HP:0002045 Hypothermia	2026-02-16
IYD	iyd_activity -	auto E1b: LoF of IYD (enzyme-deficiency IEM); resolved via UniProt->PR	heart_rate	-	HP:0001662 Bradycardia	HP:0001662 Bradycardia	2026-02-16
IYD	iyd_activity -	auto E1b: LoF of IYD (enzyme-deficiency IEM); resolved via UniProt->PR	plasma_t4	-	HP:0031507 Decreased circulating T4 concentration	HP:0031507 Decreased circulating T4 concentration	2026-02-16
IYD	iyd_activity -	auto E1b: LoF of IYD (enzyme-deficiency IEM); resolved via UniProt->PR	tsh	+	HP:0002925 Elevated circulating thyroid-stimulating hormone concentration	HP:0002925 Elevated circulating thyroid-stimulating hormone concentration	2026-02-16
KHK	fructokinase_activity -	auto E1b: LoF of KHK (enzyme-deficiency IEM); resolved via UniProt->PR	plasma_glucose	+	HP:0003074 Hyperglycemia	HP:0003074 Hyperglycemia	2026-02-16
KHK	fructokinase_activity -	auto E1b: LoF of KHK (enzyme-deficiency IEM); resolved via UniProt->PR	urinary_fructose	+	HP:6000804 Elevated urine fructose level	HP:6000804 Elevated urine fructose level	2026-02-16
KYNU	kynu_activity -; kynureninase_activity -	auto E1b: LoF of KYNU (enzyme-deficiency IEM); resolved via UniProt->PR	heart_rate	+	HP:0001649 Tachycardia	HP:0001649 Tachycardia	2026-02-16
KYNU	kynu_activity -; kynureninase_activity -	auto E1b: LoF of KYNU (enzyme-deficiency IEM); resolved via UniProt->PR	mean_arterial_pressure	-	HP:0002615 Hypotension	HP:0002615 Hypotension	2026-02-16
KYNU	kynu_activity -; kynureninase_activity -	auto E1b: LoF of KYNU (enzyme-deficiency IEM); resolved via UniProt->PR	plasma_3_hydroxykynurenine	+	HP:6000776 Elevated circulating 3-hydroxykynurenine concentration	HP:6000776 Elevated circulating 3-hydroxykynurenine concentration	2026-02-16
KYNU	kynu_activity -; kynureninase_activity -	auto E1b: LoF of KYNU (enzyme-deficiency IEM); resolved via UniProt->PR	urinary_3_hydroxykynurenine	+	HP:6000265 Elevated urinary 3-hydroxykynurenine level	HP:6000265 Elevated urinary 3-hydroxykynurenine level	2026-02-16
KYNU	kynu_activity -; kynureninase_activity -	auto E1b: LoF of KYNU (enzyme-deficiency IEM); resolved via UniProt->PR	urinary_organic_acids	+	HP:6000121 Elevated urinary xanthurenic acid level	HP:0040156 Elevated urinary carboxylic acid	2026-02-16
KYNU	kynu_activity -; kynureninase_activity -	auto E1b: LoF of KYNU (enzyme-deficiency IEM); resolved via UniProt->PR	urinary_xanthurenate	+	HP:6000121 Elevated urinary xanthurenic acid level	HP:6000121 Elevated urinary xanthurenic acid level	2026-02-16
LCAT	lcat_activity -	auto E1b: LoF of LCAT (enzyme-deficiency IEM); resolved via UniProt->PR	hdl_cholesterol	-	HP:0003233 Decreased HDL cholesterol concentration	HP:0003233 Decreased HDL cholesterol concentration	2026-02-16
LCAT	lcat_activity -	auto E1b: LoF of LCAT (enzyme-deficiency IEM); resolved via UniProt->PR	plasma_total_lipids	+	HP:0002155 Hypertriglyceridemia	HP:0003077 Hyperlipidemia	2026-02-16
LCAT	lcat_activity -	auto E1b: LoF of LCAT (enzyme-deficiency IEM); resolved via UniProt->PR	plasma_triglycerides	+	HP:0002155 Hypertriglyceridemia	HP:0002155 Hypertriglyceridemia	2026-02-16
LCAT	lcat_activity -	auto E1b: LoF of LCAT (enzyme-deficiency IEM); resolved via UniProt->PR	plasma_vldl	+	HP:0003362 Increased VLDL cholesterol concentration	HP:0003362 Increased VLDL cholesterol concentration	2026-02-16
LDHA	muscle_lactate_dehydrogenase_activity -	auto E1b: LoF of LDHA (enzyme-deficiency IEM); resolved via UniProt->PR	plasma_calcium	+	HP:0003072 Hypercalcemia	HP:0003072 Hypercalcemia	2026-02-16
LDHA	muscle_lactate_dehydrogenase_activity -	auto E1b: LoF of LDHA (enzyme-deficiency IEM); resolved via UniProt->PR	plasma_creatine_kinase	+	HP:0003236 Elevated circulating creatine kinase concentration; HP:0008331 Elevated creatine kinase after exercise	HP:0003236 Elevated circulating creatine kinase concentration; HP:0008331 Elevated creatine kinase after exercise	2026-02-16
LDHA	muscle_lactate_dehydrogenase_activity -	auto E1b: LoF of LDHA (enzyme-deficiency IEM); resolved via UniProt->PR	plasma_pyruvate	+	HP:0003542 Increased circulating pyruvate concentration	HP:0003542 Increased circulating pyruvate concentration	2026-02-16
LDHA	muscle_lactate_dehydrogenase_activity -	auto E1b: LoF of LDHA (enzyme-deficiency IEM); resolved via UniProt->PR	plasma_transaminases	+	HP:0002910 Elevated circulating hepatic transaminase concentration	HP:0002910 Elevated circulating hepatic transaminase concentration	2026-02-16
LDLR	hepatic_ldl_receptor_activity -	familial hypercholesterolemia	ldl_cholesterol	+	HP:0003124 Hypercholesterolemia; HP:0003141 Increased LDL cholesterol concentration	HP:0003124 Hypercholesterolemia; HP:0003141 Increased LDL cholesterol concentration	2026-02-16
LDLR	hepatic_ldl_receptor_activity -	familial hypercholesterolemia	mean_arterial_pressure	+	HP:0000822 Hypertension	HP:0000822 Hypertension	2026-02-16
LDLR	hepatic_ldl_receptor_activity -	familial hypercholesterolemia	plasma_lipoprotein	+	HP:0003141 Increased LDL cholesterol concentration	HP:0010980 Hyperlipoproteinemia	2026-02-16
LDLR	hepatic_ldl_receptor_activity -	familial hypercholesterolemia	plasma_total_lipids	+	HP:0003077 Hyperlipidemia	HP:0003077 Hyperlipidemia	2026-02-16
LEPR	lepr_signaling -	auto E1b: LoF of LEPR (enzyme-deficiency IEM); resolved via UniProt->PR	estradiol	-	HP:0008214 Decreased serum estradiol	HP:0008214 Decreased serum estradiol	2026-02-16
LEPR	lepr_signaling -	auto E1b: LoF of LEPR (enzyme-deficiency IEM); resolved via UniProt->PR	mean_arterial_pressure	-	HP:0004926 Orthostatic hypotension due to autonomic dysfunction	HP:0002615 Hypotension	2026-02-16
LEPR	lepr_signaling -	auto E1b: LoF of LEPR (enzyme-deficiency IEM); resolved via UniProt->PR	plasma_androgen	-	HP:0040171 Decreased serum testosterone concentration	HP:0030349 Decreased circulating androgen concentration	2026-02-16
LEPR	lepr_signaling -	auto E1b: LoF of LEPR (enzyme-deficiency IEM); resolved via UniProt->PR	plasma_insulin	+	HP:0000842 Hyperinsulinemia	HP:0000842 Hyperinsulinemia	2026-02-16
LEPR	lepr_signaling -	auto E1b: LoF of LEPR (enzyme-deficiency IEM); resolved via UniProt->PR	plasma_total_lipids	+	HP:0002155 Hypertriglyceridemia	HP:0003077 Hyperlipidemia	2026-02-16
LEPR	lepr_signaling -	auto E1b: LoF of LEPR (enzyme-deficiency IEM); resolved via UniProt->PR	plasma_triglycerides	+	HP:0002155 Hypertriglyceridemia	HP:0002155 Hypertriglyceridemia	2026-02-16
LEPR	lepr_signaling -	auto E1b: LoF of LEPR (enzyme-deficiency IEM); resolved via UniProt->PR	testosterone	-	HP:0040171 Decreased serum testosterone concentration	HP:0040171 Decreased serum testosterone concentration	2026-02-16
LIAS	lias_activity -	auto E1b: LoF of LIAS (enzyme-deficiency IEM); resolved via UniProt->PR	glycine_cleavage_enzyme_activity	-	HP:6000829 Reduced tissue glycine cleavage enzyme activity	HP:6000829 Reduced tissue glycine cleavage enzyme activity	2026-02-16
LIAS	lias_activity -	auto E1b: LoF of LIAS (enzyme-deficiency IEM); resolved via UniProt->PR	plasma_lactate	+	HP:0002151 Increased circulating lactate concentration; HP:0003128 Lactic acidosis	HP:0002151 Increased circulating lactate concentration; HP:0003128 Lactic acidosis	2026-02-16
LIAS	lias_activity -	auto E1b: LoF of LIAS (enzyme-deficiency IEM); resolved via UniProt->PR	pyruvate_dehydrogenase_activity	-	HP:0002928 Decreased activity of the pyruvate dehydrogenase complex	HP:0002928 Decreased activity of the pyruvate dehydrogenase complex	2026-02-16
LIPA	lysosomal_acid_lipase_activity -	auto E1b: LoF of LIPA (enzyme-deficiency IEM); resolved via UniProt->PR	alkaline_phosphatase	-	HP:0003282 Decreased circulating alkaline phosphatase activity	HP:0003282 Decreased circulating alkaline phosphatase activity	2026-02-16
LIPA	lysosomal_acid_lipase_activity -	auto E1b: LoF of LIPA (enzyme-deficiency IEM); resolved via UniProt->PR	hdl_cholesterol	-	HP:0003233 Decreased HDL cholesterol concentration	HP:0003233 Decreased HDL cholesterol concentration	2026-02-16
LIPA	lysosomal_acid_lipase_activity -	auto E1b: LoF of LIPA (enzyme-deficiency IEM); resolved via UniProt->PR	ldl_cholesterol	+	HP:0003124 Hypercholesterolemia; HP:0003141 Increased LDL cholesterol concentration	HP:0003124 Hypercholesterolemia; HP:0003141 Increased LDL cholesterol concentration	2026-02-16
LIPA	lysosomal_acid_lipase_activity -	auto E1b: LoF of LIPA (enzyme-deficiency IEM); resolved via UniProt->PR	plasma_alt	+	HP:0031964 Elevated circulating alanine aminotransferase concentration	HP:0031964 Elevated circulating alanine aminotransferase concentration	2026-02-16
LIPA	lysosomal_acid_lipase_activity -	auto E1b: LoF of LIPA (enzyme-deficiency IEM); resolved via UniProt->PR	plasma_ast	+	HP:0031956 Elevated circulating aspartate aminotransferase concentration	HP:0031956 Elevated circulating aspartate aminotransferase concentration	2026-02-16
LIPA	lysosomal_acid_lipase_activity -	auto E1b: LoF of LIPA (enzyme-deficiency IEM); resolved via UniProt->PR	plasma_ggt	+	HP:0030948 Elevated gamma-glutamyltransferase level	HP:0030948 Elevated gamma-glutamyltransferase level	2026-02-16
LIPA	lysosomal_acid_lipase_activity -	auto E1b: LoF of LIPA (enzyme-deficiency IEM); resolved via UniProt->PR	plasma_ldh	+	HP:0025435 Increased circulating lactate dehydrogenase concentration	HP:0025435 Increased circulating lactate dehydrogenase concentration	2026-02-16
LIPA	lysosomal_acid_lipase_activity -	auto E1b: LoF of LIPA (enzyme-deficiency IEM); resolved via UniProt->PR	plasma_total_lipids	+	HP:0002155 Hypertriglyceridemia	HP:0003077 Hyperlipidemia	2026-02-16
LIPA	lysosomal_acid_lipase_activity -	auto E1b: LoF of LIPA (enzyme-deficiency IEM); resolved via UniProt->PR	plasma_transaminases	+	HP:0031956 Elevated circulating aspartate aminotransferase concentration; HP:0031964 Elevated circulating alanine aminotransferase concentration	HP:0002910 Elevated circulating hepatic transaminase concentration	2026-02-16
LIPA	lysosomal_acid_lipase_activity -	auto E1b: LoF of LIPA (enzyme-deficiency IEM); resolved via UniProt->PR	plasma_triglycerides	+	HP:0002155 Hypertriglyceridemia	HP:0002155 Hypertriglyceridemia	2026-02-16
LIPC	hepatic_lipase_activity -	auto E1b: LoF of LIPC (enzyme-deficiency IEM); resolved via UniProt->PR	hdl_cholesterol	+	HP:0012184 Increased HDL cholesterol concentration	HP:0012184 Increased HDL cholesterol concentration	2026-02-16
LIPC	hepatic_lipase_activity -	auto E1b: LoF of LIPC (enzyme-deficiency IEM); resolved via UniProt->PR	ldl_cholesterol	+	HP:0003124 Hypercholesterolemia	HP:0003124 Hypercholesterolemia	2026-02-16
LIPC	hepatic_lipase_activity -	auto E1b: LoF of LIPC (enzyme-deficiency IEM); resolved via UniProt->PR	plasma_lipoprotein	+	HP:0012184 Increased HDL cholesterol concentration	HP:0010980 Hyperlipoproteinemia	2026-02-16
LIPC	hepatic_lipase_activity -	auto E1b: LoF of LIPC (enzyme-deficiency IEM); resolved via UniProt->PR	plasma_total_lipids	+	HP:0002155 Hypertriglyceridemia	HP:0003077 Hyperlipidemia	2026-02-16
LIPC	hepatic_lipase_activity -	auto E1b: LoF of LIPC (enzyme-deficiency IEM); resolved via UniProt->PR	plasma_triglycerides	+	HP:0002155 Hypertriglyceridemia	HP:0002155 Hypertriglyceridemia	2026-02-16
LIPE	adipose_hsl_activity -	auto E1b: LoF of LIPE (enzyme-deficiency IEM); resolved via UniProt->PR	mean_arterial_pressure	+	HP:0000822 Hypertension	HP:0000822 Hypertension	2026-02-16
LIPE	adipose_hsl_activity -	auto E1b: LoF of LIPE (enzyme-deficiency IEM); resolved via UniProt->PR	plasma_adiponectin	-	HP:0030685 Decreased adiponectin level	HP:0030685 Decreased adiponectin level	2026-02-16
LIPE	adipose_hsl_activity -	auto E1b: LoF of LIPE (enzyme-deficiency IEM); resolved via UniProt->PR	plasma_creatine_kinase	+	HP:0003236 Elevated circulating creatine kinase concentration	HP:0003236 Elevated circulating creatine kinase concentration	2026-02-16
LIPE	adipose_hsl_activity -	auto E1b: LoF of LIPE (enzyme-deficiency IEM); resolved via UniProt->PR	plasma_total_lipids	+	HP:0002155 Hypertriglyceridemia; HP:0003077 Hyperlipidemia	HP:0003077 Hyperlipidemia	2026-02-16
LIPE	adipose_hsl_activity -	auto E1b: LoF of LIPE (enzyme-deficiency IEM); resolved via UniProt->PR	plasma_triglycerides	+	HP:0002155 Hypertriglyceridemia	HP:0002155 Hypertriglyceridemia	2026-02-16
LPL	lipoprotein_lipase_activity -	auto E1b: LoF of LPL (enzyme-deficiency IEM); resolved via UniProt->PR	plasma_apolipoprotein	+	HP:0031798 Elevated circulating apolipoprotein B concentration; HP:0031800 Elevated circulating apolipoprotein A-II concentration	HP:0033460 Increased circulating apolipoprotein circulation	2026-02-16
LPL	lipoprotein_lipase_activity -	auto E1b: LoF of LPL (enzyme-deficiency IEM); resolved via UniProt->PR	plasma_apolipoprotein_a2	+	HP:0031800 Elevated circulating apolipoprotein A-II concentration	HP:0031800 Elevated circulating apolipoprotein A-II concentration	2026-02-16
LPL	lipoprotein_lipase_activity -	auto E1b: LoF of LPL (enzyme-deficiency IEM); resolved via UniProt->PR	plasma_apolipoprotein_b	+	HP:0031798 Elevated circulating apolipoprotein B concentration	HP:0031798 Elevated circulating apolipoprotein B concentration	2026-02-16
LPL	lipoprotein_lipase_activity -	auto E1b: LoF of LPL (enzyme-deficiency IEM); resolved via UniProt->PR	plasma_chylomicron	+	HP:0012238 Increased circulating chylomicron concentration	HP:0012238 Increased circulating chylomicron concentration	2026-02-16
LPL	lipoprotein_lipase_activity -	auto E1b: LoF of LPL (enzyme-deficiency IEM); resolved via UniProt->PR	plasma_lipoprotein	+	HP:0003141 Increased LDL cholesterol concentration; HP:0003362 Increased VLDL cholesterol concentration; HP:0012238 Increased circulating chylomicron concentration	HP:0010980 Hyperlipoproteinemia	2026-02-16
LPL	lipoprotein_lipase_activity -	auto E1b: LoF of LPL (enzyme-deficiency IEM); resolved via UniProt->PR	plasma_total_lipids	+	HP:0003077 Hyperlipidemia; HP:0031028 Lactescent serum	HP:0003077 Hyperlipidemia	2026-02-16
LPL	lipoprotein_lipase_activity -	auto E1b: LoF of LPL (enzyme-deficiency IEM); resolved via UniProt->PR	plasma_triglycerides	+	HP:0031028 Lactescent serum	HP:0002155 Hypertriglyceridemia	2026-02-16
LPL	lipoprotein_lipase_activity -	auto E1b: LoF of LPL (enzyme-deficiency IEM); resolved via UniProt->PR	plasma_vldl	+	HP:0003362 Increased VLDL cholesterol concentration	HP:0003362 Increased VLDL cholesterol concentration	2026-02-16
MAN2B1	alpha_mannosidase_activity -	auto E1b: LoF of MAN2B1 (enzyme-deficiency IEM); resolved via UniProt->PR	plasma_immunoglobulin	-	HP:0004313 Decreased circulating immunoglobulin concentration	HP:0004313 Decreased circulating immunoglobulin concentration	2026-02-16
MANBA	beta_mannosidase_activity -	auto E1b: LoF of MANBA (enzyme-deficiency IEM); resolved via UniProt->PR	urinary_disaccharides	+	HP:0012066 Increased urinary disaccharide excretion	HP:0012066 Increased urinary disaccharide excretion	2026-02-16
MCCC1	mcc_activity -	auto E1b: LoF of MCCC1 (enzyme-deficiency IEM); resolved via UniProt->PR	methylcrotonyl_coa_carboxylase_activity	-	HP:4000206 Reduced 3-methylcrotonyl CoA carboxylase activity in cultured fibroblasts	HP:4000206 Reduced 3-methylcrotonyl CoA carboxylase activity in cultured fibroblasts	2026-02-16
MCCC1	mcc_activity -	auto E1b: LoF of MCCC1 (enzyme-deficiency IEM); resolved via UniProt->PR	plasma_ammonia	+	HP:0001987 Hyperammonemia; HP:0008281 Acute hyperammonemia	HP:0001987 Hyperammonemia	2026-02-16
MCCC1	mcc_activity -	auto E1b: LoF of MCCC1 (enzyme-deficiency IEM); resolved via UniProt->PR	plasma_glucose	-	HP:0001943 Hypoglycemia	HP:0001943 Hypoglycemia	2026-02-16
MCCC1	mcc_activity -	auto E1b: LoF of MCCC1 (enzyme-deficiency IEM); resolved via UniProt->PR	urinary_3_methylcrotonylglycine	+	HP:0033596 Elevated urinary 3-methylcrotonylglycine level	HP:0033596 Elevated urinary 3-methylcrotonylglycine level	2026-02-16
MCCC1	mcc_activity -	auto E1b: LoF of MCCC1 (enzyme-deficiency IEM); resolved via UniProt->PR	urinary_organic_acids	+	HP:0033596 Elevated urinary 3-methylcrotonylglycine level	HP:0040156 Elevated urinary carboxylic acid	2026-02-16
MLYCD	mlycd_activity -	auto E1b: LoF of MLYCD (enzyme-deficiency IEM); resolved via UniProt->PR	malonyl_coa_decarboxylase_activity	-	HP:6000355 Reduced malonyl-CoA decarboxylase activity in cultured fibroblasts	HP:6000355 Reduced malonyl-CoA decarboxylase activity in cultured fibroblasts	2026-02-16
MLYCD	mlycd_activity -	auto E1b: LoF of MLYCD (enzyme-deficiency IEM); resolved via UniProt->PR	plasma_glucose	-	HP:0001943 Hypoglycemia	HP:0001943 Hypoglycemia	2026-02-16
MLYCD	mlycd_activity -	auto E1b: LoF of MLYCD (enzyme-deficiency IEM); resolved via UniProt->PR	plasma_ketone_bodies	+	HP:0001946 Ketosis	HP:0001946 Ketosis	2026-02-16
MLYCD	mlycd_activity -	auto E1b: LoF of MLYCD (enzyme-deficiency IEM); resolved via UniProt->PR	plasma_lactate	+	HP:0003128 Lactic acidosis	HP:0003128 Lactic acidosis	2026-02-16
MLYCD	mlycd_activity -	auto E1b: LoF of MLYCD (enzyme-deficiency IEM); resolved via UniProt->PR	plasma_malonylcarnitine	+	HP:6001315 Elevated circulating malonyl carnitine concentration	HP:6001315 Elevated circulating malonyl carnitine concentration	2026-02-16
MLYCD	mlycd_activity -	auto E1b: LoF of MLYCD (enzyme-deficiency IEM); resolved via UniProt->PR	urinary_malonate	+	HP:0034657 Elevated urine malonic acid level	HP:0034657 Elevated urine malonic acid level	2026-02-16
MLYCD	mlycd_activity -	auto E1b: LoF of MLYCD (enzyme-deficiency IEM); resolved via UniProt->PR	urinary_organic_acids	+	HP:0012120 Methylmalonic aciduria; HP:0033213 Elevated urine suberic acid level; HP:0034657 Elevated urine malonic acid level	HP:0040156 Elevated urinary carboxylic acid	2026-02-16
MLYCD	mlycd_activity -	auto E1b: LoF of MLYCD (enzyme-deficiency IEM); resolved via UniProt->PR	urinary_suberic_acid	+	HP:0033213 Elevated urine suberic acid level	HP:0033213 Elevated urine suberic acid level	2026-02-16
MMUT	mut_activity -	auto E1b: LoF of MMUT (enzyme-deficiency IEM); resolved via UniProt->PR	plasma_ammonia	+	HP:0001987 Hyperammonemia	HP:0001987 Hyperammonemia	2026-02-16
MMUT	mut_activity -	auto E1b: LoF of MMUT (enzyme-deficiency IEM); resolved via UniProt->PR	plasma_glucose	-	HP:0001943 Hypoglycemia	HP:0001943 Hypoglycemia	2026-02-16
MMUT	mut_activity -	auto E1b: LoF of MMUT (enzyme-deficiency IEM); resolved via UniProt->PR	plasma_glycine	+	HP:0002154 Hyperglycinemia	HP:0002154 Hyperglycinemia	2026-02-16
MMUT	mut_activity -	auto E1b: LoF of MMUT (enzyme-deficiency IEM); resolved via UniProt->PR	plasma_ketone_bodies	+	HP:0005979 Metabolic ketoacidosis	HP:0001946 Ketosis	2026-02-16
MMUT	mut_activity -	auto E1b: LoF of MMUT (enzyme-deficiency IEM); resolved via UniProt->PR	urinary_organic_acids	+	HP:0012120 Methylmalonic aciduria	HP:0040156 Elevated urinary carboxylic acid	2026-02-16
MOGS	mannosyl_oligosaccharide_glucosidase_activity -	auto E1b: LoF of MOGS (enzyme-deficiency IEM); resolved via UniProt->PR	plasma_ast	+	HP:0031956 Elevated circulating aspartate aminotransferase concentration	HP:0031956 Elevated circulating aspartate aminotransferase concentration	2026-02-16
MOGS	mannosyl_oligosaccharide_glucosidase_activity -	auto E1b: LoF of MOGS (enzyme-deficiency IEM); resolved via UniProt->PR	plasma_iga	-	HP:0002720 Decreased circulating IgA concentration	HP:0002720 Decreased circulating IgA concentration	2026-02-16
MOGS	mannosyl_oligosaccharide_glucosidase_activity -	auto E1b: LoF of MOGS (enzyme-deficiency IEM); resolved via UniProt->PR	plasma_igg	-	HP:0004315 Decreased circulating IgG concentration	HP:0004315 Decreased circulating IgG concentration	2026-02-16
MOGS	mannosyl_oligosaccharide_glucosidase_activity -	auto E1b: LoF of MOGS (enzyme-deficiency IEM); resolved via UniProt->PR	plasma_igm	-	HP:0002850 Decreased circulating total IgM	HP:0002850 Decreased circulating total IgM	2026-02-16
MOGS	mannosyl_oligosaccharide_glucosidase_activity -	auto E1b: LoF of MOGS (enzyme-deficiency IEM); resolved via UniProt->PR	plasma_immunoglobulin	-	HP:0002720 Decreased circulating IgA concentration; HP:0002850 Decreased circulating total IgM; HP:0004313 Decreased circulating immunoglobulin concentration; HP:0004315 Decreased circulating IgG concentration	HP:0004313 Decreased circulating immunoglobulin concentration	2026-02-16
MOGS	mannosyl_oligosaccharide_glucosidase_activity -	auto E1b: LoF of MOGS (enzyme-deficiency IEM); resolved via UniProt->PR	plasma_transaminases	+	HP:0031956 Elevated circulating aspartate aminotransferase concentration	HP:0002910 Elevated circulating hepatic transaminase concentration	2026-02-16
MPI	phosphomannose_isomerase_activity -	auto E1b: LoF of MPI (enzyme-deficiency IEM); resolved via UniProt->PR	plasma_albumin	-	HP:0003073 Hypoalbuminemia	HP:0003073 Hypoalbuminemia	2026-02-16
MPI	phosphomannose_isomerase_activity -	auto E1b: LoF of MPI (enzyme-deficiency IEM); resolved via UniProt->PR	plasma_insulin	+	HP:0000825 Hyperinsulinemic hypoglycemia	HP:0000842 Hyperinsulinemia	2026-02-16
MTR	methionine_synthase_activity -	auto E1b: LoF of MTR (enzyme-deficiency IEM); resolved via UniProt->PR	plasma_homocysteine	+	HP:0002160 Hyperhomocystinemia	HP:0002160 Hyperhomocystinemia	2026-02-16
MTR	methionine_synthase_activity -	auto E1b: LoF of MTR (enzyme-deficiency IEM); resolved via UniProt->PR	plasma_methionine	-	HP:0003658 Hypomethioninemia	HP:0003658 Hypomethioninemia	2026-02-16
MTR	methionine_synthase_activity -	auto E1b: LoF of MTR (enzyme-deficiency IEM); resolved via UniProt->PR	plasma_methylcobalamin	-	HP:0003223 Decreased circulating methylcobalamin concentration	HP:0003223 Decreased circulating methylcobalamin concentration	2026-02-16
MTR	methionine_synthase_activity -	auto E1b: LoF of MTR (enzyme-deficiency IEM); resolved via UniProt->PR	urinary_amino_acids	+	HP:0002156 Homocystinuria	HP:0033095 Increased sulfur amino acid level in urine; HP:0033100 Increased proteinogenic amino acid level in urine	2026-02-16
MTR	methionine_synthase_activity -	auto E1b: LoF of MTR (enzyme-deficiency IEM); resolved via UniProt->PR	urinary_organic_acids	+	HP:0012120 Methylmalonic aciduria	HP:0040156 Elevated urinary carboxylic acid	2026-02-16
MTTP	mttp_activity -	auto E1b: LoF of MTTP (enzyme-deficiency IEM); resolved via UniProt->PR	hdl_cholesterol	-	HP:0003233 Decreased HDL cholesterol concentration	HP:0003233 Decreased HDL cholesterol concentration	2026-02-16
MTTP	mttp_activity -	auto E1b: LoF of MTTP (enzyme-deficiency IEM); resolved via UniProt->PR	ldl_cholesterol	-	HP:0003563 Decreased LDL cholesterol concentration; HP:0008181 Abetalipoproteinemia	HP:0003563 Decreased LDL cholesterol concentration	2026-02-16
MTTP	mttp_activity -	auto E1b: LoF of MTTP (enzyme-deficiency IEM); resolved via UniProt->PR	plasma_albumin	-	HP:0003073 Hypoalbuminemia	HP:0003073 Hypoalbuminemia	2026-02-16
MTTP	mttp_activity -	auto E1b: LoF of MTTP (enzyme-deficiency IEM); resolved via UniProt->PR	plasma_lipoprotein	-	HP:0003233 Decreased HDL cholesterol concentration; HP:0003563 Decreased LDL cholesterol concentration; HP:0008181 Abetalipoproteinemia	HP:0010981 Hypolipoproteinemia	2026-02-16
MTTP	mttp_activity -	auto E1b: LoF of MTTP (enzyme-deficiency IEM); resolved via UniProt->PR	plasma_total_lipids	-	HP:0012153 Hypotriglyceridemia	HP:0045014 Hypolipidemia	2026-02-16
MTTP	mttp_activity -	auto E1b: LoF of MTTP (enzyme-deficiency IEM); resolved via UniProt->PR	plasma_transaminases	+	HP:0002910 Elevated circulating hepatic transaminase concentration	HP:0002910 Elevated circulating hepatic transaminase concentration	2026-02-16
MTTP	mttp_activity -	auto E1b: LoF of MTTP (enzyme-deficiency IEM); resolved via UniProt->PR	plasma_triglycerides	-	HP:0012153 Hypotriglyceridemia	HP:0012153 Hypotriglyceridemia	2026-02-16
MVK	mevalonate_kinase_activity -	auto E1b: LoF of MVK (enzyme-deficiency IEM); resolved via UniProt->PR	c_reactive_protein	+	HP:0011227 Elevated circulating C-reactive protein concentration	HP:0011227 Elevated circulating C-reactive protein concentration	2026-02-16
MVK	mevalonate_kinase_activity -	auto E1b: LoF of MVK (enzyme-deficiency IEM); resolved via UniProt->PR	erythrocyte_sedimentation_rate	+	HP:0003565 Elevated erythrocyte sedimentation rate	HP:0003565 Elevated erythrocyte sedimentation rate	2026-02-16
MVK	mevalonate_kinase_activity -	auto E1b: LoF of MVK (enzyme-deficiency IEM); resolved via UniProt->PR	plasma_creatine_kinase	+	HP:0003236 Elevated circulating creatine kinase concentration	HP:0003236 Elevated circulating creatine kinase concentration	2026-02-16
MVK	mevalonate_kinase_activity -	auto E1b: LoF of MVK (enzyme-deficiency IEM); resolved via UniProt->PR	plasma_iga	+	HP:0003261 Increased circulating IgA concentration	HP:0003261 Increased circulating IgA concentration	2026-02-16
MVK	mevalonate_kinase_activity -	auto E1b: LoF of MVK (enzyme-deficiency IEM); resolved via UniProt->PR	plasma_igd	+	HP:0410246 Increased circulating IgD concentration	HP:0410246 Increased circulating IgD concentration	2026-02-16
MVK	mevalonate_kinase_activity -	auto E1b: LoF of MVK (enzyme-deficiency IEM); resolved via UniProt->PR	plasma_immunoglobulin	+	HP:0003261 Increased circulating IgA concentration; HP:0410246 Increased circulating IgD concentration	HP:0010702 Increased circulating immunoglobulin concentration	2026-02-16
MVK	mevalonate_kinase_activity -	auto E1b: LoF of MVK (enzyme-deficiency IEM); resolved via UniProt->PR	plasma_ldh	+	HP:0025435 Increased circulating lactate dehydrogenase concentration	HP:0025435 Increased circulating lactate dehydrogenase concentration	2026-02-16
MVK	mevalonate_kinase_activity -	auto E1b: LoF of MVK (enzyme-deficiency IEM); resolved via UniProt->PR	plasma_transaminases	+	HP:0002910 Elevated circulating hepatic transaminase concentration	HP:0002910 Elevated circulating hepatic transaminase concentration	2026-02-16
MVK	mevalonate_kinase_activity -	auto E1b: LoF of MVK (enzyme-deficiency IEM); resolved via UniProt->PR	urinary_d_glycerate	+	HP:6000606 Elevated urinary D-glyceric acid level	HP:6000606 Elevated urinary D-glyceric acid level	2026-02-16
MVK	mevalonate_kinase_activity -	auto E1b: LoF of MVK (enzyme-deficiency IEM); resolved via UniProt->PR	urinary_mevalonate	+	HP:0032638 Elevated urine mevalonic acid level	HP:0032638 Elevated urine mevalonic acid level	2026-02-16
MVK	mevalonate_kinase_activity -	auto E1b: LoF of MVK (enzyme-deficiency IEM); resolved via UniProt->PR	urinary_organic_acids	+	HP:0032638 Elevated urine mevalonic acid level	HP:0040156 Elevated urinary carboxylic acid	2026-02-16
OAT	ornithine_aminotransferase_activity -	auto E1b: LoF of OAT (enzyme-deficiency IEM); resolved via UniProt->PR	plasma_ornithine	+	HP:0012026 Hyperornithinemia	HP:0012026 Hyperornithinemia	2026-02-16
PAH	pah_enzyme_activity -	phenylketonuria	plasma_phenylalanine	+	HP:0004923 Hyperphenylalaninemia	HP:0004923 Hyperphenylalaninemia	2026-02-16
PAH	pah_enzyme_activity -	phenylketonuria	urinary_gamma_glutamylphenylalanine	+	HP:6000281 Elevated urinary gamma-glutamylphenylalanine level	HP:6000281 Elevated urinary gamma-glutamylphenylalanine level	2026-02-16
PAH	pah_enzyme_activity -	phenylketonuria	urinary_hippuric_acid	+	HP:0410066 Increased level of hippuric acid in urine	HP:0410066 Increased level of hippuric acid in urine	2026-02-16
PAH	pah_enzyme_activity -	phenylketonuria	urinary_organic_acids	+	HP:0034458 Elevated urinary phenylpyruvic acid level	HP:0040156 Elevated urinary carboxylic acid	2026-02-16
PAH	pah_enzyme_activity -	phenylketonuria	urinary_phenylpyruvate	+	HP:0034458 Elevated urinary phenylpyruvic acid level	HP:0034458 Elevated urinary phenylpyruvic acid level	2026-02-16
PCK1	pepck_activity -	auto E1b: LoF of PCK1 (enzyme-deficiency IEM); resolved via UniProt->PR	plasma_alt	+	HP:0031964 Elevated circulating alanine aminotransferase concentration	HP:0031964 Elevated circulating alanine aminotransferase concentration	2026-02-16
PCK1	pepck_activity -	auto E1b: LoF of PCK1 (enzyme-deficiency IEM); resolved via UniProt->PR	plasma_ammonia	+	HP:0001987 Hyperammonemia	HP:0001987 Hyperammonemia	2026-02-16
PCK1	pepck_activity -	auto E1b: LoF of PCK1 (enzyme-deficiency IEM); resolved via UniProt->PR	plasma_ast	+	HP:0031956 Elevated circulating aspartate aminotransferase concentration	HP:0031956 Elevated circulating aspartate aminotransferase concentration	2026-02-16
PCK1	pepck_activity -	auto E1b: LoF of PCK1 (enzyme-deficiency IEM); resolved via UniProt->PR	plasma_citrulline	-	HP:0003572 Low plasma citrulline	HP:0003572 Low plasma citrulline	2026-02-16
PCK1	pepck_activity -	auto E1b: LoF of PCK1 (enzyme-deficiency IEM); resolved via UniProt->PR	plasma_glucose	-	HP:0001943 Hypoglycemia; HP:0001988 Recurrent hypoglycemia; HP:0001998 Neonatal hypoglycemia; HP:0002173 Hypoglycemic seizures; HP:0003162 Fasting hypoglycemia	HP:0001943 Hypoglycemia	2026-02-16
PCK1	pepck_activity -	auto E1b: LoF of PCK1 (enzyme-deficiency IEM); resolved via UniProt->PR	plasma_glutamine	+	HP:0003217 Hyperglutaminemia	HP:0003217 Hyperglutaminemia	2026-02-16
PCK1	pepck_activity -	auto E1b: LoF of PCK1 (enzyme-deficiency IEM); resolved via UniProt->PR	plasma_lactate	+	HP:0002151 Increased circulating lactate concentration; HP:0003128 Lactic acidosis	HP:0002151 Increased circulating lactate concentration; HP:0003128 Lactic acidosis	2026-02-16
PCK1	pepck_activity -	auto E1b: LoF of PCK1 (enzyme-deficiency IEM); resolved via UniProt->PR	plasma_transaminases	+	HP:0031956 Elevated circulating aspartate aminotransferase concentration; HP:0031964 Elevated circulating alanine aminotransferase concentration	HP:0002910 Elevated circulating hepatic transaminase concentration	2026-02-16
PCK1	pepck_activity -	auto E1b: LoF of PCK1 (enzyme-deficiency IEM); resolved via UniProt->PR	urinary_alpha_ketoglutarate	+	HP:0012402 Increased urine alpha-ketoglutarate concentration	HP:0012402 Increased urine alpha-ketoglutarate concentration	2026-02-16
PCK1	pepck_activity -	auto E1b: LoF of PCK1 (enzyme-deficiency IEM); resolved via UniProt->PR	urinary_fumarate	+	HP:0034648 Elevated urine fumaric acid level	HP:0034648 Elevated urine fumaric acid level	2026-02-16
PCK1	pepck_activity -	auto E1b: LoF of PCK1 (enzyme-deficiency IEM); resolved via UniProt->PR	urinary_organic_acids	+	HP:0034648 Elevated urine fumaric acid level	HP:0040156 Elevated urinary carboxylic acid	2026-02-16
PDHA1	pdh_complex_activity -	auto E1b: LoF of PDHA1 (enzyme-deficiency IEM); resolved via UniProt->PR	csf_lactate	+	HP:0002490 Increased CSF lactate	HP:0002490 Increased CSF lactate	2026-02-16
PDHA1	pdh_complex_activity -	auto E1b: LoF of PDHA1 (enzyme-deficiency IEM); resolved via UniProt->PR	plasma_alanine	+	HP:0003348 Hyperalaninemia	HP:0003348 Hyperalaninemia	2026-02-16
PDHA1	pdh_complex_activity -	auto E1b: LoF of PDHA1 (enzyme-deficiency IEM); resolved via UniProt->PR	plasma_lactate	+	HP:0002151 Increased circulating lactate concentration; HP:0003128 Lactic acidosis; HP:0004900 Severe lactic acidosis; HP:0004902 Congenital lactic acidosis; HP:0004925 Chronic lactic acidosis	HP:0002151 Increased circulating lactate concentration; HP:0003128 Lactic acidosis	2026-02-16
PDHA1	pdh_complex_activity -	auto E1b: LoF of PDHA1 (enzyme-deficiency IEM); resolved via UniProt->PR	plasma_pyruvate	+	HP:0003542 Increased circulating pyruvate concentration	HP:0003542 Increased circulating pyruvate concentration	2026-02-16
PDHA1	pdh_complex_activity -	auto E1b: LoF of PDHA1 (enzyme-deficiency IEM); resolved via UniProt->PR	pyruvate_dehydrogenase_activity	-	HP:0002928 Decreased activity of the pyruvate dehydrogenase complex	HP:0002928 Decreased activity of the pyruvate dehydrogenase complex	2026-02-16
PHEX	fgf23 +	X-linked hypophosphatemia -> excess FGF23	alkaline_phosphatase	+	HP:0003155 Elevated circulating alkaline phosphatase concentration	HP:0003155 Elevated circulating alkaline phosphatase concentration	2026-02-16
PHEX	fgf23 +	X-linked hypophosphatemia -> excess FGF23	plasma_phosphate	-	HP:0002148 Hypophosphatemia; HP:0004912 Hypophosphatemic rickets	HP:0002148 Hypophosphatemia	2026-02-16
PHEX	fgf23 +	X-linked hypophosphatemia -> excess FGF23	pth	+	HP:0003165 Elevated circulating parathyroid hormone level	HP:0003165 Elevated circulating parathyroid hormone level	2026-02-16
PHYH	phytanoyl_coa_hydroxylase_activity -	auto E1b: LoF of PHYH (enzyme-deficiency IEM); resolved via UniProt->PR	csf_protein	+	HP:0002922 Increased CSF protein concentration	HP:0002922 Increased CSF protein concentration	2026-02-16
PHYH	phytanoyl_coa_hydroxylase_activity -	auto E1b: LoF of PHYH (enzyme-deficiency IEM); resolved via UniProt->PR	plasma_phytanic_acid	+	HP:0010571 Elevated circulating phytanic acid concentration	HP:0010571 Elevated circulating phytanic acid concentration	2026-02-16
PKLR	erythrocyte_pyruvate_kinase_activity -; pyruvate_kinase_activity -	auto E1b: LoF of PKLR (enzyme-deficiency IEM); resolved via UniProt->PR	ferritin_stores	+	HP:0003281 Increased circulating ferritin concentration	HP:0003281 Increased circulating ferritin concentration	2026-02-16
PKLR	erythrocyte_pyruvate_kinase_activity -; pyruvate_kinase_activity -	auto E1b: LoF of PKLR (enzyme-deficiency IEM); resolved via UniProt->PR	plasma_haptoglobin	-	HP:0020181 Reduced haptoglobin level	HP:0020181 Reduced haptoglobin level	2026-02-16
PKLR	erythrocyte_pyruvate_kinase_activity -; pyruvate_kinase_activity -	auto E1b: LoF of PKLR (enzyme-deficiency IEM); resolved via UniProt->PR	plasma_iron	+	HP:0003452 Increased circulating iron concentration	HP:0003452 Increased circulating iron concentration	2026-02-16
PKLR	erythrocyte_pyruvate_kinase_activity -; pyruvate_kinase_activity -	auto E1b: LoF of PKLR (enzyme-deficiency IEM); resolved via UniProt->PR	plasma_unconjugated_bilirubin	+	HP:0008282 Unconjugated hyperbilirubinemia	HP:0008282 Unconjugated hyperbilirubinemia	2026-02-16
PKLR	erythrocyte_pyruvate_kinase_activity -; pyruvate_kinase_activity -	auto E1b: LoF of PKLR (enzyme-deficiency IEM); resolved via UniProt->PR	transferrin_saturation	+	HP:0012463 Elevated transferrin saturation	HP:0012463 Elevated transferrin saturation	2026-02-16
PNLIP	duodenal_lipase_activity -	auto E1b: LoF of PNLIP (enzyme-deficiency IEM); resolved via UniProt->PR	sweat_chloride	+	HP:0012236 Elevated sweat chloride	HP:0012236 Elevated sweat chloride	2026-02-16
PNP	purine_nucleoside_phosphorylase_activity -	auto E1b: LoF of PNP (enzyme-deficiency IEM); resolved via UniProt->PR	plasma_guanosine	+	HP:0033340 Increased circulating guanosine concentration	HP:0033340 Increased circulating guanosine concentration	2026-02-16
PNP	purine_nucleoside_phosphorylase_activity -	auto E1b: LoF of PNP (enzyme-deficiency IEM); resolved via UniProt->PR	plasma_inosine	+	HP:0033339 Increased circulating inosine concentration	HP:0033339 Increased circulating inosine concentration	2026-02-16
PNP	purine_nucleoside_phosphorylase_activity -	auto E1b: LoF of PNP (enzyme-deficiency IEM); resolved via UniProt->PR	plasma_urate	-	HP:0003537 Hypouricemia	HP:0003537 Hypouricemia	2026-02-16
PNP	purine_nucleoside_phosphorylase_activity -	auto E1b: LoF of PNP (enzyme-deficiency IEM); resolved via UniProt->PR	urinary_guanosine	+	HP:0040424 Elevated urinary guanosine level	HP:0040424 Elevated urinary guanosine level	2026-02-16
PNP	purine_nucleoside_phosphorylase_activity -	auto E1b: LoF of PNP (enzyme-deficiency IEM); resolved via UniProt->PR	urinary_inosine	+	HP:0040422 Elevated urinary inosine level	HP:0040422 Elevated urinary inosine level	2026-02-16
PNP	purine_nucleoside_phosphorylase_activity -	auto E1b: LoF of PNP (enzyme-deficiency IEM); resolved via UniProt->PR	urinary_urate	-	HP:0011935 Decreased urinary urate	HP:0011935 Decreased urinary urate	2026-02-16
PNPO	pnpo_activity -	auto E1b: LoF of PNPO (enzyme-deficiency IEM); resolved via UniProt->PR	csf_homovanillic_acid	-	HP:0003785 Decreased CSF homovanillic acid concentration	HP:0003785 Decreased CSF homovanillic acid concentration	2026-02-16
PNPO	pnpo_activity -	auto E1b: LoF of PNPO (enzyme-deficiency IEM); resolved via UniProt->PR	plasma_arginine	-	HP:0005961 Hypoargininemia	HP:0005961 Hypoargininemia	2026-02-16
PNPO	pnpo_activity -	auto E1b: LoF of PNPO (enzyme-deficiency IEM); resolved via UniProt->PR	plasma_glucose	-	HP:0001943 Hypoglycemia	HP:0001943 Hypoglycemia	2026-02-16
PNPO	pnpo_activity -	auto E1b: LoF of PNPO (enzyme-deficiency IEM); resolved via UniProt->PR	plasma_lactate	+	HP:0002151 Increased circulating lactate concentration	HP:0002151 Increased circulating lactate concentration	2026-02-16
PRODH	prodh_activity -	auto E1b: LoF of PRODH (enzyme-deficiency IEM); resolved via UniProt->PR	plasma_proline	+	HP:0008358 Hyperprolinemia	HP:0008358 Hyperprolinemia	2026-02-16
PRODH	prodh_activity -	auto E1b: LoF of PRODH (enzyme-deficiency IEM); resolved via UniProt->PR	urinary_amino_acids	+	HP:0003108 Hyperglycinuria; HP:0003137 Prolinuria	HP:0033099 Increased serine family amino acid in urine; HP:0033100 Increased proteinogenic amino acid level in urine	2026-02-16
PRODH	prodh_activity -	auto E1b: LoF of PRODH (enzyme-deficiency IEM); resolved via UniProt->PR	urinary_glycine	+	HP:0003108 Hyperglycinuria	HP:0003108 Hyperglycinuria	2026-02-16
PRPS1	prpp_synthetase_activity +	auto E1b: GoF of PRPS1 (enzyme-deficiency IEM); resolved via UniProt->PR	plasma_alpha_fetoprotein	+	HP:0004639 Elevated amniotic fluid alpha-fetoprotein	HP:0006254 Elevated circulating alpha-fetoprotein concentration	2026-02-16
PRPS1	prpp_synthetase_activity +	auto E1b: GoF of PRPS1 (enzyme-deficiency IEM); resolved via UniProt->PR	urinary_urate	+	HP:0003149 Hyperuricosuria	HP:0003149 Hyperuricosuria	2026-02-16
PTS	ptps_activity -	auto E1b: LoF of PTS (enzyme-deficiency IEM); resolved via UniProt->PR	csf_5hiaa	-	HP:0025455 Decreased CSF 5-hydroxyindolacetic acid concentration	HP:0025455 Decreased CSF 5-hydroxyindolacetic acid concentration	2026-02-16
PTS	ptps_activity -	auto E1b: LoF of PTS (enzyme-deficiency IEM); resolved via UniProt->PR	csf_homovanillic_acid	-	HP:0003785 Decreased CSF homovanillic acid concentration	HP:0003785 Decreased CSF homovanillic acid concentration	2026-02-16
PTS	ptps_activity -	auto E1b: LoF of PTS (enzyme-deficiency IEM); resolved via UniProt->PR	plasma_phenylalanine	+	HP:0004923 Hyperphenylalaninemia	HP:0004923 Hyperphenylalaninemia	2026-02-16
PYGL	glycogen_phosphorylase_activity -	auto E1b: LoF of PYGL (enzyme-deficiency IEM); resolved via UniProt->PR	ldl_cholesterol	+	HP:0003124 Hypercholesterolemia	HP:0003124 Hypercholesterolemia	2026-02-16
PYGL	glycogen_phosphorylase_activity -	auto E1b: LoF of PYGL (enzyme-deficiency IEM); resolved via UniProt->PR	plasma_glucose	-	HP:0001943 Hypoglycemia	HP:0001943 Hypoglycemia	2026-02-16
PYGL	glycogen_phosphorylase_activity -	auto E1b: LoF of PYGL (enzyme-deficiency IEM); resolved via UniProt->PR	plasma_ketone_bodies	+	HP:0001946 Ketosis	HP:0001946 Ketosis	2026-02-16
PYGL	glycogen_phosphorylase_activity -	auto E1b: LoF of PYGL (enzyme-deficiency IEM); resolved via UniProt->PR	plasma_lactate	+	HP:0004913 Intermittent lactic acidemia; HP:0011997 Postprandial hyperlactemia	HP:0002151 Increased circulating lactate concentration; HP:0003128 Lactic acidosis	2026-02-16
PYGL	glycogen_phosphorylase_activity -	auto E1b: LoF of PYGL (enzyme-deficiency IEM); resolved via UniProt->PR	plasma_total_lipids	+	HP:0002155 Hypertriglyceridemia; HP:0003077 Hyperlipidemia	HP:0003077 Hyperlipidemia	2026-02-16
PYGL	glycogen_phosphorylase_activity -	auto E1b: LoF of PYGL (enzyme-deficiency IEM); resolved via UniProt->PR	plasma_transaminases	+	HP:0002910 Elevated circulating hepatic transaminase concentration	HP:0002910 Elevated circulating hepatic transaminase concentration	2026-02-16
PYGL	glycogen_phosphorylase_activity -	auto E1b: LoF of PYGL (enzyme-deficiency IEM); resolved via UniProt->PR	plasma_triglycerides	+	HP:0002155 Hypertriglyceridemia	HP:0002155 Hypertriglyceridemia	2026-02-16
PYGM	myophosphorylase_activity -	auto E1b: LoF of PYGM (enzyme-deficiency IEM); resolved via UniProt->PR	heart_rate	+	HP:0001649 Tachycardia	HP:0001649 Tachycardia	2026-02-16
PYGM	myophosphorylase_activity -	auto E1b: LoF of PYGM (enzyme-deficiency IEM); resolved via UniProt->PR	muscle_glycogen_content	+	HP:0009051 Increased muscle glycogen content; HP:0030231 Glycogen accumulation in muscle fiber lysosomes	HP:0009051 Increased muscle glycogen content	2026-02-16
PYGM	myophosphorylase_activity -	auto E1b: LoF of PYGM (enzyme-deficiency IEM); resolved via UniProt->PR	plasma_creatine_kinase	+	HP:0003236 Elevated circulating creatine kinase concentration; HP:0030234 Highly elevated creatine kinase	HP:0003236 Elevated circulating creatine kinase concentration; HP:0030234 Highly elevated creatine kinase	2026-02-16
PYGM	myophosphorylase_activity -	auto E1b: LoF of PYGM (enzyme-deficiency IEM); resolved via UniProt->PR	plasma_urate	+	HP:0002149 Hyperuricemia	HP:0002149 Hyperuricemia	2026-02-16
QDPR	qdpr_activity -	auto E1b: LoF of QDPR (enzyme-deficiency IEM); resolved via UniProt->PR	plasma_phenylalanine	+	HP:0004923 Hyperphenylalaninemia	HP:0004923 Hyperphenylalaninemia	2026-02-16
SARDH	sardh_activity -	auto E1b: LoF of SARDH (enzyme-deficiency IEM); resolved via UniProt->PR	plasma_sarcosine	+	HP:0010896 Hypersarcosinemia	HP:0010896 Hypersarcosinemia	2026-02-16
SARDH	sardh_activity -	auto E1b: LoF of SARDH (enzyme-deficiency IEM); resolved via UniProt->PR	urinary_amino_acids	+	HP:0010897 Hypersarcosinuria	HP:0033100 Increased proteinogenic amino acid level in urine	2026-02-16
SARDH	sardh_activity -	auto E1b: LoF of SARDH (enzyme-deficiency IEM); resolved via UniProt->PR	urinary_sarcosine	+	HP:0010897 Hypersarcosinuria	HP:0010897 Hypersarcosinuria	2026-02-16
SC5D	sc5d_activity -	auto E1b: LoF of SC5D (enzyme-deficiency IEM); resolved via UniProt->PR	alkaline_phosphatase	+	HP:0003155 Elevated circulating alkaline phosphatase concentration	HP:0003155 Elevated circulating alkaline phosphatase concentration	2026-02-16
SC5D	sc5d_activity -	auto E1b: LoF of SC5D (enzyme-deficiency IEM); resolved via UniProt->PR	plasma_alt	+	HP:0031964 Elevated circulating alanine aminotransferase concentration	HP:0031964 Elevated circulating alanine aminotransferase concentration	2026-02-16
SC5D	sc5d_activity -	auto E1b: LoF of SC5D (enzyme-deficiency IEM); resolved via UniProt->PR	plasma_ammonia	+	HP:0001987 Hyperammonemia	HP:0001987 Hyperammonemia	2026-02-16
SC5D	sc5d_activity -	auto E1b: LoF of SC5D (enzyme-deficiency IEM); resolved via UniProt->PR	plasma_ast	+	HP:0031956 Elevated circulating aspartate aminotransferase concentration	HP:0031956 Elevated circulating aspartate aminotransferase concentration	2026-02-16
SC5D	sc5d_activity -	auto E1b: LoF of SC5D (enzyme-deficiency IEM); resolved via UniProt->PR	plasma_ggt	+	HP:0030948 Elevated gamma-glutamyltransferase level	HP:0030948 Elevated gamma-glutamyltransferase level	2026-02-16
SC5D	sc5d_activity -	auto E1b: LoF of SC5D (enzyme-deficiency IEM); resolved via UniProt->PR	plasma_lathosterol	+	HP:0034936 Elevated circulating lathosterol concentration	HP:0034936 Elevated circulating lathosterol concentration	2026-02-16
SC5D	sc5d_activity -	auto E1b: LoF of SC5D (enzyme-deficiency IEM); resolved via UniProt->PR	plasma_transaminases	+	HP:0031956 Elevated circulating aspartate aminotransferase concentration; HP:0031964 Elevated circulating alanine aminotransferase concentration	HP:0002910 Elevated circulating hepatic transaminase concentration	2026-02-16
SC5D	sc5d_activity -	auto E1b: LoF of SC5D (enzyme-deficiency IEM); resolved via UniProt->PR	three_beta_hsd_delta5_desaturase_activity	-	HP:6000199 Reduced 3-beta-hydroxysteroid-delta-5-desaturase activity in cultured fibroblasts	HP:6000199 Reduced 3-beta-hydroxysteroid-delta-5-desaturase activity in cultured fibroblasts	2026-02-16
SCNN1B	sodium_water_reabsorption +	Liddle ENaC gain-of-function	plasma_sodium_concentration	-	HP:0002902 Hyponatremia	HP:0002902 Hyponatremia	2026-02-16
SCNN1B	sodium_water_reabsorption +	Liddle ENaC gain-of-function	sweat_chloride	+	HP:0012236 Elevated sweat chloride	HP:0012236 Elevated sweat chloride	2026-02-16
SCNN1G	sodium_water_reabsorption +	Liddle ENaC gain-of-function	mean_arterial_pressure	+	HP:0000822 Hypertension	HP:0000822 Hypertension	2026-02-16
SCNN1G	sodium_water_reabsorption +	Liddle ENaC gain-of-function	plasma_sodium_concentration	-	HP:0002902 Hyponatremia	HP:0002902 Hyponatremia	2026-02-16
SDHA	succinate_dehydrogenase_activity -	auto E1b: LoF of SDHA (enzyme-deficiency IEM); resolved via UniProt->PR	ejection_fraction	-	HP:0012664 Reduced left ventricular ejection fraction	HP:0012664 Reduced left ventricular ejection fraction	2026-02-16
SDHA	succinate_dehydrogenase_activity -	auto E1b: LoF of SDHA (enzyme-deficiency IEM); resolved via UniProt->PR	heart_rate	+	HP:0001649 Tachycardia; HP:0011703 Sinus tachycardia	HP:0001649 Tachycardia	2026-02-16
SDHA	succinate_dehydrogenase_activity -	auto E1b: LoF of SDHA (enzyme-deficiency IEM); resolved via UniProt->PR	mean_arterial_pressure	+	HP:0000822 Hypertension; HP:0002640 Hypertension associated with pheochromocytoma; HP:0003574 Positive regitine blocking test	HP:0000822 Hypertension	2026-02-16
SDHA	succinate_dehydrogenase_activity -	auto E1b: LoF of SDHA (enzyme-deficiency IEM); resolved via UniProt->PR	mitochondrial_complex_ii_activity	-	HP:0008314 Decreased activity of mitochondrial complex II	HP:0008314 Decreased activity of mitochondrial complex II	2026-02-16
SDHA	succinate_dehydrogenase_activity -	auto E1b: LoF of SDHA (enzyme-deficiency IEM); resolved via UniProt->PR	mitochondrial_respiratory_chain_activity	-	HP:0008314 Decreased activity of mitochondrial complex II	HP:0008972 Decreased activity of mitochondrial respiratory chain	2026-02-16
SDHA	succinate_dehydrogenase_activity -	auto E1b: LoF of SDHA (enzyme-deficiency IEM); resolved via UniProt->PR	plasma_calcitonin	+	HP:0003528 Elevated circulating calcitonin concentration	HP:0003528 Elevated circulating calcitonin concentration	2026-02-16
SDHA	succinate_dehydrogenase_activity -	auto E1b: LoF of SDHA (enzyme-deficiency IEM); resolved via UniProt->PR	plasma_calcium	+	HP:0003072 Hypercalcemia	HP:0003072 Hypercalcemia	2026-02-16
SDHA	succinate_dehydrogenase_activity -	auto E1b: LoF of SDHA (enzyme-deficiency IEM); resolved via UniProt->PR	plasma_lactate	+	HP:0002151 Increased circulating lactate concentration; HP:0004897 Stress/infection-induced lactic acidosis	HP:0002151 Increased circulating lactate concentration; HP:0003128 Lactic acidosis	2026-02-16
SDHA	succinate_dehydrogenase_activity -	auto E1b: LoF of SDHA (enzyme-deficiency IEM); resolved via UniProt->PR	urinary_catecholamines	+	HP:0003345 Elevated urinary norepinephrine level; HP:0003639 Elevated urinary epinephrine level; HP:0011979 Elevated urinary dopamine level	HP:0011976 Elevated urinary catecholamine level	2026-02-16
SDHA	succinate_dehydrogenase_activity -	auto E1b: LoF of SDHA (enzyme-deficiency IEM); resolved via UniProt->PR	urinary_dopamine	+	HP:0011979 Elevated urinary dopamine level	HP:0011979 Elevated urinary dopamine level	2026-02-16
SDHA	succinate_dehydrogenase_activity -	auto E1b: LoF of SDHA (enzyme-deficiency IEM); resolved via UniProt->PR	urinary_epinephrine	+	HP:0003639 Elevated urinary epinephrine level	HP:0003639 Elevated urinary epinephrine level	2026-02-16
SDHA	succinate_dehydrogenase_activity -	auto E1b: LoF of SDHA (enzyme-deficiency IEM); resolved via UniProt->PR	urinary_norepinephrine	+	HP:0003345 Elevated urinary norepinephrine level	HP:0003345 Elevated urinary norepinephrine level	2026-02-16
SECISBP2	secisbp2_activity -	auto E1b: LoF of SECISBP2 (enzyme-deficiency IEM); resolved via UniProt->PR	free_t4	+	HP:0033077 Increased circulating free T4 concentration	HP:0033077 Increased circulating free T4 concentration	2026-02-16
SECISBP2	secisbp2_activity -	auto E1b: LoF of SECISBP2 (enzyme-deficiency IEM); resolved via UniProt->PR	plasma_glucose	-	HP:0003162 Fasting hypoglycemia	HP:0001943 Hypoglycemia	2026-02-16
SECISBP2	secisbp2_activity -	auto E1b: LoF of SECISBP2 (enzyme-deficiency IEM); resolved via UniProt->PR	plasma_t4	+	HP:0031506 Increased circulating T4 concentration	HP:0031506 Increased circulating T4 concentration	2026-02-16
SECISBP2	secisbp2_activity -	auto E1b: LoF of SECISBP2 (enzyme-deficiency IEM); resolved via UniProt->PR	tsh	+	HP:0002925 Elevated circulating thyroid-stimulating hormone concentration	HP:0002925 Elevated circulating thyroid-stimulating hormone concentration	2026-02-16
SLC12A1	sodium_water_reabsorption -	Bartter NKCC2 loss-of-function (salt wasting)	aldosterone	+	HP:0000859 Increased circulating aldosterone concentration	HP:0000859 Increased circulating aldosterone concentration	2026-02-16
SLC12A1	sodium_water_reabsorption -	Bartter NKCC2 loss-of-function (salt wasting)	mean_arterial_pressure	-	HP:0002632 Low-to-normal blood pressure	HP:0002615 Hypotension	2026-02-16
SLC12A1	sodium_water_reabsorption -	Bartter NKCC2 loss-of-function (salt wasting)	plasma_calcium	+	HP:0003072 Hypercalcemia	HP:0003072 Hypercalcemia	2026-02-16
SLC12A1	sodium_water_reabsorption -	Bartter NKCC2 loss-of-function (salt wasting)	plasma_chloride	-	HP:0003113 Hypochloremia	HP:0003113 Hypochloremia	2026-02-16
SLC12A1	sodium_water_reabsorption -	Bartter NKCC2 loss-of-function (salt wasting)	plasma_magnesium	-	HP:0002917 Hypomagnesemia	HP:0002917 Hypomagnesemia	2026-02-16
SLC12A1	sodium_water_reabsorption -	Bartter NKCC2 loss-of-function (salt wasting)	plasma_potassium	-	HP:0001960 Hypokalemic metabolic alkalosis; HP:0002900 Hypokalemia	HP:0001949 Hypokalemic alkalosis; HP:0001960 Hypokalemic metabolic alkalosis; HP:0002900 Hypokalemia	2026-02-16
SLC12A1	sodium_water_reabsorption -	Bartter NKCC2 loss-of-function (salt wasting)	plasma_prostaglandin_e2	+	HP:0003566 Increased serum prostaglandin E2	HP:0003566 Increased serum prostaglandin E2	2026-02-16
SLC12A1	sodium_water_reabsorption -	Bartter NKCC2 loss-of-function (salt wasting)	renin	+	HP:0000848 Increased circulating renin concentration	HP:0000848 Increased circulating renin concentration	2026-02-16
SLC12A1	sodium_water_reabsorption -	Bartter NKCC2 loss-of-function (salt wasting)	urinary_calcium	+	HP:0002150 Hypercalciuria	HP:0002150 Hypercalciuria	2026-02-16
SLC12A1	sodium_water_reabsorption -	Bartter NKCC2 loss-of-function (salt wasting)	urinary_chloride	+	HP:0002914 Hyperchloriduria	HP:0002914 Hyperchloriduria	2026-02-16
SLC12A1	sodium_water_reabsorption -	Bartter NKCC2 loss-of-function (salt wasting)	urinary_potassium	+	HP:0003081 Increased urinary potassium	HP:0003081 Increased urinary potassium	2026-02-16
SLC12A1	sodium_water_reabsorption -	Bartter NKCC2 loss-of-function (salt wasting)	urine_osmolality	-	HP:0003158 Hyposthenuria	HP:0003158 Hyposthenuria	2026-02-16
SLC12A3	sodium_water_reabsorption -	Gitelman NCC loss-of-function (salt wasting)	aldosterone	+	HP:0011736 Primary hyperaldosteronism	HP:0000859 Increased circulating aldosterone concentration	2026-02-16
SLC12A3	sodium_water_reabsorption -	Gitelman NCC loss-of-function (salt wasting)	heart_rate	+	HP:0004756 Ventricular tachycardia	HP:0001649 Tachycardia	2026-02-16
SLC12A3	sodium_water_reabsorption -	Gitelman NCC loss-of-function (salt wasting)	mean_arterial_pressure	-	HP:0002615 Hypotension; HP:0002632 Low-to-normal blood pressure	HP:0002615 Hypotension	2026-02-16
SLC12A3	sodium_water_reabsorption -	Gitelman NCC loss-of-function (salt wasting)	plasma_calcium	-	HP:0002901 Hypocalcemia	HP:0002901 Hypocalcemia	2026-02-16
SLC12A3	sodium_water_reabsorption -	Gitelman NCC loss-of-function (salt wasting)	plasma_ketone_bodies	+	HP:0001953 Diabetic ketoacidosis	HP:0001946 Ketosis	2026-02-16
SLC12A3	sodium_water_reabsorption -	Gitelman NCC loss-of-function (salt wasting)	plasma_potassium	-	HP:0001949 Hypokalemic alkalosis; HP:0002900 Hypokalemia	HP:0001949 Hypokalemic alkalosis; HP:0002900 Hypokalemia	2026-02-16
SLC12A3	sodium_water_reabsorption -	Gitelman NCC loss-of-function (salt wasting)	renin	+	HP:0000848 Increased circulating renin concentration	HP:0000848 Increased circulating renin concentration	2026-02-16
SLC12A3	sodium_water_reabsorption -	Gitelman NCC loss-of-function (salt wasting)	urinary_potassium	-	HP:0012364 Decreased urinary potassium	HP:0012364 Decreased urinary potassium	2026-02-16
SLC22A5	octn2_activity -	auto E1b: LoF of SLC22A5 (enzyme-deficiency IEM); resolved via UniProt->PR	hepatic_carnitine	-	HP:0045061 Decreased carnitine level in liver	HP:0045061 Decreased carnitine level in liver	2026-02-16
SLC22A5	octn2_activity -	auto E1b: LoF of SLC22A5 (enzyme-deficiency IEM); resolved via UniProt->PR	muscle_carnitine	-	HP:0030362 Reduced muscle carnitine level	HP:0030362 Reduced muscle carnitine level	2026-02-16
SLC22A5	octn2_activity -	auto E1b: LoF of SLC22A5 (enzyme-deficiency IEM); resolved via UniProt->PR	plasma_alt	+	HP:0031964 Elevated circulating alanine aminotransferase concentration	HP:0031964 Elevated circulating alanine aminotransferase concentration	2026-02-16
SLC22A5	octn2_activity -	auto E1b: LoF of SLC22A5 (enzyme-deficiency IEM); resolved via UniProt->PR	plasma_ammonia	+	HP:0001987 Hyperammonemia	HP:0001987 Hyperammonemia	2026-02-16
SLC22A5	octn2_activity -	auto E1b: LoF of SLC22A5 (enzyme-deficiency IEM); resolved via UniProt->PR	plasma_ast	+	HP:0031956 Elevated circulating aspartate aminotransferase concentration	HP:0031956 Elevated circulating aspartate aminotransferase concentration	2026-02-16
SLC22A5	octn2_activity -	auto E1b: LoF of SLC22A5 (enzyme-deficiency IEM); resolved via UniProt->PR	plasma_carnitine	-	HP:0003234 Decreased circulating carnitine concentration	HP:0003234 Decreased circulating carnitine concentration	2026-02-16
SLC22A5	octn2_activity -	auto E1b: LoF of SLC22A5 (enzyme-deficiency IEM); resolved via UniProt->PR	plasma_creatine_kinase	+	HP:0003236 Elevated circulating creatine kinase concentration	HP:0003236 Elevated circulating creatine kinase concentration	2026-02-16
SLC22A5	octn2_activity -	auto E1b: LoF of SLC22A5 (enzyme-deficiency IEM); resolved via UniProt->PR	plasma_glucose	-	HP:0001988 Recurrent hypoglycemia	HP:0001943 Hypoglycemia	2026-02-16
SLC22A5	octn2_activity -	auto E1b: LoF of SLC22A5 (enzyme-deficiency IEM); resolved via UniProt->PR	plasma_ketone_bodies	+	HP:0001946 Ketosis	HP:0001946 Ketosis	2026-02-16
SLC22A5	octn2_activity -	auto E1b: LoF of SLC22A5 (enzyme-deficiency IEM); resolved via UniProt->PR	plasma_transaminases	+	HP:0002910 Elevated circulating hepatic transaminase concentration; HP:0031956 Elevated circulating aspartate aminotransferase concentration; HP:0031964 Elevated circulating alanine aminotransferase concentration	HP:0002910 Elevated circulating hepatic transaminase concentration	2026-02-16
SLC22A5	octn2_activity -	auto E1b: LoF of SLC22A5 (enzyme-deficiency IEM); resolved via UniProt->PR	urinary_organic_acids	+	HP:0003215 Dicarboxylic aciduria	HP:0040156 Elevated urinary carboxylic acid	2026-02-16
SLC26A3	slc26a3_activity -	auto E1b: LoF of SLC26A3 (enzyme-deficiency IEM); resolved via UniProt->PR	aldosterone	+	HP:0000859 Increased circulating aldosterone concentration	HP:0000859 Increased circulating aldosterone concentration	2026-02-16
SLC26A3	slc26a3_activity -	auto E1b: LoF of SLC26A3 (enzyme-deficiency IEM); resolved via UniProt->PR	plasma_bicarbonate	+	HP:0032067 Elevated serum bicarbonate concentration	HP:0032067 Elevated serum bicarbonate concentration	2026-02-16
SLC26A3	slc26a3_activity -	auto E1b: LoF of SLC26A3 (enzyme-deficiency IEM); resolved via UniProt->PR	plasma_chloride	-	HP:0003113 Hypochloremia	HP:0003113 Hypochloremia	2026-02-16
SLC26A3	slc26a3_activity -	auto E1b: LoF of SLC26A3 (enzyme-deficiency IEM); resolved via UniProt->PR	plasma_potassium	-	HP:0002900 Hypokalemia	HP:0002900 Hypokalemia	2026-02-16
SLC26A3	slc26a3_activity -	auto E1b: LoF of SLC26A3 (enzyme-deficiency IEM); resolved via UniProt->PR	plasma_sodium_concentration	-	HP:0002902 Hyponatremia	HP:0002902 Hyponatremia	2026-02-16
SLC26A3	slc26a3_activity -	auto E1b: LoF of SLC26A3 (enzyme-deficiency IEM); resolved via UniProt->PR	renin	+	HP:0000848 Increased circulating renin concentration	HP:0000848 Increased circulating renin concentration	2026-02-16
SLC26A3	slc26a3_activity -	auto E1b: LoF of SLC26A3 (enzyme-deficiency IEM); resolved via UniProt->PR	stool_chloride	+	HP:0034470 Elevated stool chloride content	HP:0034470 Elevated stool chloride content	2026-02-16
SLC2A1	slc2a1_activity -	auto E1b: LoF of SLC2A1 (enzyme-deficiency IEM); resolved via UniProt->PR	csf_glucose	-	HP:0011972 Hypoglycorrhachia	HP:0011972 Hypoglycorrhachia	2026-02-16
SLC2A1	slc2a1_activity -	auto E1b: LoF of SLC2A1 (enzyme-deficiency IEM); resolved via UniProt->PR	csf_lactate	+	HP:0002490 Increased CSF lactate	HP:0002490 Increased CSF lactate	2026-02-16
SLC2A1	slc2a1_activity -	auto E1b: LoF of SLC2A1 (enzyme-deficiency IEM); resolved via UniProt->PR	plasma_conjugated_bilirubin	+	HP:0002908 Conjugated hyperbilirubinemia	HP:0002908 Conjugated hyperbilirubinemia	2026-02-16
SLC2A1	slc2a1_activity -	auto E1b: LoF of SLC2A1 (enzyme-deficiency IEM); resolved via UniProt->PR	plasma_ggt	+	HP:0030948 Elevated gamma-glutamyltransferase level	HP:0030948 Elevated gamma-glutamyltransferase level	2026-02-16
SLC2A1	slc2a1_activity -	auto E1b: LoF of SLC2A1 (enzyme-deficiency IEM); resolved via UniProt->PR	plasma_haptoglobin	-	HP:0020181 Reduced haptoglobin level	HP:0020181 Reduced haptoglobin level	2026-02-16
SLC2A1	slc2a1_activity -	auto E1b: LoF of SLC2A1 (enzyme-deficiency IEM); resolved via UniProt->PR	plasma_potassium	+	HP:0002153 Hyperkalemia	HP:0002153 Hyperkalemia	2026-02-16
SLC30A10	slc30a10_activity -	auto E1b: LoF of SLC30A10 (enzyme-deficiency IEM); resolved via UniProt->PR	ferritin_stores	-	HP:0012343 Decreased circulating ferritin concentration	HP:0012343 Decreased circulating ferritin concentration	2026-02-16
SLC30A10	slc30a10_activity -	auto E1b: LoF of SLC30A10 (enzyme-deficiency IEM); resolved via UniProt->PR	plasma_glycine	+	HP:0002154 Hyperglycinemia	HP:0002154 Hyperglycinemia	2026-02-16
SLC30A10	slc30a10_activity -	auto E1b: LoF of SLC30A10 (enzyme-deficiency IEM); resolved via UniProt->PR	plasma_manganese	+	HP:0032097 Hypermanganesemia	HP:0032097 Hypermanganesemia	2026-02-16
SLC30A10	slc30a10_activity -	auto E1b: LoF of SLC30A10 (enzyme-deficiency IEM); resolved via UniProt->PR	plasma_transaminases	+	HP:0002910 Elevated circulating hepatic transaminase concentration	HP:0002910 Elevated circulating hepatic transaminase concentration	2026-02-16
SLC30A10	slc30a10_activity -	auto E1b: LoF of SLC30A10 (enzyme-deficiency IEM); resolved via UniProt->PR	plasma_unconjugated_bilirubin	+	HP:0008282 Unconjugated hyperbilirubinemia	HP:0008282 Unconjugated hyperbilirubinemia	2026-02-16
SLC30A10	slc30a10_activity -	auto E1b: LoF of SLC30A10 (enzyme-deficiency IEM); resolved via UniProt->PR	total_iron_binding_capacity	+	HP:0025196 Increased total iron binding capacity	HP:0025196 Increased total iron binding capacity	2026-02-16
SLC30A2	slc30a2_activity -	auto E1b: LoF of SLC30A2 (enzyme-deficiency IEM); resolved via UniProt->PR	plasma_zinc	-	HP:0031831 Decreased serum zinc	HP:0031831 Decreased serum zinc	2026-02-16
SLC37A4	glucose_6_phosphate_translocase_activity -	auto E1b: LoF of SLC37A4 (enzyme-deficiency IEM); resolved via UniProt->PR	alkaline_phosphatase	+	HP:0003155 Elevated circulating alkaline phosphatase concentration	HP:0003155 Elevated circulating alkaline phosphatase concentration	2026-02-16
SLC37A4	glucose_6_phosphate_translocase_activity -	auto E1b: LoF of SLC37A4 (enzyme-deficiency IEM); resolved via UniProt->PR	ldl_cholesterol	+	HP:0003124 Hypercholesterolemia	HP:0003124 Hypercholesterolemia	2026-02-16
SLC37A4	glucose_6_phosphate_translocase_activity -	auto E1b: LoF of SLC37A4 (enzyme-deficiency IEM); resolved via UniProt->PR	mean_arterial_pressure	+	HP:0000822 Hypertension	HP:0000822 Hypertension	2026-02-16
SLC37A4	glucose_6_phosphate_translocase_activity -	auto E1b: LoF of SLC37A4 (enzyme-deficiency IEM); resolved via UniProt->PR	plasma_alt	+	HP:0031964 Elevated circulating alanine aminotransferase concentration	HP:0031964 Elevated circulating alanine aminotransferase concentration	2026-02-16
SLC37A4	glucose_6_phosphate_translocase_activity -	auto E1b: LoF of SLC37A4 (enzyme-deficiency IEM); resolved via UniProt->PR	plasma_ast	+	HP:0031956 Elevated circulating aspartate aminotransferase concentration	HP:0031956 Elevated circulating aspartate aminotransferase concentration	2026-02-16
SLC37A4	glucose_6_phosphate_translocase_activity -	auto E1b: LoF of SLC37A4 (enzyme-deficiency IEM); resolved via UniProt->PR	plasma_ggt	+	HP:0030948 Elevated gamma-glutamyltransferase level	HP:0030948 Elevated gamma-glutamyltransferase level	2026-02-16
SLC37A4	glucose_6_phosphate_translocase_activity -	auto E1b: LoF of SLC37A4 (enzyme-deficiency IEM); resolved via UniProt->PR	plasma_glucose	-	HP:0001943 Hypoglycemia; HP:0002173 Hypoglycemic seizures	HP:0001943 Hypoglycemia	2026-02-16
SLC37A4	glucose_6_phosphate_translocase_activity -	auto E1b: LoF of SLC37A4 (enzyme-deficiency IEM); resolved via UniProt->PR	plasma_ketone_bodies	+	HP:0001946 Ketosis; HP:0410175 Hyperketonemia	HP:0001946 Ketosis	2026-02-16
SLC37A4	glucose_6_phosphate_translocase_activity -	auto E1b: LoF of SLC37A4 (enzyme-deficiency IEM); resolved via UniProt->PR	plasma_lactate	+	HP:0003128 Lactic acidosis	HP:0003128 Lactic acidosis	2026-02-16
SLC37A4	glucose_6_phosphate_translocase_activity -	auto E1b: LoF of SLC37A4 (enzyme-deficiency IEM); resolved via UniProt->PR	plasma_total_lipids	+	HP:0002155 Hypertriglyceridemia; HP:0003077 Hyperlipidemia	HP:0003077 Hyperlipidemia	2026-02-16
SLC37A4	glucose_6_phosphate_translocase_activity -	auto E1b: LoF of SLC37A4 (enzyme-deficiency IEM); resolved via UniProt->PR	plasma_transaminases	+	HP:0002910 Elevated circulating hepatic transaminase concentration; HP:0031956 Elevated circulating aspartate aminotransferase concentration; HP:0031964 Elevated circulating alanine aminotransferase concentration	HP:0002910 Elevated circulating hepatic transaminase concentration	2026-02-16
SLC37A4	glucose_6_phosphate_translocase_activity -	auto E1b: LoF of SLC37A4 (enzyme-deficiency IEM); resolved via UniProt->PR	plasma_triglycerides	+	HP:0002155 Hypertriglyceridemia	HP:0002155 Hypertriglyceridemia	2026-02-16
SLC37A4	glucose_6_phosphate_translocase_activity -	auto E1b: LoF of SLC37A4 (enzyme-deficiency IEM); resolved via UniProt->PR	plasma_urate	+	HP:0002149 Hyperuricemia	HP:0002149 Hyperuricemia	2026-02-16
SLC37A4	glucose_6_phosphate_translocase_activity -	auto E1b: LoF of SLC37A4 (enzyme-deficiency IEM); resolved via UniProt->PR	pulmonary_artery_pressure	+	HP:0002092 Pulmonary arterial hypertension	HP:0004890 Elevated pulmonary artery pressure	2026-02-16
SLC39A14	slc39a14_activity -	auto E1b: LoF of SLC39A14 (enzyme-deficiency IEM); resolved via UniProt->PR	plasma_creatine_kinase	+	HP:0003236 Elevated circulating creatine kinase concentration	HP:0003236 Elevated circulating creatine kinase concentration	2026-02-16
SLC39A14	slc39a14_activity -	auto E1b: LoF of SLC39A14 (enzyme-deficiency IEM); resolved via UniProt->PR	plasma_manganese	+	HP:0032097 Hypermanganesemia	HP:0032097 Hypermanganesemia	2026-02-16
SLC39A8	slc39a8_activity -	auto E1b: LoF of SLC39A8 (enzyme-deficiency IEM); resolved via UniProt->PR	csf_lactate	+	HP:0002490 Increased CSF lactate	HP:0002490 Increased CSF lactate	2026-02-16
SLC39A8	slc39a8_activity -	auto E1b: LoF of SLC39A8 (enzyme-deficiency IEM); resolved via UniProt->PR	mitochondrial_complex_ii_activity	-	HP:0008314 Decreased activity of mitochondrial complex II	HP:0008314 Decreased activity of mitochondrial complex II	2026-02-16
SLC39A8	slc39a8_activity -	auto E1b: LoF of SLC39A8 (enzyme-deficiency IEM); resolved via UniProt->PR	mitochondrial_complex_iv_activity	-	HP:0008347 Decreased activity of mitochondrial complex IV	HP:0008347 Decreased activity of mitochondrial complex IV	2026-02-16
SLC39A8	slc39a8_activity -	auto E1b: LoF of SLC39A8 (enzyme-deficiency IEM); resolved via UniProt->PR	mitochondrial_respiratory_chain_activity	-	HP:0008314 Decreased activity of mitochondrial complex II; HP:0008347 Decreased activity of mitochondrial complex IV	HP:0008972 Decreased activity of mitochondrial respiratory chain	2026-02-16
SLC39A8	slc39a8_activity -	auto E1b: LoF of SLC39A8 (enzyme-deficiency IEM); resolved via UniProt->PR	plasma_manganese	-	HP:0032098 Hypomanganesemia	HP:0032098 Hypomanganesemia	2026-02-16
SLC39A8	slc39a8_activity -	auto E1b: LoF of SLC39A8 (enzyme-deficiency IEM); resolved via UniProt->PR	pyruvate_dehydrogenase_activity	-	HP:0002928 Decreased activity of the pyruvate dehydrogenase complex	HP:0002928 Decreased activity of the pyruvate dehydrogenase complex	2026-02-16
SLC3A1	slc3a1_activity -	auto E1b: LoF of SLC3A1 (enzyme-deficiency IEM); resolved via UniProt->PR	plasma_calcium	-	HP:0002901 Hypocalcemia	HP:0002901 Hypocalcemia	2026-02-16
SLC3A1	slc3a1_activity -	auto E1b: LoF of SLC3A1 (enzyme-deficiency IEM); resolved via UniProt->PR	plasma_glucose	-	HP:0001943 Hypoglycemia	HP:0001943 Hypoglycemia	2026-02-16
SLC3A1	slc3a1_activity -	auto E1b: LoF of SLC3A1 (enzyme-deficiency IEM); resolved via UniProt->PR	plasma_lactate	+	HP:0003128 Lactic acidosis	HP:0003128 Lactic acidosis	2026-02-16
SLC3A1	slc3a1_activity -	auto E1b: LoF of SLC3A1 (enzyme-deficiency IEM); resolved via UniProt->PR	urinary_amino_acids	+	HP:0003131 Cystinuria; HP:0003268 Argininuria; HP:0003297 Hyperlysinuria	HP:0033093 Increased glutamine family amino acid level in urine; HP:0033095 Increased sulfur amino acid level in urine; HP:0033096 Increased aspartate family amino acid level in urine; HP:0033100 Increased proteinogenic amino acid level in urine	2026-02-16
SLC3A1	slc3a1_activity -	auto E1b: LoF of SLC3A1 (enzyme-deficiency IEM); resolved via UniProt->PR	urinary_lysine	+	HP:0003297 Hyperlysinuria	HP:0003297 Hyperlysinuria	2026-02-16
SLC5A5	nis_activity -	auto E1b: LoF of SLC5A5 (enzyme-deficiency IEM); resolved via UniProt->PR	core_temperature	-	HP:0002045 Hypothermia	HP:0002045 Hypothermia	2026-02-16
SLC5A5	nis_activity -	auto E1b: LoF of SLC5A5 (enzyme-deficiency IEM); resolved via UniProt->PR	heart_rate	-	HP:0001662 Bradycardia	HP:0001662 Bradycardia	2026-02-16
SLC5A5	nis_activity -	auto E1b: LoF of SLC5A5 (enzyme-deficiency IEM); resolved via UniProt->PR	plasma_t4	-	HP:0031507 Decreased circulating T4 concentration	HP:0031507 Decreased circulating T4 concentration	2026-02-16
SLC5A5	nis_activity -	auto E1b: LoF of SLC5A5 (enzyme-deficiency IEM); resolved via UniProt->PR	tsh	+	HP:0002925 Elevated circulating thyroid-stimulating hormone concentration	HP:0002925 Elevated circulating thyroid-stimulating hormone concentration	2026-02-16
SLC6A19	slc6a19_activity -	auto E1b: LoF of SLC6A19 (enzyme-deficiency IEM); resolved via UniProt->PR	plasma_glycine	+	HP:0002154 Hyperglycinemia	HP:0002154 Hyperglycinemia	2026-02-16
SLC6A19	slc6a19_activity -	auto E1b: LoF of SLC6A19 (enzyme-deficiency IEM); resolved via UniProt->PR	plasma_proline	+	HP:0008358 Hyperprolinemia	HP:0008358 Hyperprolinemia	2026-02-16
SLC6A19	slc6a19_activity -	auto E1b: LoF of SLC6A19 (enzyme-deficiency IEM); resolved via UniProt->PR	urinary_amino_acids	+	HP:0003108 Hyperglycinuria; HP:0003137 Prolinuria; HP:0008353 Neutral hyperaminoaciduria	HP:0033099 Increased serine family amino acid in urine; HP:0033100 Increased proteinogenic amino acid level in urine	2026-02-16
SLC6A19	slc6a19_activity -	auto E1b: LoF of SLC6A19 (enzyme-deficiency IEM); resolved via UniProt->PR	urinary_glycine	+	HP:0003108 Hyperglycinuria	HP:0003108 Hyperglycinuria	2026-02-16
SLC6A19	slc6a19_activity -	auto E1b: LoF of SLC6A19 (enzyme-deficiency IEM); resolved via UniProt->PR	urinary_indican	+	HP:6000130 Elevated urinary indican level	HP:6000130 Elevated urinary indican level	2026-02-16
SLC6A19	slc6a19_activity -	auto E1b: LoF of SLC6A19 (enzyme-deficiency IEM); resolved via UniProt->PR	urinary_indoleacetate	+	HP:6000332 Elevated urinary indoleacetic acid level	HP:6000332 Elevated urinary indoleacetic acid level	2026-02-16
SLC6A19	slc6a19_activity -	auto E1b: LoF of SLC6A19 (enzyme-deficiency IEM); resolved via UniProt->PR	urinary_organic_acids	+	HP:6000332 Elevated urinary indoleacetic acid level	HP:0040156 Elevated urinary carboxylic acid	2026-02-16
SLC6A6	slc6a6_activity -	auto E1b: LoF of SLC6A6 (enzyme-deficiency IEM); resolved via UniProt->PR	plasma_taurine	-	HP:0500182 Hypotaurinemia	HP:0500182 Hypotaurinemia	2026-02-16
SLC9A3	slc9a3_activity -	auto E1b: LoF of SLC9A3 (enzyme-deficiency IEM); resolved via UniProt->PR	fecal_sodium	+	HP:0032484 Elevated fecal sodium	HP:0032484 Elevated fecal sodium	2026-02-16
SLC9A3	slc9a3_activity -	auto E1b: LoF of SLC9A3 (enzyme-deficiency IEM); resolved via UniProt->PR	plasma_transaminases	+	HP:0002910 Elevated circulating hepatic transaminase concentration	HP:0002910 Elevated circulating hepatic transaminase concentration	2026-02-16
SLC9A3	slc9a3_activity -	auto E1b: LoF of SLC9A3 (enzyme-deficiency IEM); resolved via UniProt->PR	stool_chloride	+	HP:0034470 Elevated stool chloride content	HP:0034470 Elevated stool chloride content	2026-02-16
SLC9A3	slc9a3_activity -	auto E1b: LoF of SLC9A3 (enzyme-deficiency IEM); resolved via UniProt->PR	sweat_chloride	+	HP:0012236 Elevated sweat chloride	HP:0012236 Elevated sweat chloride	2026-02-16
SMPD1	acid_sphingomyelinase_activity -	auto E1b: LoF of SMPD1 (enzyme-deficiency IEM); resolved via UniProt->PR	hdl_cholesterol	-	HP:0003233 Decreased HDL cholesterol concentration	HP:0003233 Decreased HDL cholesterol concentration	2026-02-16
SMPD1	acid_sphingomyelinase_activity -	auto E1b: LoF of SMPD1 (enzyme-deficiency IEM); resolved via UniProt->PR	hepatic_igf1	-	HP:0030353 Decreased circulating serum insulin-like growth factor 1 concentration	HP:0030353 Decreased circulating serum insulin-like growth factor 1 concentration	2026-02-16
SMPD1	acid_sphingomyelinase_activity -	auto E1b: LoF of SMPD1 (enzyme-deficiency IEM); resolved via UniProt->PR	ldl_cholesterol	+	HP:0003141 Increased LDL cholesterol concentration	HP:0003141 Increased LDL cholesterol concentration	2026-02-16
SMPD1	acid_sphingomyelinase_activity -	auto E1b: LoF of SMPD1 (enzyme-deficiency IEM); resolved via UniProt->PR	plasma_alt	+	HP:0031964 Elevated circulating alanine aminotransferase concentration	HP:0031964 Elevated circulating alanine aminotransferase concentration	2026-02-16
SMPD1	acid_sphingomyelinase_activity -	auto E1b: LoF of SMPD1 (enzyme-deficiency IEM); resolved via UniProt->PR	plasma_ast	+	HP:0031956 Elevated circulating aspartate aminotransferase concentration	HP:0031956 Elevated circulating aspartate aminotransferase concentration	2026-02-16
SMPD1	acid_sphingomyelinase_activity -	auto E1b: LoF of SMPD1 (enzyme-deficiency IEM); resolved via UniProt->PR	plasma_lysosphingomyelin	+	HP:6001380 Elevated circulating lysosphingomyelin concentration	HP:6001380 Elevated circulating lysosphingomyelin concentration	2026-02-16
SMPD1	acid_sphingomyelinase_activity -	auto E1b: LoF of SMPD1 (enzyme-deficiency IEM); resolved via UniProt->PR	plasma_total_lipids	+	HP:0002155 Hypertriglyceridemia; HP:0003077 Hyperlipidemia	HP:0003077 Hyperlipidemia	2026-02-16
SMPD1	acid_sphingomyelinase_activity -	auto E1b: LoF of SMPD1 (enzyme-deficiency IEM); resolved via UniProt->PR	plasma_transaminases	+	HP:0031956 Elevated circulating aspartate aminotransferase concentration; HP:0031964 Elevated circulating alanine aminotransferase concentration	HP:0002910 Elevated circulating hepatic transaminase concentration	2026-02-16
SMPD1	acid_sphingomyelinase_activity -	auto E1b: LoF of SMPD1 (enzyme-deficiency IEM); resolved via UniProt->PR	plasma_triglycerides	+	HP:0002155 Hypertriglyceridemia	HP:0002155 Hypertriglyceridemia	2026-02-16
SPR	sepiapterin_reductase_activity -	auto E1b: LoF of SPR (enzyme-deficiency IEM); resolved via UniProt->PR	plasma_phenylalanine	+	HP:0004923 Hyperphenylalaninemia	HP:0004923 Hyperphenylalaninemia	2026-02-16
SUOX	suox_activity -	auto E1b: LoF of SUOX (enzyme-deficiency IEM); resolved via UniProt->PR	plasma_creatine_kinase	+	HP:0003236 Elevated circulating creatine kinase concentration	HP:0003236 Elevated circulating creatine kinase concentration	2026-02-16
SUOX	suox_activity -	auto E1b: LoF of SUOX (enzyme-deficiency IEM); resolved via UniProt->PR	sulfite_oxidase_activity	-	HP:0003643 Sulfite oxidase deficiency	HP:0003643 Sulfite oxidase deficiency	2026-02-16
SUOX	suox_activity -	auto E1b: LoF of SUOX (enzyme-deficiency IEM); resolved via UniProt->PR	urinary_amino_acids	+	HP:0032350 Sulfocysteinuria	HP:0033100 Increased proteinogenic amino acid level in urine	2026-02-16
SUOX	suox_activity -	auto E1b: LoF of SUOX (enzyme-deficiency IEM); resolved via UniProt->PR	urinary_sulfate	-	HP:0003359 Decreased urinary sulfate	HP:0003359 Decreased urinary sulfate	2026-02-16
SUOX	suox_activity -	auto E1b: LoF of SUOX (enzyme-deficiency IEM); resolved via UniProt->PR	urinary_sulfite	+	HP:0011942 Increased urinary sulfite level	HP:0011942 Increased urinary sulfite level	2026-02-16
TALDO1	transaldolase_activity -	auto E1b: LoF of TALDO1 (enzyme-deficiency IEM); resolved via UniProt->PR	plasma_bile_acids	+	HP:0012202 Increased serum bile acid concentration	HP:0012202 Increased serum bile acid concentration	2026-02-16
TPO	free_t4 -	thyroid dyshormonogenesis -> low T4	core_temperature	-	HP:0002045 Hypothermia	HP:0002045 Hypothermia	2026-02-16
TPO	free_t4 -	thyroid dyshormonogenesis -> low T4	heart_rate	-	HP:0001662 Bradycardia	HP:0001662 Bradycardia	2026-02-16
TPO	free_t4 -	thyroid dyshormonogenesis -> low T4	plasma_t4	-	HP:0031507 Decreased circulating T4 concentration	HP:0031507 Decreased circulating T4 concentration	2026-02-16
TPO	free_t4 -	thyroid dyshormonogenesis -> low T4	tsh	+	HP:0002925 Elevated circulating thyroid-stimulating hormone concentration	HP:0002925 Elevated circulating thyroid-stimulating hormone concentration	2026-02-16
TRPM6	trpm6_activity -	familial hypomagnesemia	plasma_calcium	-	HP:0002901 Hypocalcemia	HP:0002901 Hypocalcemia	2026-02-16
TRPM6	trpm6_activity -	familial hypomagnesemia	plasma_magnesium	-	HP:0002917 Hypomagnesemia	HP:0002917 Hypomagnesemia	2026-02-16
TSHR	free_t4 -	TSH-resistance / congenital hypothyroidism -> low T4	core_temperature	-	HP:0002045 Hypothermia	HP:0002045 Hypothermia	2026-02-16
TSHR	free_t4 -	TSH-resistance / congenital hypothyroidism -> low T4	plasma_thyroglobulin	+	HP:0025484 Increased circulating thyroglobulin concentration	HP:0025484 Increased circulating thyroglobulin concentration	2026-02-16
TSHR	free_t4 -	TSH-resistance / congenital hypothyroidism -> low T4	plasma_unconjugated_bilirubin	+	HP:0008282 Unconjugated hyperbilirubinemia	HP:0008282 Unconjugated hyperbilirubinemia	2026-02-16
TTPA	ttpa_activity -	auto E1b: LoF of TTPA (enzyme-deficiency IEM); resolved via UniProt->PR	ldl_cholesterol	+	HP:0003124 Hypercholesterolemia; HP:0003141 Increased LDL cholesterol concentration	HP:0003124 Hypercholesterolemia; HP:0003141 Increased LDL cholesterol concentration	2026-02-16
TTPA	ttpa_activity -	auto E1b: LoF of TTPA (enzyme-deficiency IEM); resolved via UniProt->PR	plasma_lipoprotein	+	HP:0003141 Increased LDL cholesterol concentration	HP:0010980 Hyperlipoproteinemia	2026-02-16
TTPA	ttpa_activity -	auto E1b: LoF of TTPA (enzyme-deficiency IEM); resolved via UniProt->PR	plasma_total_lipids	+	HP:0002155 Hypertriglyceridemia	HP:0003077 Hyperlipidemia	2026-02-16
TTPA	ttpa_activity -	auto E1b: LoF of TTPA (enzyme-deficiency IEM); resolved via UniProt->PR	plasma_triglycerides	+	HP:0002155 Hypertriglyceridemia	HP:0002155 Hypertriglyceridemia	2026-02-16
TYMP	thymidine_phosphorylase_activity -	auto E1b: LoF of TYMP (enzyme-deficiency IEM); resolved via UniProt->PR	csf_protein	+	HP:0002922 Increased CSF protein concentration	HP:0002922 Increased CSF protein concentration	2026-02-16
TYMP	thymidine_phosphorylase_activity -	auto E1b: LoF of TYMP (enzyme-deficiency IEM); resolved via UniProt->PR	plasma_alanine	+	HP:0003348 Hyperalaninemia	HP:0003348 Hyperalaninemia	2026-02-16
TYMP	thymidine_phosphorylase_activity -	auto E1b: LoF of TYMP (enzyme-deficiency IEM); resolved via UniProt->PR	plasma_deoxyuridine	+	HP:0034277 Elevated circulating deoxyuridine concentration	HP:0034277 Elevated circulating deoxyuridine concentration	2026-02-16
TYMP	thymidine_phosphorylase_activity -	auto E1b: LoF of TYMP (enzyme-deficiency IEM); resolved via UniProt->PR	plasma_lactate	+	HP:0003128 Lactic acidosis	HP:0003128 Lactic acidosis	2026-02-16
TYMP	thymidine_phosphorylase_activity -	auto E1b: LoF of TYMP (enzyme-deficiency IEM); resolved via UniProt->PR	plasma_thymidine	+	HP:0034276 Elevated circulating thymidine concentration	HP:0034276 Elevated circulating thymidine concentration	2026-02-16
TYMP	thymidine_phosphorylase_activity -	auto E1b: LoF of TYMP (enzyme-deficiency IEM); resolved via UniProt->PR	plasma_transaminases	+	HP:0002910 Elevated circulating hepatic transaminase concentration	HP:0002910 Elevated circulating hepatic transaminase concentration	2026-02-16
UGT1A1	ugt1a1_activity -	Gilbert / Crigler-Najjar	plasma_transaminases	+	HP:0002910 Elevated circulating hepatic transaminase concentration	HP:0002910 Elevated circulating hepatic transaminase concentration	2026-02-16
UGT1A1	ugt1a1_activity -	Gilbert / Crigler-Najjar	plasma_unconjugated_bilirubin	+	HP:0008282 Unconjugated hyperbilirubinemia	HP:0008282 Unconjugated hyperbilirubinemia	2026-02-16
UPB1	beta_ureidopropionase_activity -	auto E1b: LoF of UPB1 (enzyme-deficiency IEM); resolved via UniProt->PR	csf_n_carbamyl_beta_alanine	+	HP:6000210 Elevated CSF N-carbamyl-beta-alanine concentration	HP:6000210 Elevated CSF N-carbamyl-beta-alanine concentration	2026-02-16
UPB1	beta_ureidopropionase_activity -	auto E1b: LoF of UPB1 (enzyme-deficiency IEM); resolved via UniProt->PR	csf_n_carbamyl_beta_aminoisobutyrate	+	HP:6000209 Elevated CSF N-carbamyl-beta-aminoisobutyric acid concentration	HP:6000209 Elevated CSF N-carbamyl-beta-aminoisobutyric acid concentration	2026-02-16
UPB1	beta_ureidopropionase_activity -	auto E1b: LoF of UPB1 (enzyme-deficiency IEM); resolved via UniProt->PR	plasma_lactate	+	HP:0002151 Increased circulating lactate concentration	HP:0002151 Increased circulating lactate concentration	2026-02-16
UPB1	beta_ureidopropionase_activity -	auto E1b: LoF of UPB1 (enzyme-deficiency IEM); resolved via UniProt->PR	plasma_n_carbamyl_beta_alanine	+	HP:0034595 Elevated circulating N-carbamoyl-beta-alanine concentration	HP:0034595 Elevated circulating N-carbamoyl-beta-alanine concentration	2026-02-16
UPB1	beta_ureidopropionase_activity -	auto E1b: LoF of UPB1 (enzyme-deficiency IEM); resolved via UniProt->PR	plasma_n_carbamyl_beta_aminoisobutyrate	+	HP:6000696 Elevated circulating N-carbamyl-beta-aminoisobutyric acid concentration	HP:6000696 Elevated circulating N-carbamyl-beta-aminoisobutyric acid concentration	2026-02-16
UPB1	beta_ureidopropionase_activity -	auto E1b: LoF of UPB1 (enzyme-deficiency IEM); resolved via UniProt->PR	urinary_dihydrothymine	+	HP:6000119 Elevated urinary dihydrothymine level	HP:6000119 Elevated urinary dihydrothymine level	2026-02-16
UPB1	beta_ureidopropionase_activity -	auto E1b: LoF of UPB1 (enzyme-deficiency IEM); resolved via UniProt->PR	urinary_dihydrouracil	+	HP:6000118 Elevated urinary dihydrouracil level	HP:6000118 Elevated urinary dihydrouracil level	2026-02-16
UPB1	beta_ureidopropionase_activity -	auto E1b: LoF of UPB1 (enzyme-deficiency IEM); resolved via UniProt->PR	urinary_n_carbamyl_beta_alanine	+	HP:6000279 Elevated urinary N-carbamoyl-beta-alanine level	HP:6000279 Elevated urinary N-carbamoyl-beta-alanine level	2026-02-16
UPB1	beta_ureidopropionase_activity -	auto E1b: LoF of UPB1 (enzyme-deficiency IEM); resolved via UniProt->PR	urinary_n_carbamyl_beta_aminoisobutyrate	+	HP:6000623 Elevated urinary N-carbamyl-beta-aminoisobutyric acid level	HP:6000623 Elevated urinary N-carbamyl-beta-aminoisobutyric acid level	2026-02-16
UPB1	beta_ureidopropionase_activity -	auto E1b: LoF of UPB1 (enzyme-deficiency IEM); resolved via UniProt->PR	urinary_organic_acids	+	HP:6000534 Elevated urinary ureidopropionic acid level; HP:6000622 Elevated urinary ureidoisobutyric acid level; HP:6000623 Elevated urinary N-carbamyl-beta-aminoisobutyric acid level	HP:0033303 Elevated urinary monocarboxylic acid level; HP:0040156 Elevated urinary carboxylic acid	2026-02-16
UPB1	beta_ureidopropionase_activity -	auto E1b: LoF of UPB1 (enzyme-deficiency IEM); resolved via UniProt->PR	urinary_ureidoisobutyrate	+	HP:6000622 Elevated urinary ureidoisobutyric acid level	HP:6000622 Elevated urinary ureidoisobutyric acid level	2026-02-16
UPB1	beta_ureidopropionase_activity -	auto E1b: LoF of UPB1 (enzyme-deficiency IEM); resolved via UniProt->PR	urinary_ureidopropionate	+	HP:6000534 Elevated urinary ureidopropionic acid level	HP:6000534 Elevated urinary ureidopropionic acid level	2026-02-16
UROS	uroporphyrinogen_iii_synthase_activity -	auto E1b: LoF of UROS (enzyme-deficiency IEM); resolved via UniProt->PR	erythrocyte_protoporphyrin	+	HP:0012187 Increased erythrocyte protoporphyrin concentration	HP:0012187 Increased erythrocyte protoporphyrin concentration	2026-02-16
UROS	uroporphyrinogen_iii_synthase_activity -	auto E1b: LoF of UROS (enzyme-deficiency IEM); resolved via UniProt->PR	fecal_coproporphyrin	+	HP:0033009 Increased fecal coproporphyrin 1	HP:0033009 Increased fecal coproporphyrin 1	2026-02-16
UROS	uroporphyrinogen_iii_synthase_activity -	auto E1b: LoF of UROS (enzyme-deficiency IEM); resolved via UniProt->PR	plasma_haptoglobin	-	HP:0020181 Reduced haptoglobin level	HP:0020181 Reduced haptoglobin level	2026-02-16
UROS	uroporphyrinogen_iii_synthase_activity -	auto E1b: LoF of UROS (enzyme-deficiency IEM); resolved via UniProt->PR	plasma_porphyrin	+	HP:0012187 Increased erythrocyte protoporphyrin concentration; HP:0034905 Elevated circulating uroporphyrin concentration	HP:0034606 Elevated circulating porphyrin concentration	2026-02-16
UROS	uroporphyrinogen_iii_synthase_activity -	auto E1b: LoF of UROS (enzyme-deficiency IEM); resolved via UniProt->PR	plasma_unconjugated_bilirubin	+	HP:0008282 Unconjugated hyperbilirubinemia	HP:0008282 Unconjugated hyperbilirubinemia	2026-02-16
UROS	uroporphyrinogen_iii_synthase_activity -	auto E1b: LoF of UROS (enzyme-deficiency IEM); resolved via UniProt->PR	plasma_uroporphyrin	+	HP:0034905 Elevated circulating uroporphyrin concentration	HP:0034905 Elevated circulating uroporphyrin concentration	2026-02-16
UROS	uroporphyrinogen_iii_synthase_activity -	auto E1b: LoF of UROS (enzyme-deficiency IEM); resolved via UniProt->PR	stool_urobilinogen	+	HP:0500115 Increased stool urobilinogen concentration	HP:0500115 Increased stool urobilinogen concentration	2026-02-16
UROS	uroporphyrinogen_iii_synthase_activity -	auto E1b: LoF of UROS (enzyme-deficiency IEM); resolved via UniProt->PR	urinary_organic_acids	+	HP:0012217 Increased urinary porphobilinogen	HP:0040156 Elevated urinary carboxylic acid	2026-02-16
UROS	uroporphyrinogen_iii_synthase_activity -	auto E1b: LoF of UROS (enzyme-deficiency IEM); resolved via UniProt->PR	urinary_porphobilinogen	+	HP:0012217 Increased urinary porphobilinogen	HP:0012217 Increased urinary porphobilinogen	2026-02-16
XDH	xanthine_oxidase_activity -	hereditary xanthinuria	plasma_urate	-	HP:0003537 Hypouricemia	HP:0003537 Hypouricemia	2026-02-16
XDH	xanthine_oxidase_activity -	hereditary xanthinuria	plasma_xanthine	+	HP:0010933 Hyperxanthinemia	HP:0010933 Hyperxanthinemia	2026-02-16
