pattern_id	arg1	arg2	arg3
causal-collection-v2	aadc_activity	csf_dopamine	
causal-collection-v2	aadc_activity	csf_hva	
causal-collection-v2	aadc_activity	plasma_catecholamines	
causal-collection-v2	aadc_activity	plasma_dopa	
causal-collection-v2	aadc_activity	plasma_homovanillate	
causal-collection-v2	aadc_activity	urinary_catecholamines	
causal-collection-v2	aadc_activity	urinary_dopamine	
causal-collection-v2	aadc_activity	urinary_homovanillic_acid	
causal-collection-v2	aadc_activity	urinary_tyramine	
causal-collection-v2	aadc_activity	urinary_vanillactate	
causal-collection-v2	abat_activity	csf_alpha_ketoglutarate	
causal-collection-v2	abat_activity	csf_beta_alanine	
causal-collection-v2	abat_activity	csf_gaba	
causal-collection-v2	abat_activity	csf_taurine	
causal-collection-v2	abat_activity	plasma_beta_alanine	
causal-collection-v2	abca1_activity	hdl_cholesterol	
causal-collection-v2	abca1_activity	plasma_apolipoprotein_a1	
causal-collection-v2	abca1_activity	plasma_apolipoprotein_a2	
causal-collection-v2	abcd1_activity	cortisol	
causal-collection-v2	abcd1_activity	plasma_hexacosanoic_acid	
causal-collection-v2	abcd1_activity	plasma_tetracosanoic_acid	
causal-collection-v2	abcg5_abcg8_activity	hepatocyte_cholesterol_content	
causal-collection-v2	abcg5_abcg8_activity	plasma_sitosterol	
causal-collection-v2	acetyl_coa_carboxylase_activity	malonyl_coa_level	
causal-collection-v2	acetylcholinesterase_activity	synaptic_acetylcholine_concentration	
causal-collection-v2	acetylcholinesterase_activity	synaptic_ach_concentration	
causal-collection-v2	acid_alpha_glucosidase_activity	muscle_glycogen_content	
causal-collection-v2	acid_ceramidase_activity	tissue_ceramide	
causal-collection-v2	acid_sphingomyelinase_activity	macrophage_activation	
causal-collection-v2	acid_sphingomyelinase_activity	plasma_lysosphingomyelin	
causal-collection-v2	acid_sphingomyelinase_activity	tissue_ceramide	
causal-collection-v2	acid_sphingomyelinase_activity	tissue_sphingomyelin	
causal-collection-v2	aco2_activity	plasma_aconitate	
causal-collection-v2	aco2_activity	urinary_aconitic_acid	
causal-collection-v2	aco2_activity	urinary_citrate	
causal-collection-v2	acth	aldosterone	
causal-collection-v2	acth	cortisol	
causal-collection-v2	acth	plasma_androgen	
causal-collection-v2	acth	plasma_dheas	
causal-collection-v2	acth	zona_fasciculata_cortisol_secretion	
causal-collection-v2	activated_protein_C	thrombin	
causal-collection-v2	acyl_coa_oxidase_activity	plasma_vlcfa	
causal-collection-v2	ada2_activity	plasma_inosine	
causal-collection-v2	adamts13_activity	platelet_activation	
causal-collection-v2	adenosine_deaminase_activity	t_cell_immune_activity	
causal-collection-v2	adenosine_deaminase_activity	urinary_deoxyadenosine	
causal-collection-v2	adenylate_kinase_activity	erythrocyte_amp	
causal-collection-v2	adenylate_kinase_activity	plasma_ldh	
causal-collection-v2	adh	collecting_duct_water_permeability	
causal-collection-v2	adh	plasma_osmolality	
causal-collection-v2	adh	plasma_sodium_concentration	
causal-collection-v2	adh	sodium_water_reabsorption	
causal-collection-v2	adh	total_peripheral_resistance	
causal-collection-v2	adh	urine_osmolality	
causal-collection-v2	adh	urine_volume	
causal-collection-v2	adipose_hsl_activity	lipolysis_rate	
causal-collection-v2	adipose_hsl_activity	plasma_glycerol	
causal-collection-v2	adipose_hsl_activity	plasma_triglycerides	
causal-collection-v2	adipose_tissue_mass	adipocyte_leptin_secretion	
causal-collection-v2	adipose_tissue_mass	ghrelin	
causal-collection-v2	adipose_tissue_mass	leptin	
causal-collection-v2	adipose_tissue_mass	plasma_25oh_vitamin_d	
causal-collection-v2	adipose_tissue_mass	plasma_adiponectin	
causal-collection-v2	adipose_tissue_mass	plasma_insulin	
causal-collection-v2	adrenal_hsd3b2_activity	plasma_dhea	
causal-collection-v2	adsl_activity	cellular_atp_level	
causal-collection-v2	adsl_activity	urinary_saicar_riboside	
causal-collection-v2	adsl_activity	urinary_succinyladenosine	
causal-collection-v2	afferent_arteriolar_resistance	glomerular_hydrostatic_pressure	
causal-collection-v2	afferent_arteriolar_resistance	renal_blood_flow	
causal-collection-v2	afterload	ejection_fraction	
causal-collection-v2	afterload	stroke_volume	
causal-collection-v2	agat_activity	plasma_guanidinoacetate	
causal-collection-v2	agat_activity	plasma_homoarginine	
causal-collection-v2	agat_activity	urinary_guanidinoacetate	
causal-collection-v2	agps_activity	plasma_plasmalogen	
causal-collection-v2	agrp_npy_tone	alpha_msh	
causal-collection-v2	agrp_npy_tone	food_intake	
causal-collection-v2	agrp_npy_tone	mc4r_activity	
causal-collection-v2	agt_activity	plasma_glycolate	
causal-collection-v2	agt_activity	plasma_glyoxylate	
causal-collection-v2	agt_activity	plasma_oxalate	
causal-collection-v2	agt_activity	urinary_glycolate	
causal-collection-v2	agt_activity	urinary_glyoxylate	
causal-collection-v2	agt_activity	urinary_oxalate	
causal-collection-v2	agxt2_activity	plasma_beta_aminoisobutyrate	
causal-collection-v2	agxt2_activity	urinary_3_aminoisobutyrate	
causal-collection-v2	aicar_transformylase_activity	cellular_atp_level	
causal-collection-v2	aicar_transformylase_activity	csf_aica	
causal-collection-v2	aicar_transformylase_activity	urinary_aicar	
causal-collection-v2	aicda_deaminase_activity	plasma_iga	
causal-collection-v2	aicda_deaminase_activity	plasma_ige	
causal-collection-v2	aicda_deaminase_activity	plasma_igg	
causal-collection-v2	aicda_deaminase_activity	plasma_igg1	
causal-collection-v2	aicda_deaminase_activity	plasma_igg2	
causal-collection-v2	aicda_deaminase_activity	plasma_igg3	
causal-collection-v2	aicda_deaminase_activity	plasma_igg4	
causal-collection-v2	aicda_deaminase_activity	plasma_igm	
causal-collection-v2	airway_resistance	alveolar_ventilation	
causal-collection-v2	airway_resistance	forced_expiratory_volume	
causal-collection-v2	airway_resistance	work_of_breathing	
causal-collection-v2	ala_dehydratase_activity	urinary_ala	
causal-collection-v2	aldehyde_dehydrogenase_activity	plasma_acetaldehyde	
causal-collection-v2	aldehyde_oxidase_activity	plasma_acetaldehyde	
causal-collection-v2	aldh7a1_activity	aadc_activity	
causal-collection-v2	aldh7a1_activity	plasma_aminoadipic_semialdehyde	
causal-collection-v2	aldh7a1_activity	plasma_pipecolate	
causal-collection-v2	aldolase_b_activity	plasma_glucose	
causal-collection-v2	aldolase_b_activity	urinary_fructose	
causal-collection-v2	aldosterone	arterial_ph	
causal-collection-v2	aldosterone	cellular_potassium_uptake	
causal-collection-v2	aldosterone	extracellular_fluid_volume	
causal-collection-v2	aldosterone	plasma_potassium	
causal-collection-v2	aldosterone	renal_enac_activity	
causal-collection-v2	aldosterone	renal_hydrogen_secretion	
causal-collection-v2	aldosterone	renal_potassium_excretion	
causal-collection-v2	aldosterone	sodium_water_reabsorption	
causal-collection-v2	aldosterone	total_peripheral_resistance	
causal-collection-v2	alkyl_dhap_synthase_activity	plasma_plasmalogen	
causal-collection-v2	alox12_activity	plasma_12_hete	
causal-collection-v2	alox12_activity	platelet_activation	
causal-collection-v2	alpha_1_3_fucosyltransferase_activity	neutrophil_extravasation	
causal-collection-v2	alpha_aminoadipic_semialdehyde_synthase_activity	csf_lysine	
causal-collection-v2	alpha_aminoadipic_semialdehyde_synthase_activity	csf_saccharopine	
causal-collection-v2	alpha_aminoadipic_semialdehyde_synthase_activity	plasma_lysine	
causal-collection-v2	alpha_aminoadipic_semialdehyde_synthase_activity	plasma_saccharopine	
causal-collection-v2	alpha_aminoadipic_semialdehyde_synthase_activity	urinary_lysine	
causal-collection-v2	alpha_aminoadipic_semialdehyde_synthase_activity	urinary_saccharopine	
causal-collection-v2	alpha_cell_glucagon_secretion	beta_cell_insulin_secretion	
causal-collection-v2	alpha_cell_glucagon_secretion	delta_cell_somatostatin_secretion	
causal-collection-v2	alpha_galactosidase_a_activity	plasma_globotriaosylceramide	
causal-collection-v2	alpha_galactosidase_a_activity	plasma_lyso_gb3	
causal-collection-v2	alpha_ketoglutarate_dehydrogenase_activity	csf_alpha_ketoglutarate	
causal-collection-v2	alpha_ketoglutarate_dehydrogenase_activity	urinary_alpha_ketoglutarate	
causal-collection-v2	alpha_l_fucosidase_activity	macrophage_activation	
causal-collection-v2	alpha_l_fucosidase_activity	urinary_fucose	
causal-collection-v2	alpha_mannosidase_activity	urinary_mannose_oligosaccharides	
causal-collection-v2	alpha_msh	mc4r_activity	
causal-collection-v2	alpha_msh	skin_melanin_content	
causal-collection-v2	alpha_n_acetylgalactosaminidase_activity	tn_antigen_level	
causal-collection-v2	alpha_n_acetylglucosaminidase_activity	plasma_heparan_sulfate	
causal-collection-v2	alveolar_air_pressure	pulmonary_perfusion	
causal-collection-v2	alveolar_pco2	arterial_pco2	
causal-collection-v2	alveolar_pco2	bronchiole_diameter	
causal-collection-v2	alveolar_po2	airway_resistance	
causal-collection-v2	alveolar_po2	arterial_po2	
causal-collection-v2	alveolar_po2	ductus_arteriosus_patency	
causal-collection-v2	alveolar_po2	o2_transfer_rate	
causal-collection-v2	alveolar_po2	pulmonary_arteriole_diameter	
causal-collection-v2	alveolar_po2	pulmonary_diffusing_capacity_co	
causal-collection-v2	alveolar_po2	pulmonary_perfusion	
causal-collection-v2	alveolar_po2	pulmonary_vascular_resistance	
causal-collection-v2	alveolar_surface_tension	alveolar_stability	
causal-collection-v2	alveolar_surface_tension	lung_compliance	
causal-collection-v2	alveolar_surface_tension	pulmonary_interstitial_fluid_volume	
causal-collection-v2	alveolar_surface_tension	tidal_volume	
causal-collection-v2	alveolar_surfactant_amount	alveolar_surface_tension	
causal-collection-v2	alveolar_surfactant_concentration	alveolar_stability	
causal-collection-v2	alveolar_surfactant_concentration	alveolar_surface_tension	
causal-collection-v2	alveolar_ventilation	alveolar_pco2	
causal-collection-v2	alveolar_ventilation	alveolar_po2	
causal-collection-v2	alveolar_ventilation	arterial_pco2	
causal-collection-v2	alveolar_ventilation	arterial_po2	
causal-collection-v2	amacr_activity	plasma_pristanic_acid	
causal-collection-v2	amacr_activity	plasma_trihydroxycholestanoic_acid	
causal-collection-v2	amacr_activity	urinary_dihydroxycholestanoic_acid	
causal-collection-v2	amacr_activity	urinary_trihydroxycholestanoate	
causal-collection-v2	amyloid_protein_aggregate_amount	csf_amyloid_beta_42	
causal-collection-v2	amyloid_protein_aggregate_amount	il1beta	
causal-collection-v2	anatomic_dead_space_volume	dead_space_ventilation	
causal-collection-v2	angiotensin_I	angiotensin_II	
causal-collection-v2	angiotensin_II	adh	
causal-collection-v2	angiotensin_II	aldosterone	
causal-collection-v2	angiotensin_II	at1_receptor_activity	
causal-collection-v2	angiotensin_II	efferent_arteriolar_resistance	
causal-collection-v2	angiotensin_II	renal_hydrogen_secretion	
causal-collection-v2	angiotensin_II	sodium_water_reabsorption	
causal-collection-v2	angiotensin_II	sympathetic_tone	
causal-collection-v2	angiotensin_II	total_peripheral_resistance	
causal-collection-v2	angiotensin_II	water_intake	
causal-collection-v2	angiotensin_II	zona_glomerulosa_cell_aldosterone_secretion	
causal-collection-v2	anp	adh	
causal-collection-v2	anp	aldosterone	
causal-collection-v2	anp	blood_volume	
causal-collection-v2	anp	renin	
causal-collection-v2	anp	sodium_excretion	
causal-collection-v2	anp	total_peripheral_resistance	
causal-collection-v2	antithrombin	thrombin	
causal-collection-v2	aprt_activity	gfr	
causal-collection-v2	aprt_activity	urinary_2_8_dihydroxyadenine	
causal-collection-v2	aqueous_humor_formation_rate	intraocular_pressure	
causal-collection-v2	aqueous_humor_outflow_resistance	intraocular_pressure	
causal-collection-v2	arginase_activity	csf_arginine	
causal-collection-v2	arginase_activity	plasma_arginine	
causal-collection-v2	arginase_activity	plasma_ornithine	
causal-collection-v2	argininosuccinate_synthetase_activity	csf_citrulline	
causal-collection-v2	argininosuccinate_synthetase_activity	plasma_argininosuccinate	
causal-collection-v2	argininosuccinate_synthetase_activity	plasma_citrulline	
causal-collection-v2	aromatase_activity	granulosa_estradiol_secretion	
causal-collection-v2	aromatase_activity	male_breast_glandular_tissue_mass	
causal-collection-v2	aromatase_activity	plasma_androstenedione	
causal-collection-v2	aromatase_activity	plasma_estriol	
causal-collection-v2	aromatase_activity	plasma_estrone	
causal-collection-v2	arsa_activity	urinary_sulfatide	
causal-collection-v2	arterial_compliance	pulse_pressure	
causal-collection-v2	arterial_pco2	alveolar_ventilation	
causal-collection-v2	arterial_pco2	blood_co2_content	
causal-collection-v2	arterial_pco2	cerebral_blood_flow	
causal-collection-v2	arterial_pco2	chemoreceptor_drive	
causal-collection-v2	arterial_pco2	csf_bicarbonate	
causal-collection-v2	arterial_pco2	csf_ph	
causal-collection-v2	arterial_pco2	hemoglobin_o2_affinity	
causal-collection-v2	arterial_pco2	hemoglobin_o2_saturation	
causal-collection-v2	arterial_pco2	plasma_bicarbonate	
causal-collection-v2	arterial_pco2	renal_hydrogen_secretion	
causal-collection-v2	arterial_pco2	total_peripheral_resistance	
causal-collection-v2	arterial_ph	alveolar_ventilation	
causal-collection-v2	arterial_ph	cellular_potassium_uptake	
causal-collection-v2	arterial_ph	chemoreceptor_drive	
causal-collection-v2	arterial_ph	erythrocyte_23_bpg	
causal-collection-v2	arterial_ph	hemoglobin_o2_affinity	
causal-collection-v2	arterial_ph	hemoglobin_o2_saturation	
causal-collection-v2	arterial_ph	plasma_bicarbonate	
causal-collection-v2	arterial_ph	pulmonary_vascular_resistance	
causal-collection-v2	arterial_ph	renal_glutaminase_activity	
causal-collection-v2	arterial_ph	renal_hydrogen_secretion	
causal-collection-v2	arterial_ph	renal_potassium_excretion	
causal-collection-v2	arterial_ph	renal_tubular_ammonia_secretion	
causal-collection-v2	arterial_ph	total_peripheral_resistance	
causal-collection-v2	arterial_po2	alveolar_ventilation	
causal-collection-v2	arterial_po2	chemoreceptor_drive	
causal-collection-v2	arterial_po2	hemoglobin_o2_saturation	
causal-collection-v2	arterial_po2	muscle_tissue_oxygen	
causal-collection-v2	arterial_po2	plasma_vegf	
causal-collection-v2	arterial_po2	renal_tissue_oxygenation	
causal-collection-v2	arterial_po2	tissue_po2	
causal-collection-v2	arylsulfatase_a_activity	tissue_galactosylceramide	
causal-collection-v2	arylsulfatase_b_activity	urinary_dermatan_sulfate	
causal-collection-v2	asl_activity	csf_argininosuccinate	
causal-collection-v2	asl_activity	endothelial_no_production	
causal-collection-v2	asns_activity	csf_asparagine	
causal-collection-v2	asns_activity	plasma_asparagine	
causal-collection-v2	aspartoacylase_activity	csf_aspartate	
causal-collection-v2	aspartoacylase_activity	csf_n_acetylaspartate	
causal-collection-v2	aspartoacylase_activity	plasma_n_acetylaspartate	
causal-collection-v2	aspartoacylase_activity	urinary_n_acetylaspartate	
causal-collection-v2	aspartylglucosaminidase_activity	csf_aspartylglucosamine	
causal-collection-v2	aspartylglucosaminidase_activity	plasma_aspartylglucosamine	
causal-collection-v2	at1_receptor_activity	intracellular_calcium	
causal-collection-v2	atp7a_activity	plasma_copper	
causal-collection-v2	atp7a_activity	plasma_zinc	
causal-collection-v2	atp7b_activity	hepatic_copper_excretion	
causal-collection-v2	atp7b_activity	plasma_ceruloplasmin	
causal-collection-v2	bace1_activity	amyloid_protein_aggregate_amount	
causal-collection-v2	bace1_activity	csf_amyloid_beta	
causal-collection-v2	bace1_activity	csf_amyloid_beta_40	
causal-collection-v2	baroreceptor_firing_rate	parasympathetic_tone	
causal-collection-v2	baroreceptor_firing_rate	sympathetic_tone	
causal-collection-v2	bckdh_activity	plasma_3_methyl_2_oxovalerate	
causal-collection-v2	bckdh_activity	plasma_4_methyl_2_oxopentanoate	
causal-collection-v2	bckdh_activity	plasma_glucose	
causal-collection-v2	bckdh_activity	urinary_2_hydroxy_3_methylvaleric_acid	
causal-collection-v2	bckdh_activity	urinary_2_hydroxyisocaproic_acid	
causal-collection-v2	bckdh_activity	urinary_2_oxoisocaproic_acid	
causal-collection-v2	bckdh_activity	urinary_3_methyl_2_oxovaleric_acid	
causal-collection-v2	bckdh_activity	urinary_4_methyl_2_oxopentanoic_acid	
causal-collection-v2	bckdh_enzyme_activity	csf_alloisoleucine	
causal-collection-v2	bckdh_enzyme_activity	csf_isoleucine	
causal-collection-v2	bckdh_enzyme_activity	csf_leucine	
causal-collection-v2	bckdh_enzyme_activity	csf_valine	
causal-collection-v2	bckdh_enzyme_activity	plasma_alloisoleucine	
causal-collection-v2	bckdh_enzyme_activity	plasma_branched_chain_amino_acids	
causal-collection-v2	bckdh_enzyme_activity	plasma_isoleucine	
causal-collection-v2	bckdh_enzyme_activity	plasma_leucine	
causal-collection-v2	bckdh_enzyme_activity	plasma_valine	
causal-collection-v2	bckdh_enzyme_activity	urinary_alloisoleucine	
causal-collection-v2	bcl_xl_level	erythroid_progenitor_proliferation	
causal-collection-v2	bco1_activity	plasma_beta_carotene	
causal-collection-v2	beta1_adrenergic_activation	gs_adenylyl_cyclase_activity	
causal-collection-v2	beta1_adrenergic_chronotropic_responsiveness	heart_rate	
causal-collection-v2	beta_cell_glucokinase_activity	beta_cell_insulin_secretion	
causal-collection-v2	beta_cell_glucokinase_activity	plasma_glucose	
causal-collection-v2	beta_cell_insulin_secretion	alpha_cell_glucagon_secretion	
causal-collection-v2	beta_cell_insulin_secretion	delta_cell_somatostatin_secretion	
causal-collection-v2	beta_galactosidase_activity	alkaline_phosphatase	
causal-collection-v2	beta_galactosidase_activity	tissue_gm1_ganglioside	
causal-collection-v2	beta_galactosidase_activity	tissue_keratan_sulfate	
causal-collection-v2	beta_galactosidase_activity	urinary_galactosylated_oligosaccharide	
causal-collection-v2	beta_glucuronidase_activity	plasma_heparan_sulfate	
causal-collection-v2	beta_hexosaminidase_a_activity	tissue_gm2_ganglioside	
causal-collection-v2	beta_hexosaminidase_b_activity	plasma_beta_hexosaminidase	
causal-collection-v2	beta_hexosaminidase_b_activity	tissue_gm2_ganglioside	
causal-collection-v2	beta_hexosaminidase_b_activity	urinary_glcnac_oligosaccharide	
causal-collection-v2	beta_ketothiolase_activity	plasma_tiglylcarnitine	
causal-collection-v2	beta_ketothiolase_activity	plasma_tiglylglycine	
causal-collection-v2	beta_ketothiolase_activity	urinary_2_methyl_3_hydroxybutyrate	
causal-collection-v2	beta_ketothiolase_activity	urinary_2_methylacetoacetic_acid	
causal-collection-v2	beta_ketothiolase_activity	urinary_tiglylglycine	
causal-collection-v2	beta_mannosidase_activity	urinary_mannose_oligosaccharides	
causal-collection-v2	beta_ureidopropionase_activity	csf_n_carbamyl_beta_alanine	
causal-collection-v2	beta_ureidopropionase_activity	csf_n_carbamyl_beta_aminoisobutyrate	
causal-collection-v2	beta_ureidopropionase_activity	plasma_n_carbamyl_beta_alanine	
causal-collection-v2	beta_ureidopropionase_activity	plasma_n_carbamyl_beta_aminoisobutyrate	
causal-collection-v2	beta_ureidopropionase_activity	urinary_n_carbamyl_beta_alanine	
causal-collection-v2	beta_ureidopropionase_activity	urinary_n_carbamyl_beta_aminoisobutyrate	
causal-collection-v2	beta_ureidopropionase_activity	urinary_ureidoisobutyrate	
causal-collection-v2	beta_ureidopropionase_activity	urinary_ureidopropionate	
causal-collection-v2	biotinidase_activity	plasma_biotin	
causal-collection-v2	bisphosphoglycerate_mutase_activity	erythrocyte_23_bpg	
causal-collection-v2	bisphosphoglycerate_mutase_activity	erythrocyte_2_3_bpg	
causal-collection-v2	blood_cadmium	gfr	
causal-collection-v2	blood_carbon_monoxide	carboxyhemoglobin	
causal-collection-v2	blood_carbon_monoxide	hemoglobin_o2_saturation	
causal-collection-v2	blood_colloidal_osmotic_pressure	glomerular_colloid_osmotic_pressure	
causal-collection-v2	blood_colloidal_osmotic_pressure	net_filtration_pressure	
causal-collection-v2	blood_ethylene_glycol	plasma_glycolate	
causal-collection-v2	blood_gas_barrier_thickness	o2_transfer_rate	
causal-collection-v2	blood_gas_barrier_thickness	pulmonary_diffusing_capacity_co	
causal-collection-v2	blood_gas_barrier_thickness	pulmonary_gas_diffusion_rate	
causal-collection-v2	blood_hemoglobin_concentration	arterial_o2_content	
causal-collection-v2	blood_hemoglobin_concentration	pulmonary_diffusing_capacity_co	
causal-collection-v2	blood_mercury	gfr	
causal-collection-v2	blood_urea_nitrogen	urine_osmolality	
causal-collection-v2	blood_viral_load	cd4_t_cell_count	
causal-collection-v2	blood_viscosity	pulmonary_vascular_resistance	
causal-collection-v2	blood_viscosity	total_peripheral_resistance	
causal-collection-v2	blood_volume	adh	
causal-collection-v2	blood_volume	anp	
causal-collection-v2	blood_volume	venous_return	
causal-collection-v2	blood_volume	water_intake	
causal-collection-v2	bmp6_ligand	bmp_smad_signaling	
causal-collection-v2	bmp_smad_signaling	hepcidin_transcription	
causal-collection-v2	body_weight	adipose_tissue_mass	
causal-collection-v2	bowmans_capsule_pressure	gfr	
causal-collection-v2	breast_milk_zinc	t_cell_immune_activity	
causal-collection-v2	bronchial_smooth_muscle_tone	airway_resistance	
causal-collection-v2	bronchiole_diameter	alveolar_ventilation	
causal-collection-v2	bronchiole_smooth_muscle_tone	airway_resistance	
causal-collection-v2	bronchiole_smooth_muscle_tone	bronchiole_airflow	
causal-collection-v2	btk_kinase_activity	body_fluid_immunoglobulin	
causal-collection-v2	btk_kinase_activity	plasma_iga	
causal-collection-v2	btk_kinase_activity	plasma_igd	
causal-collection-v2	btk_kinase_activity	plasma_ige	
causal-collection-v2	btk_kinase_activity	plasma_igg	
causal-collection-v2	btk_kinase_activity	plasma_igg1	
causal-collection-v2	btk_kinase_activity	plasma_igg2	
causal-collection-v2	btk_kinase_activity	plasma_igg3	
causal-collection-v2	btk_kinase_activity	plasma_igg4	
causal-collection-v2	btk_kinase_activity	plasma_igm	
causal-collection-v2	btk_kinase_activity	plasma_immunoglobulin	
causal-collection-v2	c27_3beta_hsd_activity	plasma_bile_acids	
causal-collection-v2	c27_3beta_hsd_activity	urinary_bile_acids	
causal-collection-v2	cact_activity	plasma_linoleylcarnitine	
causal-collection-v2	cact_activity	plasma_long_chain_acylcarnitine	
causal-collection-v2	calcineurin_activity	postsynaptic_ampa_receptor_density	
causal-collection-v2	calcineurin_activity	t_cell_activation_rate	
causal-collection-v2	calcitriol	fgf23	
causal-collection-v2	calcitriol	intestinal_calcium_absorption	
causal-collection-v2	calcitriol	osteoblast_rankl	
causal-collection-v2	calcitriol	parathyroid_chief_cell_proliferation	
causal-collection-v2	calcitriol	plasma_calcium	
causal-collection-v2	calcitriol	plasma_phosphate	
causal-collection-v2	calcitriol	pth	
causal-collection-v2	camp_level	pde_activity	
causal-collection-v2	camp_level	pka_activity	
causal-collection-v2	capillary_filtration_rate	interstitial_fluid_volume	
causal-collection-v2	capillary_hydrostatic_pressure	capillary_filtration_rate	
causal-collection-v2	capillary_hydrostatic_pressure	interstitial_fluid_volume	
causal-collection-v2	capillary_hydrostatic_pressure	net_filtration_pressure	
causal-collection-v2	capillary_permeability	blood_volume	
causal-collection-v2	capillary_permeability	capillary_filtration_rate	
causal-collection-v2	capillary_permeability	plasma_surfactant_protein	
causal-collection-v2	capillary_permeability	pulmonary_interstitial_fluid_volume	
causal-collection-v2	carbamoylphosphate_synthetase_1_activity	blood_urea_nitrogen	
causal-collection-v2	carbamoylphosphate_synthetase_1_activity	plasma_citrulline	
causal-collection-v2	carbonic_anhydrase_ii_activity	urine_bicarbonate	
causal-collection-v2	carboxyhemoglobin	arterial_o2_content	
causal-collection-v2	carboxyhemoglobin	hemoglobin_o2_affinity	
causal-collection-v2	carboxylesterase_1_activity	plasma_triglycerides	
causal-collection-v2	carboxypeptidase_n_activity	plasma_bradykinin	
causal-collection-v2	cardiac_muscle_metabolic_rate	coronary_blood_flow	
causal-collection-v2	cardiac_output	cardiac_index	
causal-collection-v2	cardiac_output	pulmonary_artery_pressure	
causal-collection-v2	cardiac_output	pulmonary_perfusion	
causal-collection-v2	cardiac_output	total_peripheral_resistance	
causal-collection-v2	cardiomyocyte_intracellular_sodium	cytosolic_calcium_transient	
causal-collection-v2	cardiomyocyte_intracellular_sodium	na_k_atpase_activity	
causal-collection-v2	casr_activity	parathyroid_chief_cell_proliferation	
causal-collection-v2	casr_activity	parathyroid_chief_pth_secretion	
causal-collection-v2	catalase_activity	erythrocyte_hydrogen_peroxide	
causal-collection-v2	cathepsin_d_activity	lysosomal_ceroid_lipofuscin_load	
causal-collection-v2	cbs_enzyme_activity	plasma_homocysteine	
causal-collection-v2	cd40l_signaling_activity	plasma_iga	
causal-collection-v2	cd40l_signaling_activity	plasma_ige	
causal-collection-v2	cd40l_signaling_activity	plasma_igg	
causal-collection-v2	cd40l_signaling_activity	plasma_igg1	
causal-collection-v2	cd40l_signaling_activity	plasma_igg2	
causal-collection-v2	cd40l_signaling_activity	plasma_igg3	
causal-collection-v2	cd40l_signaling_activity	plasma_igg4	
causal-collection-v2	cd40l_signaling_activity	plasma_igm	
causal-collection-v2	cd4_t_cell_count	t_cell_immune_activity	
causal-collection-v2	cellular_adp_level	acetyl_coa_carboxylase_activity	
causal-collection-v2	cellular_adp_level	isocitrate_dehydrogenase_activity	
causal-collection-v2	cellular_adp_level	phosphofructokinase_activity	
causal-collection-v2	cellular_atp_level	alpha_ketoglutarate_dehydrogenase_activity	
causal-collection-v2	cellular_atp_level	citrate_synthase_activity	
causal-collection-v2	cellular_atp_level	isocitrate_dehydrogenase_activity	
causal-collection-v2	cellular_cobalamin_uptake	methionine_synthase_activity	
causal-collection-v2	cellular_cobalamin_uptake	methylmalonyl_coa_mutase_activity	
causal-collection-v2	cellular_cobalamin_uptake	plasma_adenosylcobalamin	
causal-collection-v2	cellular_cobalamin_uptake	plasma_methylcobalamin	
causal-collection-v2	cellular_fadh2	mitochondrial_complex_ii_activity	
causal-collection-v2	cellular_nadh	mitochondrial_complex_i_activity	
causal-collection-v2	cellular_potassium_uptake	macrophage_nlrp3_inflammasome_assembly	
causal-collection-v2	cellular_potassium_uptake	plasma_potassium	
causal-collection-v2	cerebral_blood_flow	sympathetic_tone	
causal-collection-v2	cervical_distension	plasma_oxytocin	
causal-collection-v2	cftr_activity	plasma_chloride	
causal-collection-v2	cftr_activity	sweat_chloride	
causal-collection-v2	cgamp_concentration	sting_activity	
causal-collection-v2	cgas_activity	cgamp_concentration	
causal-collection-v2	chemoreceptor_drive	alveolar_ventilation	
causal-collection-v2	chemoreceptor_drive	sympathetic_tone	
causal-collection-v2	cndp1_activity	urinary_1_methylhistidine	
causal-collection-v2	cnt1_activity	urinary_cytidine	
causal-collection-v2	cnt1_activity	urinary_uridine	
causal-collection-v2	co2_production	alveolar_pco2	
causal-collection-v2	co2_production	arterial_pco2	
causal-collection-v2	comt_activity	epinephrine	
causal-collection-v2	comt_activity	plasma_metanephrine	
causal-collection-v2	comt_activity	urinary_metanephrine	
causal-collection-v2	coproporphyrinogen_oxidase_activity	fecal_coproporphyrin	
causal-collection-v2	coproporphyrinogen_oxidase_activity	nociceptive_afferent_activity	
causal-collection-v2	coproporphyrinogen_oxidase_activity	urinary_coproporphyrin	
causal-collection-v2	coq2_activity	muscle_coenzyme_q10	
causal-collection-v2	core_temperature	alveolar_ventilation	
causal-collection-v2	core_temperature	co2_production	
causal-collection-v2	core_temperature	hemoglobin_o2_affinity	
causal-collection-v2	core_temperature	hemoglobin_o2_saturation	
causal-collection-v2	core_temperature	metabolic_rate	
causal-collection-v2	core_temperature	sa_node_automaticity	
causal-collection-v2	core_temperature	shivering	
causal-collection-v2	core_temperature	skin_blood_flow	
causal-collection-v2	core_temperature	sweating	
causal-collection-v2	coronary_blood_flow	myocardial_contractility	
causal-collection-v2	cortisol	angiotensin_II	
causal-collection-v2	cortisol	calcitriol	
causal-collection-v2	cortisol	capillary_permeability	
causal-collection-v2	cortisol	corticotroph_acth_secretion	
causal-collection-v2	cortisol	crh	
causal-collection-v2	cortisol	gnrh	
causal-collection-v2	cortisol	hdl_cholesterol	
causal-collection-v2	cortisol	hepatic_gluconeogenesis	
causal-collection-v2	cortisol	hepatic_glucose_production	
causal-collection-v2	cortisol	il1beta	
causal-collection-v2	cortisol	il6	
causal-collection-v2	cortisol	intraocular_pressure	
causal-collection-v2	cortisol	ldl_cholesterol	
causal-collection-v2	cortisol	lean_body_mass	
causal-collection-v2	cortisol	lipolysis_rate	
causal-collection-v2	cortisol	mean_arterial_pressure	
causal-collection-v2	cortisol	muscle_protein_synthesis_rate	
causal-collection-v2	cortisol	osteoblast_activity	
causal-collection-v2	cortisol	parvocellular_crh_secretion	
causal-collection-v2	cortisol	peripheral_glucose_uptake	
causal-collection-v2	cortisol	pituitary_acth_secretion	
causal-collection-v2	cortisol	pituitary_gh_secretion	
causal-collection-v2	cortisol	pituitary_lh_secretion	
causal-collection-v2	cortisol	plasma_amino_acids	
causal-collection-v2	cortisol	plasma_angiotensinogen	
causal-collection-v2	cortisol	plasma_cbg	
causal-collection-v2	cortisol	plasma_fibronectin	
causal-collection-v2	cortisol	plasma_glucose	
causal-collection-v2	cortisol	plasma_plasminogen	
causal-collection-v2	cortisol	plasma_reverse_t3	
causal-collection-v2	cortisol	plasma_triglycerides	
causal-collection-v2	cortisol	plasma_tryptophan	
causal-collection-v2	cortisol	red_cell_mass	
causal-collection-v2	cortisol	sodium_water_reabsorption	
causal-collection-v2	cortisol	somatostatin	
causal-collection-v2	cortisol	t_cell_immune_activity	
causal-collection-v2	cortisol	testosterone	
causal-collection-v2	cortisol	thymic_mass	
causal-collection-v2	cortisol	tnf_alpha	
causal-collection-v2	cortisol	total_peripheral_resistance	
causal-collection-v2	cortisol	urinary_calcium	
causal-collection-v2	cortisol	urine_volume	
causal-collection-v2	cosmc_chaperone_activity	tn_antigen_level	
causal-collection-v2	cox_1_activity	plasma_thromboxane_b2	
causal-collection-v2	cox_2_activity	plasma_prostaglandin_e2	
causal-collection-v2	cpt1_activity	plasma_palmitoylcarnitine	
causal-collection-v2	cpt2_activity	hepatic_ketogenesis	
causal-collection-v2	cpt2_activity	plasma_c18_acylcarnitine	
causal-collection-v2	cpt2_activity	plasma_long_chain_acylcarnitine	
causal-collection-v2	cpt2_activity	plasma_octadecenoylcarnitine	
causal-collection-v2	cpt2_activity	plasma_oleylcarnitine	
causal-collection-v2	cpt2_activity	plasma_palmitoylcarnitine	
causal-collection-v2	cpt2_activity	plasma_stearoylcarnitine	
causal-collection-v2	cpt2_activity	sarcolemmal_permeability	
causal-collection-v2	crh	corticotroph_acth_secretion	
causal-collection-v2	crh	gnrh	
causal-collection-v2	crh	pituitary_acth_secretion	
causal-collection-v2	crh	plasma_androstenedione	
causal-collection-v2	crh	plasma_dhea	
causal-collection-v2	crh	plasma_dheas	
causal-collection-v2	csf_ace	angiotensin_II	
causal-collection-v2	csf_alpha_crystallin_b	macrophage_activation	
causal-collection-v2	csf_bicarbonate	csf_ph	
causal-collection-v2	csf_chi3l1	macrophage_activation	
causal-collection-v2	csf_creatine	csf_creatinine	
causal-collection-v2	csf_dihydrobiopterin	csf_biopterin	
causal-collection-v2	csf_dihydrobiopterin	csf_tetrahydrobiopterin	
causal-collection-v2	csf_dopa	csf_dopamine	
causal-collection-v2	csf_dopamine	csf_homovanillic_acid	
causal-collection-v2	csf_dopamine	csf_norepinephrine	
causal-collection-v2	csf_epinephrine	csf_metanephrine	
causal-collection-v2	csf_gaba	csf_homocarnosine	
causal-collection-v2	csf_glucose	cellular_atp_level	
causal-collection-v2	csf_glutamate	intracellular_calcium	
causal-collection-v2	csf_guanidinoacetate	csf_creatine	
causal-collection-v2	csf_l_2_hydroxyglutarate	alpha_ketoglutarate_dehydrogenase_activity	
causal-collection-v2	csf_n_acetylaspartate	csf_naag	
causal-collection-v2	csf_nfl	macrophage_activation	
causal-collection-v2	csf_norepinephrine	csf_mhpg_aldehyde	
causal-collection-v2	csf_ph	alveolar_ventilation	
causal-collection-v2	csf_production_rate	intracranial_pressure	
causal-collection-v2	csf_pyridoxal_phosphate	aadc_activity	
causal-collection-v2	csf_sepiapterin	csf_dihydrobiopterin	
causal-collection-v2	csf_tetrahydrobiopterin	csf_5hiaa	
causal-collection-v2	csf_tetrahydrobiopterin	csf_dopa	
causal-collection-v2	csf_tetrahydrobiopterin	csf_homovanillic_acid	
causal-collection-v2	csf_tryptophan	csf_5hiaa	
causal-collection-v2	cyp11b1_activity	plasma_11_deoxycortisol	
causal-collection-v2	cyp11b1_activity	plasma_corticosterone	
causal-collection-v2	cyp11b1_activity	plasma_deoxycorticosterone	
causal-collection-v2	cyp11b1_activity	zona_fasciculata_cortisol_secretion	
causal-collection-v2	cyp11b2_activity	plasma_18_hydroxycortisone	
causal-collection-v2	cyp11b2_activity	zona_glomerulosa_cell_aldosterone_secretion	
causal-collection-v2	cyp17a1_activity	leydig_testosterone_secretion	
causal-collection-v2	cyp17a1_activity	plasma_17_hydroxypregnenolone	
causal-collection-v2	cyp17a1_activity	plasma_dhea	
causal-collection-v2	cyp21a2_activity	plasma_11_deoxycorticosterone	
causal-collection-v2	cyp21a2_activity	plasma_11_deoxycortisol	
causal-collection-v2	cyp21a2_activity	plasma_17ohp	
causal-collection-v2	cyp21a2_activity	progesterone	
causal-collection-v2	cyp21a2_activity	zona_fasciculata_cortisol_secretion	
causal-collection-v2	cyp21a2_activity	zona_glomerulosa_cell_aldosterone_secretion	
causal-collection-v2	cyp2a6_activity	plasma_cotinine	
causal-collection-v2	cyp7a1_activity	fecal_bile_acids	
causal-collection-v2	cyp7a1_activity	plasma_bile_acids	
causal-collection-v2	cystathionine_gamma_lyase_activity	csf_alpha_aminobutyrate	
causal-collection-v2	cystathionine_gamma_lyase_activity	csf_cystathionine	
causal-collection-v2	cystathionine_gamma_lyase_activity	endothelial_no_production	
causal-collection-v2	cystathionine_gamma_lyase_activity	plasma_alpha_aminobutyrate	
causal-collection-v2	cystathionine_gamma_lyase_activity	plasma_cystine	
causal-collection-v2	cystathionine_gamma_lyase_activity	urinary_cystathionine	
causal-collection-v2	cystinosin_activity	csf_cystine	
causal-collection-v2	cystinosin_activity	gfr	
causal-collection-v2	cystinosin_transport_activity	gfr	
causal-collection-v2	cystinosin_transport_activity	intracellular_cystine	
causal-collection-v2	cystinosin_transport_activity	leukocyte_cystine	
causal-collection-v2	cytochrome_b5_reductase_activity	erythrocyte_methemoglobin	
causal-collection-v2	cytosolic_calcium_transient	serca_uptake_rate	
causal-collection-v2	cytosolic_calcium_transient	sr_calcium_release	
causal-collection-v2	cytosolic_calcium_transient	troponin_c_calcium_binding	
causal-collection-v2	d2hgdh_activity	csf_2_hydroxyglutarate	
causal-collection-v2	d2hgdh_activity	csf_alpha_ketoglutarate	
causal-collection-v2	d_bifunctional_protein_activity	plasma_pristanic_acid	
causal-collection-v2	d_bifunctional_protein_activity	plasma_vlcfa	
causal-collection-v2	dbh_activity	csf_dopamine	
causal-collection-v2	dbh_activity	norepinephrine	
causal-collection-v2	dbh_activity	urinary_norepinephrine	
causal-collection-v2	dbh_activity	urinary_vanillylmandelic_acid	
causal-collection-v2	dcxr_activity	urinary_l_xylulose	
causal-collection-v2	dead_space_ventilation	alveolar_ventilation	
causal-collection-v2	delta_cell_somatostatin_secretion	alpha_cell_glucagon_secretion	
causal-collection-v2	delta_cell_somatostatin_secretion	beta_cell_insulin_secretion	
causal-collection-v2	delta_cell_somatostatin_secretion	gi_tract_motility	
causal-collection-v2	dendritic_cell_activation	th1_cell_activation	
causal-collection-v2	dhapat_activity	plasma_plasmalogen	
causal-collection-v2	dhcr24_activity	hepatic_cholesterol_synthesis	
causal-collection-v2	dhcr24_activity	plasma_desmosterol	
causal-collection-v2	dhcr7_activity	hepatic_cholesterol_synthesis	
causal-collection-v2	dhcr7_activity	plasma_7_dehydrocholesterol	
causal-collection-v2	dhcr7_activity	plasma_8_dehydrocholesterol	
causal-collection-v2	dhcr7_activity	plasma_cholestane_triol	
causal-collection-v2	dhtkd1_activity	plasma_2_aminoadipate	
causal-collection-v2	dhtkd1_activity	plasma_alpha_aminoadipate	
causal-collection-v2	dienoyl_coa_reductase_activity	plasma_decadienoylcarnitine	
causal-collection-v2	dienoyl_coa_reductase_activity	urinary_decadienoylcarnitine	
causal-collection-v2	dietary_linoleic_acid_intake	plasma_arachidonic_acid	
causal-collection-v2	dietary_linolenic_acid_intake	plasma_epa	
causal-collection-v2	dihydropyrimidinase_activity	csf_dihydrothymine	
causal-collection-v2	dihydropyrimidinase_activity	csf_dihydrouracil	
causal-collection-v2	dihydropyrimidinase_activity	plasma_dihydrothymine	
causal-collection-v2	dihydropyrimidinase_activity	plasma_dihydrouracil	
causal-collection-v2	dihydropyrimidinase_activity	plasma_n_carbamyl_beta_alanine	
causal-collection-v2	dihydropyrimidinase_activity	plasma_n_carbamyl_beta_aminoisobutyrate	
causal-collection-v2	dihydropyrimidinase_activity	urinary_dihydrothymine	
causal-collection-v2	dihydropyrimidinase_activity	urinary_dihydrouracil	
causal-collection-v2	dihydropyrimidine_dehydrogenase_activity	csf_dihydrothymine	
causal-collection-v2	dihydropyrimidine_dehydrogenase_activity	csf_thymine	
causal-collection-v2	dihydropyrimidine_dehydrogenase_activity	csf_uracil	
causal-collection-v2	dihydropyrimidine_dehydrogenase_activity	plasma_5_hydroxymethyluracil	
causal-collection-v2	dihydropyrimidine_dehydrogenase_activity	plasma_dihydrothymine	
causal-collection-v2	dihydropyrimidine_dehydrogenase_activity	plasma_dihydrouracil	
causal-collection-v2	dihydropyrimidine_dehydrogenase_activity	plasma_thymine	
causal-collection-v2	dihydropyrimidine_dehydrogenase_activity	plasma_uracil	
causal-collection-v2	dihydropyrimidine_dehydrogenase_activity	urinary_5_hydroxymethyluracil	
causal-collection-v2	dihydropyrimidine_dehydrogenase_activity	urinary_thymine	
causal-collection-v2	distal_tubular_flow_rate	renal_potassium_excretion	
causal-collection-v2	dmgdh_activity	cellular_atp_level	
causal-collection-v2	dmgdh_activity	plasma_dimethylglycine	
causal-collection-v2	dmgdh_activity	urinary_dimethylglycine	
causal-collection-v2	duodenal_chyme_acidity	gastric_acid_secretion	
causal-collection-v2	duodenal_chyme_acidity	gastric_emptying_rate	
causal-collection-v2	duodenal_chyme_acidity	s_cell_secretin_secretion	
causal-collection-v2	duodenal_lipase_activity	plasma_free_fatty_acids	
causal-collection-v2	duodenal_trypsin_activity	duodenal_carboxypeptidase_activity	
causal-collection-v2	duodenal_trypsin_activity	duodenal_chymotrypsin_activity	
causal-collection-v2	duodenal_trypsin_activity	duodenal_elastase_activity	
causal-collection-v2	duodenal_trypsin_activity	duodenal_lipase_activity	
causal-collection-v2	duox_activity	tpo_nis_organification_capacity	
causal-collection-v2	dystrophin_level	plasma_3_methylhistidine	
causal-collection-v2	dystrophin_level	sarcolemmal_permeability	
causal-collection-v2	dystrophin_level	urinary_3_methylhistidine	
causal-collection-v2	eaat3_activity	urinary_glutamate	
causal-collection-v2	ebp_activity	hepatic_cholesterol_synthesis	
causal-collection-v2	ebp_activity	plasma_8_9_cholestenol	
causal-collection-v2	ebp_activity	plasma_8_dehydrocholesterol	
causal-collection-v2	ebp_activity	plasma_lathosterol	
causal-collection-v2	echs1_activity	plasma_tiglylcarnitine	
causal-collection-v2	echs1_activity	urinary_2_3_dihydroxy_2_methylbutyrate	
causal-collection-v2	echs1_activity	urinary_3_hydroxyisobutyrate	
causal-collection-v2	efferent_arteriolar_resistance	glomerular_hydrostatic_pressure	
causal-collection-v2	efferent_arteriolar_resistance	peritubular_capillary_hydrostatic_pressure	
causal-collection-v2	efferent_arteriolar_resistance	renal_blood_flow	
causal-collection-v2	eg_mesangial_contraction	afferent_arteriolar_tone	
causal-collection-v2	eg_mesangial_contraction	jg_granular_renin_secretion	
causal-collection-v2	egfr_activity	airway_mucin_secretion_rate	
causal-collection-v2	elovl2_activity	plasma_adrenic_acid	
causal-collection-v2	elovl2_activity	plasma_arachidonic_acid	
causal-collection-v2	elovl6_activity	hepatic_lipogenesis	
causal-collection-v2	elovl6_activity	plasma_octadecanoate	
causal-collection-v2	end_diastolic_volume	ejection_fraction	
causal-collection-v2	end_diastolic_volume	lv_end_diastolic_diameter	
causal-collection-v2	end_diastolic_volume	lv_wall_thickness	
causal-collection-v2	end_diastolic_volume	plasma_bnp	
causal-collection-v2	end_diastolic_volume	plasma_nt_probnp	
causal-collection-v2	end_diastolic_volume	stroke_volume	
causal-collection-v2	endothelial_akt_signaling	endothelial_no_production	
causal-collection-v2	endothelial_et1_secretion	pulmonary_vascular_resistance	
causal-collection-v2	endothelial_et1_secretion	vascular_smooth_muscle_tone	
causal-collection-v2	endothelial_no_production	pulmonary_vascular_resistance	
causal-collection-v2	endothelial_no_production	renal_vascular_resistance	
causal-collection-v2	endothelial_no_production	total_peripheral_resistance	
causal-collection-v2	endothelial_no_production	vascular_smooth_muscle_tone	
causal-collection-v2	endothelial_no_production	vsm_cgmp_level	
causal-collection-v2	endothelial_pgi2_production	pulmonary_vascular_resistance	
causal-collection-v2	endothelial_pgi2_production	vascular_smooth_muscle_tone	
causal-collection-v2	endothelial_shear_stress	endothelial_et1_secretion	
causal-collection-v2	endothelial_shear_stress	endothelial_no_production	
causal-collection-v2	endothelial_shear_stress	endothelial_pgi2_production	
causal-collection-v2	enolase_activity	sarcolemmal_permeability	
causal-collection-v2	enteropeptidase_activity	duodenal_trypsin_activity	
causal-collection-v2	epinephrine	alveolar_ventilation	
causal-collection-v2	epinephrine	bronchiole_smooth_muscle_tone	
causal-collection-v2	epinephrine	cellular_potassium_uptake	
causal-collection-v2	epinephrine	erythropoietin	
causal-collection-v2	epinephrine	heart_rate	
causal-collection-v2	epinephrine	hepatic_glycogenolysis	
causal-collection-v2	epinephrine	lipolysis_rate	
causal-collection-v2	epinephrine	mean_arterial_pressure	
causal-collection-v2	epinephrine	metabolic_heat_production	
causal-collection-v2	epinephrine	peripheral_glucose_uptake	
causal-collection-v2	epinephrine	plasma_glucose	
causal-collection-v2	epinephrine	total_peripheral_resistance	
causal-collection-v2	epinephrine	urinary_epinephrine	
causal-collection-v2	epo_receptor_activity	erythroid_progenitor_proliferation	
causal-collection-v2	epo_receptor_activity	jak2_activity	
causal-collection-v2	er_cholesterol_level	nuclear_srebp2_activity	
causal-collection-v2	erythroblast_maturation	island_macrophage_activity	
causal-collection-v2	erythroblast_proliferation	erythroblast_maturation	
causal-collection-v2	erythroblast_proliferation	island_macrophage_activity	
causal-collection-v2	erythrocyte_23_bpg	hemoglobin_o2_affinity	
causal-collection-v2	erythrocyte_23_bpg	hemoglobin_o2_saturation	
causal-collection-v2	erythrocyte_hydrogen_peroxide	erythrocyte_methemoglobin	
causal-collection-v2	erythrocyte_itp	myocardial_contractility	
causal-collection-v2	erythrocyte_methemoglobin	arterial_o2_content	
causal-collection-v2	erythrocyte_methemoglobin	hemoglobin_o2_saturation	
causal-collection-v2	erythrocyte_methemoglobin	peripheral_o2_unloading	
causal-collection-v2	erythrocyte_pyrimidine_nucleotide_pool	plasma_unconjugated_bilirubin	
causal-collection-v2	erythrocyte_pyruvate_kinase_activity	plasma_ldh	
causal-collection-v2	erythrocyte_pyruvate_kinase_activity	plasma_unconjugated_bilirubin	
causal-collection-v2	erythrocyte_pyruvate_kinase_activity	red_cell_mass	
causal-collection-v2	erythroferrone	bmp_smad_signaling	
causal-collection-v2	erythropoietic_iron_demand	hepcidin	
causal-collection-v2	erythropoietin	epo_receptor_activity	
causal-collection-v2	erythropoietin	erythropoietic_iron_demand	
causal-collection-v2	erythropoietin	red_cell_mass	
causal-collection-v2	erythropoietin	total_peripheral_resistance	
causal-collection-v2	esophageal_luminal_pressure	gi_tract_motility	
causal-collection-v2	esophageal_luminal_pressure	lower_esophageal_sphincter_tone	
causal-collection-v2	estradiol	adipose_tissue_mass	
causal-collection-v2	estradiol	bone_mass	
causal-collection-v2	estradiol	bone_mineral_density	
causal-collection-v2	estradiol	endometrial_thickness	
causal-collection-v2	estradiol	gnrh	
causal-collection-v2	estradiol	hdl_cholesterol	
causal-collection-v2	estradiol	hepatic_igf1	
causal-collection-v2	estradiol	ldl_cholesterol	
causal-collection-v2	estradiol	osteoblast_rankl	
causal-collection-v2	estradiol	osteoclast_activity	
causal-collection-v2	estradiol	pituitary_fsh_secretion	
causal-collection-v2	estradiol	pituitary_gh_secretion	
causal-collection-v2	estradiol	pituitary_lh_secretion	
causal-collection-v2	estradiol	pituitary_prolactin_secretion	
causal-collection-v2	estradiol	plasma_calcium	
causal-collection-v2	estradiol	plasma_cbg	
causal-collection-v2	estradiol	plasma_dheas	
causal-collection-v2	estradiol	plasma_shbg	
causal-collection-v2	estradiol	plasma_thyroxine_binding_globulin	
causal-collection-v2	estradiol	plasma_triglycerides	
causal-collection-v2	estradiol	resting_energy_expenditure	
causal-collection-v2	estradiol	uterine_smooth_muscle_mass	
causal-collection-v2	etfdh_activity	plasma_glucose	
causal-collection-v2	etfdh_activity	urinary_3_hydroxypentanoic_acid	
causal-collection-v2	etfdh_activity	urinary_butyric_acid	
causal-collection-v2	etfdh_activity	urinary_methylsuccinate	
causal-collection-v2	extracellular_fluid_volume	blood_volume	
causal-collection-v2	extracellular_fluid_volume	renal_hydrogen_secretion	
causal-collection-v2	faah_activity	plasma_oleylethanolamide	
causal-collection-v2	fads1_activity	plasma_arachidonic_acid	
causal-collection-v2	fads1_activity	plasma_leukotriene_c4	
causal-collection-v2	fasn_activity	hepatic_lipogenesis	
causal-collection-v2	fasn_activity	plasma_palmitate	
causal-collection-v2	ferritin_stores	hepcidin	
causal-collection-v2	ferrochelatase_activity	erythrocyte_free_porphyrin	
causal-collection-v2	ferrochelatase_activity	erythrocyte_protoporphyrin	
causal-collection-v2	ferrochelatase_activity	erythropoietic_iron_demand	
causal-collection-v2	ferrochelatase_activity	fecal_protoporphyrin	
causal-collection-v2	ferroportin_activity	plasma_iron	
causal-collection-v2	fgf23	calcitriol	
causal-collection-v2	fgf23	parathyroid_chief_pth_secretion	
causal-collection-v2	fgf23	proximal_tubule_calcitriol_production	
causal-collection-v2	fgf23	renal_phosphate_reabsorption	
causal-collection-v2	fibrin_clot	blood_viscosity	
causal-collection-v2	fibrin_clot	plasmin_fibrinolysis	
causal-collection-v2	follicular_camp_level	follicular_pka_activity	
causal-collection-v2	follicular_pka_activity	tpo_nis_organification_capacity	
causal-collection-v2	folr1_activity	csf_5hiaa	
causal-collection-v2	folr1_activity	csf_5mthf	
causal-collection-v2	food_intake	body_weight	
causal-collection-v2	food_intake	ghrelin	
causal-collection-v2	food_intake	metabolic_rate	
causal-collection-v2	food_intake	plasma_glucose	
causal-collection-v2	free_t3	beta1_adrenergic_chronotropic_responsiveness	
causal-collection-v2	free_t3	cardiac_output	
causal-collection-v2	free_t3	diastolic_blood_pressure	
causal-collection-v2	free_t3	food_intake	
causal-collection-v2	free_t3	gi_tract_motility	
causal-collection-v2	free_t3	ldl_cholesterol	
causal-collection-v2	free_t3	lipolysis_rate	
causal-collection-v2	free_t3	metabolic_heat_production	
causal-collection-v2	free_t3	metabolic_rate	
causal-collection-v2	free_t3	parasympathetic_tone	
causal-collection-v2	free_t3	pituitary_tsh_secretion	
causal-collection-v2	free_t3	plasma_calcium	
causal-collection-v2	free_t3	plasma_mbl	
causal-collection-v2	free_t3	plasma_shbg	
causal-collection-v2	free_t3	plasma_total_cholesterol	
causal-collection-v2	free_t3	plasma_triglycerides	
causal-collection-v2	free_t3	red_cell_mass	
causal-collection-v2	free_t3	sa_node_automaticity	
causal-collection-v2	free_t3	systolic_blood_pressure	
causal-collection-v2	free_t3	thyrotroph_tsh_secretion	
causal-collection-v2	free_t3	total_peripheral_resistance	
causal-collection-v2	free_t4	bone_mineral_density	
causal-collection-v2	free_t4	core_temperature	
causal-collection-v2	free_t4	erythropoietin	
causal-collection-v2	free_t4	free_t3	
causal-collection-v2	free_t4	gi_tract_motility	
causal-collection-v2	free_t4	hepatic_ldl_receptor_activity	
causal-collection-v2	free_t4	ldl_cholesterol	
causal-collection-v2	free_t4	metabolic_rate	
causal-collection-v2	free_t4	pituitary_tsh_secretion	
causal-collection-v2	free_t4	plasma_creatinine	
causal-collection-v2	free_t4	plasma_shbg	
causal-collection-v2	free_t4	plasma_triglycerides	
causal-collection-v2	free_t4	renin	
causal-collection-v2	free_t4	resting_energy_expenditure	
causal-collection-v2	free_t4	thyrotroph_tsh_secretion	
causal-collection-v2	free_t4	total_peripheral_resistance	
causal-collection-v2	free_t4	trh	
causal-collection-v2	fructokinase_activity	urinary_fructose	
causal-collection-v2	fructose_1_6_bisphosphatase_activity	plasma_glucose	
causal-collection-v2	fsh	aromatase_activity	
causal-collection-v2	fsh	estradiol	
causal-collection-v2	fsh	granulosa_estradiol_secretion	
causal-collection-v2	fsh	inhibin	
causal-collection-v2	fsh	sertoli_inhibin_secretion	
causal-collection-v2	fsh	spermatogenesis_rate	
causal-collection-v2	ftcd_activity	urinary_figlu	
causal-collection-v2	fumarate_hydratase_activity	cellular_atp_level	
causal-collection-v2	fumarate_hydratase_activity	csf_fumarate	
causal-collection-v2	fumarate_hydratase_activity	plasma_fumarate	
causal-collection-v2	fumarate_hydratase_activity	urinary_fumarate	
causal-collection-v2	fumarate_hydratase_activity	urinary_malic_acid	
causal-collection-v2	fumarylacetoacetase_activity	gfr	
causal-collection-v2	fumarylacetoacetase_activity	plasma_succinylacetone	
causal-collection-v2	fumarylacetoacetase_activity	urinary_succinylacetone	
causal-collection-v2	fut3_activity	plasma_ca19_9	
causal-collection-v2	fxr_activity	cyp7a1_activity	
causal-collection-v2	fxr_activity	ppara_activity	
causal-collection-v2	g6pase_activity	hepatic_gluconeogenesis	
causal-collection-v2	g6pase_activity	hepatic_glycogenolysis	
causal-collection-v2	g6pase_activity	plasma_glucose	
causal-collection-v2	g6pase_activity	plasma_lactate	
causal-collection-v2	g6pase_expression	hepatic_glucose_production	
causal-collection-v2	g6pd_activity	erythrocyte_nadph	
causal-collection-v2	g6pd_activity	red_cell_mass	
causal-collection-v2	galactocerebrosidase_activity	tissue_galactosylceramide	
causal-collection-v2	galactokinase_activity	plasma_galactitol	
causal-collection-v2	galactokinase_activity	plasma_galactose	
causal-collection-v2	gallbladder_bile_secretion	intestinal_lipid_emulsification	
causal-collection-v2	galt_activity	erythrocyte_galactitol	
causal-collection-v2	galt_activity	erythrocyte_galactonate	
causal-collection-v2	galt_activity	plasma_galactitol	
causal-collection-v2	galt_activity	plasma_galactose	
causal-collection-v2	gamma_glutamylcysteine_synthetase_activity	plasma_glutathione	
causal-collection-v2	gamt_activity	csf_guanidinoacetate	
causal-collection-v2	gamt_activity	plasma_creatine	
causal-collection-v2	gamt_activity	plasma_guanidinoacetate	
causal-collection-v2	gastric_acid_secretion	gastric_pepsin_activity	
causal-collection-v2	gastric_acid_secretion	gastrin	
causal-collection-v2	gastric_emptying_rate	gip	
causal-collection-v2	gastric_emptying_rate	glp1	
causal-collection-v2	gastric_emptying_rate	plasma_glucose	
causal-collection-v2	gastric_pepsin_activity	gastric_pepsin_activity	
causal-collection-v2	gastrin	gastric_acid_secretion	
causal-collection-v2	gastrin	plasma_pepsinogen_i	
causal-collection-v2	gcdh_activity	cellular_atp_level	
causal-collection-v2	gcdh_activity	plasma_glutaric_acid	
causal-collection-v2	gcdh_activity	plasma_glutarylcarnitine	
causal-collection-v2	gcdh_activity	urinary_3_hydroxyglutarate	
causal-collection-v2	gcdh_activity	urinary_glutarylglycine	
causal-collection-v2	gch1_activity	csf_neopterin	
causal-collection-v2	gfr	blood_urea_nitrogen	
causal-collection-v2	gfr	plasma_beta2_microglobulin	
causal-collection-v2	gfr	plasma_creatinine	
causal-collection-v2	gfr	plasma_cystatin_c	
causal-collection-v2	gfr	sodium_excretion	
causal-collection-v2	gfr	urinary_creatinine	
causal-collection-v2	gfr	urinary_ngal	
causal-collection-v2	gfr	urinary_orosomucoid	
causal-collection-v2	gfr	urinary_uromodulin	
causal-collection-v2	ggt1_activity	plasma_ggt	
causal-collection-v2	ggt1_activity	urinary_gamma_glutamylphenylalanine	
causal-collection-v2	ghrelin	agrp_npy_tone	
causal-collection-v2	ghrelin	ghrh	
causal-collection-v2	ghrelin	hypothalamic_appetite_drive	
causal-collection-v2	ghrelin	pituitary_gh_secretion	
causal-collection-v2	ghrelin	somatostatin	
causal-collection-v2	ghrh	pituitary_gh_secretion	
causal-collection-v2	ghrh	somatostatin	
causal-collection-v2	ghrh	somatotroph_gh_secretion	
causal-collection-v2	gi_parasympathetic_tone	gi_tract_motility	
causal-collection-v2	gi_parasympathetic_tone	gi_tract_secretion	
causal-collection-v2	gi_parasympathetic_tone	salivation_rate	
causal-collection-v2	gi_sympathetic_tone	gi_tract_motility	
causal-collection-v2	gi_sympathetic_tone	gi_tract_secretion	
causal-collection-v2	gi_sympathetic_tone	splanchnic_blood_flow	
causal-collection-v2	gip	plasma_insulin	
causal-collection-v2	gla_activity	gfr	
causal-collection-v2	gla_activity	plasma_globotriaosylceramide	
causal-collection-v2	glcnac_phosphotransferase_activity	osteoclast_activity	
causal-collection-v2	glcnac_phosphotransferase_activity	plasma_beta_hexosaminidase	
causal-collection-v2	glomerular_colloid_osmotic_pressure	gfr	
causal-collection-v2	glomerular_hydrostatic_pressure	gfr	
causal-collection-v2	glp1	food_intake	
causal-collection-v2	glp1	gastric_acid_secretion	
causal-collection-v2	glp1	gastric_emptying_rate	
causal-collection-v2	glp1	plasma_glucagon	
causal-collection-v2	glp1	plasma_insulin	
causal-collection-v2	glucocerebrosidase_activity	plasma_acid_phosphatase	
causal-collection-v2	glucocerebrosidase_activity	plasma_glucosylsphingosine	
causal-collection-v2	glucocerebrosidase_activity	tissue_glucosylceramide	
causal-collection-v2	glucocerebrosidase_activity	tissue_glucosylceramide_content	
causal-collection-v2	glucose_6_phosphate_translocase_activity	plasma_glucose	
causal-collection-v2	glucose_phosphate_isomerase_activity	red_cell_mass	
causal-collection-v2	glut4_expression	peripheral_glucose_uptake	
causal-collection-v2	glut4_membrane_translocation	peripheral_glucose_uptake	
causal-collection-v2	glutamate_dehydrogenase_activity	beta_cell_insulin_secretion	
causal-collection-v2	glutamate_dehydrogenase_activity	plasma_ammonia	
causal-collection-v2	glutamate_dehydrogenase_activity	plasma_glutamine	
causal-collection-v2	glutamine_synthetase_activity	csf_glutamine	
causal-collection-v2	glutamine_synthetase_activity	plasma_ammonia	
causal-collection-v2	glutamine_synthetase_activity	plasma_glutamate	
causal-collection-v2	glutamine_synthetase_activity	plasma_glutamine	
causal-collection-v2	glutaryl_coa_oxidase_activity	plasma_glutarylcarnitine	
causal-collection-v2	glutathione_reductase_activity	erythrocyte_oxidized_glutathione	
causal-collection-v2	glutathione_reductase_activity	red_cell_mass	
causal-collection-v2	glutathione_synthetase_activity	endothelial_no_production	
causal-collection-v2	glutathione_synthetase_activity	plasma_5_oxoproline	
causal-collection-v2	glutathione_synthetase_activity	plasma_glutathione	
causal-collection-v2	glutathione_synthetase_activity	urinary_gamma_glutamylcysteine	
causal-collection-v2	glycerate_kinase_activity	csf_d_glycerate	
causal-collection-v2	glycerate_kinase_activity	plasma_d_glycerate	
causal-collection-v2	glycerate_kinase_activity	urinary_d_glycerate	
causal-collection-v2	glycerol_kinase_activity	plasma_glycerol	
causal-collection-v2	glycerol_kinase_activity	urinary_glycerol	
causal-collection-v2	glycine_cleavage_enzyme_activity	csf_glycine	
causal-collection-v2	glycine_cleavage_enzyme_activity	plasma_glycine	
causal-collection-v2	glycine_cleavage_enzyme_activity	urinary_glycine	
causal-collection-v2	glycogen_debrancher_activity	muscle_glycogen_content	
causal-collection-v2	glycogen_phosphorylase_activity	hepatic_glucose_production	
causal-collection-v2	glycogen_phosphorylase_activity	hepatic_glycogen_content	
causal-collection-v2	glyoxalase_activity	gfr	
causal-collection-v2	glyoxalase_activity	plasma_methylglyoxal	
causal-collection-v2	glyoxylate_reductase_activity	plasma_oxalate	
causal-collection-v2	glyoxylate_reductase_activity	urinary_l_glycerate	
causal-collection-v2	glyoxylate_reductase_activity	urinary_oxalate	
causal-collection-v2	gnrh	gonadotroph_fsh_secretion	
causal-collection-v2	gnrh	gonadotroph_lh_secretion	
causal-collection-v2	gnrh	pituitary_fsh_secretion	
causal-collection-v2	gnrh	pituitary_lh_secretion	
causal-collection-v2	gnrh_neuron_gnrh_secretion	gonadotroph_lh_secretion	
causal-collection-v2	gr_activity	g6pase_expression	
causal-collection-v2	gr_activity	hepatic_de_novo_lipogenesis	
causal-collection-v2	gr_activity	pepck1_expression	
causal-collection-v2	gs_adenylyl_cyclase_activity	camp_level	
causal-collection-v2	gs_adenylyl_cyclase_activity	sertoli_inhibin_secretion	
causal-collection-v2	haao_activity	cellular_nadh	
causal-collection-v2	haao_activity	plasma_3_hydroxyanthranilate	
causal-collection-v2	haao_activity	urinary_quinolinate	
causal-collection-v2	hal_activity	csf_histidine	
causal-collection-v2	hal_activity	plasma_histidine	
causal-collection-v2	hal_activity	urinary_ribosylhistidine	
causal-collection-v2	hdl_cholesterol	hepatocyte_cholesterol_content	
causal-collection-v2	heart_rate	end_diastolic_volume	
causal-collection-v2	helper_t_cell_activation	b_cell_proliferation	
causal-collection-v2	helper_t_cell_activation	t_cell_immune_activity	
causal-collection-v2	helper_t_cell_activation	th2_cell_activation	
causal-collection-v2	hematocrit	blood_viscosity	
causal-collection-v2	heme_oxygenase_activity	plasma_biliverdin	
causal-collection-v2	heme_oxygenase_activity	plasma_unconjugated_bilirubin	
causal-collection-v2	hemoglobin_o2_affinity	hemoglobin_o2_saturation	
causal-collection-v2	hemoglobin_o2_affinity	peripheral_o2_unloading	
causal-collection-v2	hemoglobin_o2_saturation	arterial_pco2	
causal-collection-v2	hemoglobin_o2_saturation	blood_co2_content	
causal-collection-v2	heparan_alpha_glucosaminide_n_acetyltransferase_activity	plasma_heparan_sulfate	
causal-collection-v2	hepatic_albumin_synthesis	plasma_albumin	
causal-collection-v2	hepatic_bilirubin_conjugation	plasma_conjugated_bilirubin	
causal-collection-v2	hepatic_bilirubin_conjugation	plasma_unconjugated_bilirubin	
causal-collection-v2	hepatic_bilirubin_uptake	hepatic_bilirubin_conjugation	
causal-collection-v2	hepatic_bilirubin_uptake	plasma_unconjugated_bilirubin	
causal-collection-v2	hepatic_cholesterol_synthesis	hepatocyte_cholesterol_content	
causal-collection-v2	hepatic_conjugated_bilirubin_excretion	plasma_bile_acids	
causal-collection-v2	hepatic_conjugated_bilirubin_excretion	plasma_conjugated_bilirubin	
causal-collection-v2	hepatic_conjugated_bilirubin_excretion	stool_urobilinogen	
causal-collection-v2	hepatic_copper_excretion	plasma_copper	
causal-collection-v2	hepatic_copper_excretion	plasma_nonceruloplasmin_copper	
causal-collection-v2	hepatic_fatty_acid_content	hepatic_triglyceride_content	
causal-collection-v2	hepatic_gluconeogenesis	hepatic_glucose_production	
causal-collection-v2	hepatic_glucose_production	plasma_glucose	
causal-collection-v2	hepatic_glycogen_synthase_activity	hepatic_glycogen_content	
causal-collection-v2	hepatic_glycogen_synthase_activity	plasma_glucose	
causal-collection-v2	hepatic_glycogenolysis	hepatic_glucose_production	
causal-collection-v2	hepatic_igf1	cardiac_output	
causal-collection-v2	hepatic_igf1	ghrh	
causal-collection-v2	hepatic_igf1	linear_growth_velocity	
causal-collection-v2	hepatic_igf1	muscle_protein_synthesis_rate	
causal-collection-v2	hepatic_igf1	pituitary_gh_secretion	
causal-collection-v2	hepatic_igf1	somatostatin	
causal-collection-v2	hepatic_igf1	somatotroph_gh_secretion	
causal-collection-v2	hepatic_ldl_receptor_activity	hepatocyte_cholesterol_content	
causal-collection-v2	hepatic_ldl_receptor_activity	ldl_cholesterol	
causal-collection-v2	hepatic_lipase_activity	hdl_cholesterol	
causal-collection-v2	hepatic_t4_clearance_rate	plasma_t4	
causal-collection-v2	hepatic_urate_production	plasma_urate	
causal-collection-v2	hepatic_urea_synthesis	blood_urea_nitrogen	
causal-collection-v2	hepatic_urea_synthesis	plasma_ammonia	
causal-collection-v2	hepatocellular_injury	plasma_alt	
causal-collection-v2	hepatocellular_injury	plasma_ast	
causal-collection-v2	hepatocellular_injury	plasma_cholinesterase_activity	
causal-collection-v2	hepatocyte_apoe_secretion	plasma_apolipoprotein_e	
causal-collection-v2	hepatocyte_apoe_secretion	plasma_triglycerides	
causal-collection-v2	hepatocyte_cholesterol_content	hepatic_cholesterol_synthesis	
causal-collection-v2	hepatocyte_cholesterol_content	hepatic_ldl_receptor_activity	
causal-collection-v2	hepcidin	ferritin_stores	
causal-collection-v2	hepcidin	ferroportin_activity	
causal-collection-v2	hexokinase_activity	red_cell_mass	
causal-collection-v2	hfe_tfr2_iron_sensing	bmp_smad_signaling	
causal-collection-v2	hgd_activity	osteoclast_activity	
causal-collection-v2	hgd_activity	urinary_homogentisate	
causal-collection-v2	hgprt_activity	csf_urate	
causal-collection-v2	hgprt_activity	hepatic_urate_production	
causal-collection-v2	hgprt_activity	plasma_xanthine	
causal-collection-v2	hgprt_activity	purine_synthesis_rate	
causal-collection-v2	hibadh_activity	urinary_3_hydroxyisobutyrate	
causal-collection-v2	hibch_activity	mitochondrial_respiratory_chain_activity	
causal-collection-v2	hibch_activity	urinary_2_3_dihydroxy_2_methylbutyrate	
causal-collection-v2	hjv_coreceptor_activity	bmp_smad_signaling	
causal-collection-v2	hmg_coa_lyase_activity	plasma_acetoacetate	
causal-collection-v2	hmg_coa_lyase_activity	plasma_ketone_bodies	
causal-collection-v2	hmg_coa_lyase_activity	urinary_3_hydroxy_3_methylglutarate	
causal-collection-v2	hmg_coa_reductase_activity	hepatic_cholesterol_synthesis	
causal-collection-v2	hmg_coa_reductase_activity	ldl_cholesterol	
causal-collection-v2	hmg_coa_reductase_activity	urinary_mevalonate	
causal-collection-v2	hmgcl_activity	plasma_acetoacetate	
causal-collection-v2	hmgcl_activity	plasma_methylglutarylcarnitine	
causal-collection-v2	hmgcl_activity	urinary_3_hydroxy_3_methylglutarate	
causal-collection-v2	hoga1_activity	gfr	
causal-collection-v2	hoga1_activity	urinary_2_4_dihydroxyglutarate	
causal-collection-v2	hoga1_activity	urinary_4_hydroxy_2_oxoglutarate	
causal-collection-v2	holocarboxylase_synthetase_activity	propionyl_coa_carboxylase_activity	
causal-collection-v2	hsd11b2_activity	cortisol	
causal-collection-v2	hsd11b2_activity	plasma_corticosterone	
causal-collection-v2	hsd11b2_activity	plasma_cortisone	
causal-collection-v2	hsd17b3_activity	testosterone	
causal-collection-v2	hydroxyacyl_coa_dehydrogenase_activity	glutamate_dehydrogenase_activity	
causal-collection-v2	hydroxyacyl_coa_dehydrogenase_activity	plasma_3_hydroxybutyrylcarnitine	
causal-collection-v2	hydroxyacyl_coa_dehydrogenase_activity	plasma_3_hydroxyhexanoylcarnitine	
causal-collection-v2	hydroxyphenylpyruvate_dioxygenase_activity	csf_tyrosine	
causal-collection-v2	hydroxyphenylpyruvate_dioxygenase_activity	plasma_4_hydroxyphenylacetate	
causal-collection-v2	hydroxyphenylpyruvate_dioxygenase_activity	plasma_4_hydroxyphenyllactate	
causal-collection-v2	hydroxyphenylpyruvate_dioxygenase_activity	plasma_tyrosine	
causal-collection-v2	hydroxyphenylpyruvate_dioxygenase_activity	urinary_hydroxyphenyllactate	
causal-collection-v2	hypdh_activity	csf_hydroxyproline	
causal-collection-v2	hypothalamic_appetite_drive	food_intake	
causal-collection-v2	hypothalamic_dopamine_tone	gnrh	
causal-collection-v2	hypothalamic_gabaergic_tone	gnrh_neuron_gnrh_secretion	
causal-collection-v2	hypothalamic_glutamatergic_tone	gnrh_neuron_gnrh_secretion	
causal-collection-v2	hypothalamic_glutamatergic_tone	pituitary_lh_secretion	
causal-collection-v2	hypothalamic_kisspeptin	gnrh	
causal-collection-v2	hypothalamic_kisspeptin	gnrh_neuron_gnrh_secretion	
causal-collection-v2	hypothalamic_kisspeptin_signal	gnrh	
causal-collection-v2	hypothalamic_mch_level	food_intake	
causal-collection-v2	hypothalamic_opioid_tone	gnrh	
causal-collection-v2	iduronate_sulfatase_activity	plasma_heparan_sulfate	
causal-collection-v2	iduronate_sulfatase_activity	urinary_dermatan_sulfate	
causal-collection-v2	il18	interferon_gamma	
causal-collection-v2	il1beta	capillary_permeability	
causal-collection-v2	il1beta	core_temperature	
causal-collection-v2	il1beta	crh	
causal-collection-v2	il1beta	fecal_calprotectin	
causal-collection-v2	il1beta	il6	
causal-collection-v2	il1beta	intestinal_mucosal_permeability	
causal-collection-v2	il1beta	plasma_calprotectin	
causal-collection-v2	il1beta	plasma_fetuin_a	
causal-collection-v2	il1beta	plasma_prostaglandin_e2	
causal-collection-v2	il1beta	plasma_serum_amyloid_a	
causal-collection-v2	il1beta	plasma_tenascin_c	
causal-collection-v2	il1beta	total_peripheral_resistance	
causal-collection-v2	il6	c_reactive_protein	
causal-collection-v2	il6	core_temperature	
causal-collection-v2	il6	crh	
causal-collection-v2	il6	hepatic_igf1	
causal-collection-v2	il6	peripheral_glucose_uptake	
causal-collection-v2	il6	plasma_alpha1_antitrypsin	
causal-collection-v2	il6	plasma_alpha_globulin	
causal-collection-v2	il6	plasma_ca125	
causal-collection-v2	il6	plasma_chi3l1	
causal-collection-v2	il6	plasma_fibrinogen	
causal-collection-v2	il6	plasma_glucose	
causal-collection-v2	il6	plasma_haptoglobin	
causal-collection-v2	il6	plasma_igfbp3	
causal-collection-v2	il6	plasma_pancreatic_secretory_trypsin_inhibitor	
causal-collection-v2	il6	plasma_plasminogen	
causal-collection-v2	il6	plasma_prealbumin	
causal-collection-v2	il6	plasma_procalcitonin	
causal-collection-v2	il6_stat3_signaling	hepcidin_transcription	
causal-collection-v2	inhibin	gonadotroph_fsh_secretion	
causal-collection-v2	inhibin	pituitary_fsh_secretion	
causal-collection-v2	insulin_receptor_activity	irs1_signaling	
causal-collection-v2	interferon_gamma	t_cell_immune_activity	
causal-collection-v2	interferon_gamma	xanthine_oxidase_activity	
causal-collection-v2	interstitial_fluid_colloid_osmotic_pressure	capillary_filtration_rate	
causal-collection-v2	interstitial_fluid_colloid_osmotic_pressure	net_filtration_pressure	
causal-collection-v2	interstitial_fluid_oncotic_pressure	net_filtration_pressure	
causal-collection-v2	interstitial_fluid_pressure	lymph_drainage_rate	
causal-collection-v2	interstitial_fluid_pressure	net_filtration_pressure	
causal-collection-v2	interstitial_fluid_protein	interstitial_fluid_colloid_osmotic_pressure	
causal-collection-v2	interstitial_fluid_protein	interstitial_fluid_oncotic_pressure	
causal-collection-v2	interstitial_fluid_volume	interstitial_fluid_pressure	
causal-collection-v2	interstitial_fluid_volume	lymph_drainage_rate	
causal-collection-v2	intestinal_b12_absorption	plasma_vitamin_b12	
causal-collection-v2	intestinal_lactase_activity	fecal_ph	
causal-collection-v2	intestinal_lipid_emulsification	plasma_free_fatty_acids	
causal-collection-v2	intestinal_mucosal_permeability	fecal_alpha1_antitrypsin	
causal-collection-v2	intracellular_adp	intracellular_atp	
causal-collection-v2	intracellular_atp	alpha_ketoglutarate_dehydrogenase_activity	
causal-collection-v2	intracellular_atp	isocitrate_dehydrogenase_activity	
causal-collection-v2	intracellular_atp	mitochondrial_respiratory_chain_activity	
causal-collection-v2	intracellular_atp	phosphofructokinase_activity	
causal-collection-v2	intracellular_atp	pyruvate_dehydrogenase_activity	
causal-collection-v2	intracellular_calcium	mlc_phosphorylation	
causal-collection-v2	intracellular_calcium	vascular_smooth_muscle_tone	
causal-collection-v2	intracranial_pressure	mean_arterial_pressure	
causal-collection-v2	intrapericardial_pressure	end_diastolic_volume	
causal-collection-v2	intrapleural_pressure	right_atrial_pressure	
causal-collection-v2	intratesticular_testosterone	spermatogenesis_rate	
causal-collection-v2	intratesticular_testosterone	testosterone	
causal-collection-v2	irs1_signaling	pi3k_akt_activity	
causal-collection-v2	island_macrophage_activity	erythroblast_maturation	
causal-collection-v2	island_macrophage_activity	erythroblast_proliferation	
causal-collection-v2	island_macrophage_activity	erythroid_progenitor_proliferation	
causal-collection-v2	isobutyryl_coa_dehydrogenase_activity	plasma_c4_acylcarnitine	
causal-collection-v2	isobutyryl_coa_dehydrogenase_activity	urinary_isobutyrylglycine	
causal-collection-v2	isovaleryl_coa_dehydrogenase_activity	cellular_atp_level	
causal-collection-v2	isovaleryl_coa_dehydrogenase_activity	plasma_isovalerate	
causal-collection-v2	isovaleryl_coa_dehydrogenase_activity	urinary_4_hydroxyisovaleric_acid	
causal-collection-v2	isovaleryl_coa_dehydrogenase_activity	urinary_isovaleric_acid	
causal-collection-v2	isovaleryl_coa_dehydrogenase_activity	urinary_isovalerylglycine	
causal-collection-v2	itpase_activity	erythrocyte_itp	
causal-collection-v2	ivd_activity	cellular_atp_level	
causal-collection-v2	ivd_activity	plasma_c5_acylcarnitine	
causal-collection-v2	ivd_activity	plasma_isovalerylcarnitine	
causal-collection-v2	iyd_activity	thyroid_follicular_iodide	
causal-collection-v2	jak2_activity	stat5_activity	
causal-collection-v2	kisspeptin	gnrh	
causal-collection-v2	kisspeptin_hypothalamic	gnrh	
causal-collection-v2	klotho_activity	renal_phosphate_reabsorption	
causal-collection-v2	kndy_dynorphin	hypothalamic_kisspeptin	
causal-collection-v2	kndy_neurokinin_b	hypothalamic_kisspeptin	
causal-collection-v2	kynu_activity	cellular_nadh	
causal-collection-v2	kynu_activity	plasma_3_hydroxykynurenine	
causal-collection-v2	kynureninase_activity	cellular_nadh	
causal-collection-v2	kynureninase_activity	urinary_3_hydroxykynurenine	
causal-collection-v2	kynureninase_activity	urinary_kynurenine	
causal-collection-v2	kynureninase_activity	urinary_xanthurenate	
causal-collection-v2	l2hgdh_activity	csf_l_2_hydroxyglutarate	
causal-collection-v2	l_type_calcium_current	cytosolic_calcium_transient	
causal-collection-v2	l_type_calcium_current	sr_calcium_release	
causal-collection-v2	lactate_dehydrogenase_activity	sarcolemmal_permeability	
causal-collection-v2	lcat_activity	cholesterol_esterification_rate	
causal-collection-v2	lcat_activity	hdl_cholesterol	
causal-collection-v2	lcat_activity	plasma_cholesterol_esters	
causal-collection-v2	lcat_activity	plasma_hdl2a	
causal-collection-v2	lcat_activity	plasma_hdl2b	
causal-collection-v2	lcat_activity	plasma_hdl3a	
causal-collection-v2	lcat_activity	plasma_hdl3b	
causal-collection-v2	lcat_activity	plasma_hdl3c	
causal-collection-v2	lchad_mtp_activity	hepatic_ketogenesis	
causal-collection-v2	lchad_mtp_activity	plasma_3_hydroxyhexadecanoylcarnitine	
causal-collection-v2	lchad_mtp_activity	plasma_3_hydroxylinoleylcarnitine	
causal-collection-v2	lchad_mtp_activity	plasma_3_hydroxypalmitoleylcarnitine	
causal-collection-v2	lchad_mtp_activity	urinary_3_hydroxysebacic_acid	
causal-collection-v2	lean_body_mass	metabolic_rate	
causal-collection-v2	left_atrial_pressure	end_diastolic_volume	
causal-collection-v2	left_atrial_pressure	foramen_ovale_patency	
causal-collection-v2	left_atrial_pressure	pulmonary_capillary_pressure	
causal-collection-v2	left_atrial_pressure	pulmonary_capillary_wedge_pressure	
causal-collection-v2	lepr_signaling	agrp_npy_tone	
causal-collection-v2	lepr_signaling	alpha_msh	
causal-collection-v2	lepr_signaling	food_intake	
causal-collection-v2	lepr_signaling	hypothalamic_appetite_drive	
causal-collection-v2	leptin	gnrh	
causal-collection-v2	leptin	hypothalamic_appetite_drive	
causal-collection-v2	leptin	lepr_signaling	
causal-collection-v2	leptin	metabolic_rate	
causal-collection-v2	leptin	peripheral_glucose_uptake	
causal-collection-v2	leptin	plasma_glucose	
causal-collection-v2	leptin	resting_energy_expenditure	
causal-collection-v2	lh	estradiol	
causal-collection-v2	lh	intratesticular_testosterone	
causal-collection-v2	lh	leydig_testosterone_secretion	
causal-collection-v2	lh	luteal_progesterone_secretion	
causal-collection-v2	lh	plasma_androstenedione	
causal-collection-v2	lh	progesterone	
causal-collection-v2	lh	spermatogenesis_rate	
causal-collection-v2	lh	testosterone	
causal-collection-v2	lias_activity	muscle_lipoic_acid	
causal-collection-v2	lipoprotein_lipase_activity	hdl_cholesterol	
causal-collection-v2	lipoprotein_lipase_activity	plasma_chylomicron	
causal-collection-v2	lipoprotein_lipase_activity	plasma_chylomicrons	
causal-collection-v2	lipoprotein_lipase_activity	plasma_lipoprotein	
causal-collection-v2	lipoprotein_lipase_activity	plasma_lipoprotein_lipase	
causal-collection-v2	lipoprotein_lipase_activity	plasma_non_hdl_cholesterol	
causal-collection-v2	lipoprotein_lipase_activity	plasma_total_lipids	
causal-collection-v2	lipoprotein_lipase_activity	plasma_triglycerides	
causal-collection-v2	lipoprotein_lipase_activity	plasma_vldl	
causal-collection-v2	lipoprotein_lipase_activity	vldl_cholesterol	
causal-collection-v2	lsec_ha_clearance_rate	plasma_hyaluronic_acid	
causal-collection-v2	lung_compliance	work_of_breathing	
causal-collection-v2	lung_elastic_recoil_pressure	airway_resistance	
causal-collection-v2	lung_elastic_recoil_pressure	forced_expiratory_volume	
causal-collection-v2	lung_volume	airway_resistance	
causal-collection-v2	lung_volume	pulmonary_vascular_resistance	
causal-collection-v2	lv_wall_thickness	ecg_qrs_voltage	
causal-collection-v2	lymph_drainage_rate	interstitial_fluid_protein	
causal-collection-v2	lymphatic_flow	interstitial_fluid_protein	
causal-collection-v2	lymphatic_flow	interstitial_fluid_volume	
causal-collection-v2	lysosomal_acid_lipase_activity	plasma_cholesterol_esters	
causal-collection-v2	lysosomal_acid_lipase_activity	plasma_triglycerides	
causal-collection-v2	lysyl_hydroxylase_1_activity	plasma_deoxypyridinoline	
causal-collection-v2	lysyl_hydroxylase_1_activity	plasma_pyridinoline	
causal-collection-v2	lysyl_hydroxylase_1_activity	urinary_pyridinoline	
causal-collection-v2	macrophage_activation	csf_chitotriosidase	
causal-collection-v2	macrophage_activation	dendritic_cell_activation	
causal-collection-v2	macrophage_activation	plasma_galectin_3	
causal-collection-v2	macrophage_activation	plasma_scd163	
causal-collection-v2	macrophage_activation	th17_cell_activation	
causal-collection-v2	macrophage_nlrp3_inflammasome_assembly	macrophage_caspase1_activity	
causal-collection-v2	macula_densa_nacl_signal	afferent_arteriolar_resistance	
causal-collection-v2	macula_densa_nacl_signal	eg_mesangial_contraction	
causal-collection-v2	macula_densa_nacl_signal	gfr	
causal-collection-v2	macula_densa_nacl_signal	jg_granular_renin_secretion	
causal-collection-v2	malic_enzyme_activity	urinary_malic_acid	
causal-collection-v2	malonyl_coa_decarboxylase_activity	plasma_malonylcarnitine	
causal-collection-v2	malonyl_coa_decarboxylase_activity	urinary_malonate	
causal-collection-v2	malonyl_coa_level	cpt1_activity	
causal-collection-v2	mannosyl_oligosaccharide_glucosidase_activity	plasma_immunoglobulin	
causal-collection-v2	mannosyl_oligosaccharide_glucosidase_activity	urinary_mannose_oligosaccharides	
causal-collection-v2	mast_cell_degranulation	plasma_tryptase	
causal-collection-v2	mc4r_activity	beta_cell_insulin_secretion	
causal-collection-v2	mc4r_activity	food_intake	
causal-collection-v2	mc4r_activity	hypothalamic_appetite_drive	
causal-collection-v2	mc4r_activity	metabolic_rate	
causal-collection-v2	mc4r_activity	sympathetic_tone	
causal-collection-v2	mcad_activity	hepatic_ketogenesis	
causal-collection-v2	mcad_activity	plasma_acylcarnitine	
causal-collection-v2	mcad_activity	plasma_decanoylcarnitine	
causal-collection-v2	mcad_activity	plasma_decenoylcarnitine	
causal-collection-v2	mcad_activity	plasma_free_carnitine	
causal-collection-v2	mcad_activity	plasma_hexanoylcarnitine	
causal-collection-v2	mcad_activity	plasma_medium_chain_acylcarnitine	
causal-collection-v2	mcad_activity	plasma_octanoylcarnitine	
causal-collection-v2	mcad_activity	plasma_octenoylcarnitine	
causal-collection-v2	mcad_activity	plasma_sebacate	
causal-collection-v2	mcad_activity	plasma_suberate	
causal-collection-v2	mcad_activity	urinary_3_hydroxyadipic_acid	
causal-collection-v2	mcad_activity	urinary_5_hydroxyhexanoate	
causal-collection-v2	mcad_activity	urinary_7_hydroxyoctanoate	
causal-collection-v2	mcad_activity	urinary_adipic_acid	
causal-collection-v2	mcad_activity	urinary_decadienoylcarnitine	
causal-collection-v2	mcad_activity	urinary_dodecanedioic_acid	
causal-collection-v2	mcad_activity	urinary_hexanoic_acid	
causal-collection-v2	mcad_activity	urinary_hexanoylglycine	
causal-collection-v2	mcad_activity	urinary_octanoic_acid	
causal-collection-v2	mcad_activity	urinary_octenedioic_acid	
causal-collection-v2	mcad_activity	urinary_phenylpropionylglycine	
causal-collection-v2	mcad_activity	urinary_sebacic_acid	
causal-collection-v2	mcad_activity	urinary_suberic_acid	
causal-collection-v2	mcad_activity	urinary_suberylglycine	
causal-collection-v2	mcc_activity	plasma_3_hydroxyisovalerylcarnitine	
causal-collection-v2	mcc_activity	plasma_glucose	
causal-collection-v2	mean_arterial_pressure	adh	
causal-collection-v2	mean_arterial_pressure	afterload	
causal-collection-v2	mean_arterial_pressure	aldosterone	
causal-collection-v2	mean_arterial_pressure	alveolar_ventilation	
causal-collection-v2	mean_arterial_pressure	baroreceptor_firing_rate	
causal-collection-v2	mean_arterial_pressure	capillary_filtration_rate	
causal-collection-v2	mean_arterial_pressure	coronary_blood_flow	
causal-collection-v2	mean_arterial_pressure	renal_perfusion_pressure	
causal-collection-v2	mean_arterial_pressure	sympathetic_tone	
causal-collection-v2	mean_arterial_pressure	urinary_protein	
causal-collection-v2	membrane_pip2_vsmc	intracellular_calcium	
causal-collection-v2	metabolic_heat_production	core_temperature	
causal-collection-v2	metabolic_rate	arterial_pco2	
causal-collection-v2	metabolic_rate	body_weight	
causal-collection-v2	metabolic_rate	co2_production	
causal-collection-v2	metabolic_rate	metabolic_heat_production	
causal-collection-v2	metabolic_rate	mixed_venous_po2	
causal-collection-v2	metabolic_rate	muscle_tissue_oxygen	
causal-collection-v2	metabolic_rate	resting_energy_expenditure	
causal-collection-v2	metabolic_rate	tissue_o2_extraction	
causal-collection-v2	methionine_adenosyltransferase_activity	csf_methionine	
causal-collection-v2	methionine_adenosyltransferase_activity	plasma_sam	
causal-collection-v2	methionine_synthase_activity	plasma_homocysteine	
causal-collection-v2	methionine_synthase_activity	plasma_methionine	
causal-collection-v2	methylcrotonyl_coa_carboxylase_activity	plasma_3_hydroxyisovalerylcarnitine	
causal-collection-v2	methylcrotonyl_coa_carboxylase_activity	urinary_3_methylcrotonylglycine	
causal-collection-v2	methylglutaconyl_coa_hydratase_activity	urinary_3_hydroxy_3_methylglutarate	
causal-collection-v2	methylglutaconyl_coa_hydratase_activity	urinary_glutaconic_acid	
causal-collection-v2	methylmalonyl_coa_mutase_activity	plasma_lactate	
causal-collection-v2	methylmalonyl_coa_mutase_activity	urinary_methylmalonylcarnitine	
causal-collection-v2	mevalonate_kinase_activity	hepatic_cholesterol_synthesis	
causal-collection-v2	mevalonate_kinase_activity	plasma_farnesol	
causal-collection-v2	mevalonate_kinase_activity	plasma_squalene	
causal-collection-v2	mevalonate_kinase_activity	urinary_mevalonate	
causal-collection-v2	mitochondrial_complex_i_activity	mitochondrial_respiratory_chain_activity	
causal-collection-v2	mitochondrial_complex_ii_activity	mitochondrial_complex_iii_activity	
causal-collection-v2	mitochondrial_complex_iii_activity	mitochondrial_respiratory_chain_activity	
causal-collection-v2	mitochondrial_complex_iv_activity	mitochondrial_respiratory_chain_activity	
causal-collection-v2	mitochondrial_proton_gradient	intracellular_atp	
causal-collection-v2	mitochondrial_respiratory_chain_activity	mitochondrial_atp_synthase_activity	
causal-collection-v2	mlc_phosphorylation	vascular_smooth_muscle_tone	
causal-collection-v2	mlycd_activity	hepatic_ketogenesis	
causal-collection-v2	mlycd_activity	malonyl_coa_level	
causal-collection-v2	mlycd_activity	plasma_malonylcarnitine	
causal-collection-v2	mmp2_fibroblast_activity	plasma_mmp2	
causal-collection-v2	mmsdh_activity	urinary_3_hydroxyisobutyrate	
causal-collection-v2	molecular_chaperone_activity	amyloid_protein_aggregate_amount	
causal-collection-v2	monoamine_oxidase_activity	csf_dopamine	
causal-collection-v2	monoamine_oxidase_activity	plasma_dopac	
causal-collection-v2	monoamine_oxidase_activity	synaptic_dopamine_concentration	
causal-collection-v2	monoamine_oxidase_activity	synaptic_serotonin_concentration	
causal-collection-v2	motor_neuron_firing_rate	motor_unit_recruitment	
causal-collection-v2	motor_unit_recruitment	skeletal_muscle_force	
causal-collection-v2	motor_unit_recruitment	skeletal_muscle_tension	
causal-collection-v2	motor_unit_recruitment	skeletal_muscle_tone	
causal-collection-v2	msmo1_activity	hepatic_cholesterol_synthesis	
causal-collection-v2	msmo1_activity	plasma_dimethylsterol	
causal-collection-v2	msmo1_activity	plasma_methylsterol	
causal-collection-v2	msmo1_activity	plasma_monomethylsterol	
causal-collection-v2	mttp_activity	plasma_apolipoprotein_b	
causal-collection-v2	mttp_activity	plasma_cholesterol_esters	
causal-collection-v2	mttp_activity	plasma_triglycerides	
causal-collection-v2	mttp_activity	vldl_secretion	
causal-collection-v2	muscle_caveolin_3	sarcolemmal_permeability	
causal-collection-v2	muscle_coenzyme_q10	mitochondrial_complex_iii_activity	
causal-collection-v2	muscle_glycogen_synthase_activity	muscle_glycogen_content	
causal-collection-v2	muscle_lactate_dehydrogenase_activity	skeletal_muscle_lactate	
causal-collection-v2	muscle_lipoic_acid	alpha_ketoglutarate_dehydrogenase_activity	
causal-collection-v2	muscle_tissue_oxygen	skeletal_muscle_blood_flow	
causal-collection-v2	mut_activity	mitochondrial_respiratory_chain_activity	
causal-collection-v2	mut_activity	plasma_methylmalonate	
causal-collection-v2	mut_activity	plasma_methylmalonylcarnitine	
causal-collection-v2	myoadenylate_deaminase_activity	plasma_ammonia	
causal-collection-v2	myoadenylate_deaminase_activity	skeletal_muscle_amp	
causal-collection-v2	myocardial_contractility	ejection_fraction	
causal-collection-v2	myocardial_contractility	left_atrial_pressure	
causal-collection-v2	myocardial_contractility	right_atrial_pressure	
causal-collection-v2	myocardial_contractility	stroke_volume	
causal-collection-v2	myophosphorylase_activity	muscle_glycogen_content	
causal-collection-v2	myophosphorylase_activity	sarcolemmal_permeability	
causal-collection-v2	n_acetylgalactosamine_6_sulfatase_activity	tissue_keratan_sulfate	
causal-collection-v2	n_acetylglucosamine_6_sulfatase_activity	plasma_heparan_sulfate	
causal-collection-v2	na_k_atpase_activity	cardiomyocyte_intracellular_sodium	
causal-collection-v2	na_k_atpase_activity	cell_membrane_potential	
causal-collection-v2	nadsyn1_activity	mitochondrial_complex_i_activity	
causal-collection-v2	nadsyn1_activity	plasma_nad	
causal-collection-v2	nadsyn1_activity	plasma_nadh	
causal-collection-v2	nags_activity	plasma_citrulline	
causal-collection-v2	net_filtration_pressure	interstitial_fluid_volume	
causal-collection-v2	net_filtration_pressure	tissue_interstitial_fluid_volume	
causal-collection-v2	neuraminidase_activity	gfr	
causal-collection-v2	neuraminidase_activity	plasma_n_acetylneuraminic_acid	
causal-collection-v2	neuraminidase_activity	plasma_sialic_acid	
causal-collection-v2	neuraminidase_activity	urinary_n_acetylneuraminate	
causal-collection-v2	neurokinin_b	gnrh	
causal-collection-v2	neutrophil_extravasation	interstitial_fluid_volume	
causal-collection-v2	neutrophil_extravasation	myeloperoxidase_activity	
causal-collection-v2	nipple_suckling_stimulation	pituitary_prolactin_secretion	
causal-collection-v2	nipple_suckling_stimulation	plasma_oxytocin	
causal-collection-v2	nis_activity	thyroid_follicular_t4_secretion	
causal-collection-v2	nis_activity	thyroidal_iodide	
causal-collection-v2	nis_activity	urinary_iodine	
causal-collection-v2	nkcc2_activity	urinary_chloride	
causal-collection-v2	nmj_ache_activity	synaptic_acetylcholine	
causal-collection-v2	nociceptive_afferent_activity	sympathetic_tone	
causal-collection-v2	norepinephrine	beta_cell_insulin_secretion	
causal-collection-v2	norepinephrine	epinephrine	
causal-collection-v2	norepinephrine	erythropoietin	
causal-collection-v2	norepinephrine	gnrh	
causal-collection-v2	norepinephrine	heart_rate	
causal-collection-v2	norepinephrine	metabolic_heat_production	
causal-collection-v2	norepinephrine	plasma_free_fatty_acids	
causal-collection-v2	norepinephrine	pulmonary_vascular_resistance	
causal-collection-v2	norepinephrine	pupil_diameter	
causal-collection-v2	norepinephrine	total_peripheral_resistance	
causal-collection-v2	nsdhl_activity	hepatic_cholesterol_synthesis	
causal-collection-v2	nsdhl_activity	plasma_methylsterol	
causal-collection-v2	nsdhl_activity	plasma_monomethylsterol	
causal-collection-v2	nuclear_srebp2_activity	hepatic_ldl_receptor_activity	
causal-collection-v2	nuclear_srebp2_activity	pcsk9_concentration	
causal-collection-v2	o2_transfer_rate	arterial_po2	
causal-collection-v2	oas_activity	oligoadenylate_25_concentration	
causal-collection-v2	ocrl1_activity	renal_calcium_reabsorption	
causal-collection-v2	octn2_activity	hepatic_carnitine	
causal-collection-v2	octn2_activity	hepatic_ketogenesis	
causal-collection-v2	octn2_activity	muscle_carnitine	
causal-collection-v2	octn2_activity	plasma_carnitine	
causal-collection-v2	oligoadenylate_25_concentration	rnasel_activity	
causal-collection-v2	opioid_concentration	gnrh	
causal-collection-v2	ornithine_aminotransferase_activity	csf_alpha_ketoglutarate	
causal-collection-v2	ornithine_aminotransferase_activity	csf_ornithine	
causal-collection-v2	osteoblast_activity	bone_mass	
causal-collection-v2	osteoblast_activity	osteoblast_opg	
causal-collection-v2	osteoblast_activity	plasma_pinp	
causal-collection-v2	osteoblast_activity	tissue_nonspecific_alp_activity	
causal-collection-v2	osteoblast_opg	osteoclast_activity	
causal-collection-v2	osteoblast_rankl	osteoclast_activity	
causal-collection-v2	osteoclast_activity	bone_mass	
causal-collection-v2	osteoclast_activity	osteoblast_activity	
causal-collection-v2	osteoclast_activity	plasma_calcium	
causal-collection-v2	osteoclast_activity	plasma_hydroxyproline	
causal-collection-v2	osteoclast_activity	plasma_phosphate	
causal-collection-v2	osteoclast_activity	urinary_galactosyl_hydroxylysine	
causal-collection-v2	osteoclast_activity	urinary_pyridinoline	
causal-collection-v2	osteocyte_sclerostin	osteoblast_activity	
causal-collection-v2	osteocyte_sclerostin	osteoblast_rankl	
causal-collection-v2	otc_activity	csf_glutamine	
causal-collection-v2	otc_activity	plasma_citrulline	
causal-collection-v2	oxoprolinase_activity	plasma_5_oxoproline	
causal-collection-v2	oxoprolinase_activity	urinary_pyroglutamate	
causal-collection-v2	oxygen_delivery	muscle_tissue_oxygen	
causal-collection-v2	oxygen_delivery	renal_tissue_oxygenation	
causal-collection-v2	oxygen_delivery	tissue_o2_extraction	
causal-collection-v2	p5c_dehydrogenase_activity	aadc_activity	
causal-collection-v2	p5c_dehydrogenase_activity	plasma_proline	
causal-collection-v2	p5c_dehydrogenase_activity	plasma_pyrroline_5_carboxylate	
causal-collection-v2	paf_acetylhydrolase_activity	plasma_lysophosphatidylcholine	
causal-collection-v2	paf_acetylhydrolase_activity	plasma_paf	
causal-collection-v2	pah_activity	plasma_catecholamines	
causal-collection-v2	pah_activity	urinary_phenylpyruvate	
causal-collection-v2	pah_enzyme_activity	csf_phenylalanine	
causal-collection-v2	pah_enzyme_activity	plasma_phenylalanine	
causal-collection-v2	pah_enzyme_activity	plasma_tyrosine	
causal-collection-v2	pancreatic_amylase_activity	plasma_amylase	
causal-collection-v2	pancreatic_bicarbonate_secretion	duodenal_chyme_acidity	
causal-collection-v2	pancreatic_enzyme_secretion	trypsin_activity	
causal-collection-v2	pancreatic_lipase_activity	duodenal_lipase_activity	
causal-collection-v2	pancreatic_vagal_tone	plasma_glucagon	
causal-collection-v2	pancreatic_vagal_tone	plasma_insulin	
causal-collection-v2	parasympathetic_tone	av_conduction_velocity	
causal-collection-v2	parasympathetic_tone	gi_parasympathetic_tone	
causal-collection-v2	parasympathetic_tone	heart_rate	
causal-collection-v2	parasympathetic_tone	myocardial_contractility	
causal-collection-v2	parasympathetic_tone	sa_node_automaticity	
causal-collection-v2	parietal_cell_intrinsic_factor_secretion	intestinal_b12_absorption	
causal-collection-v2	pcsk9_concentration	hepatic_ldl_receptor_activity	
causal-collection-v2	pde_activity	camp_level	
causal-collection-v2	pdh_complex_activity	csf_alanine	
causal-collection-v2	pdh_complex_activity	csf_lactate	
causal-collection-v2	pdh_complex_activity	plasma_lactate	
causal-collection-v2	pendrin_activity	tpo_nis_organification_capacity	
causal-collection-v2	pepck1_expression	hepatic_glucose_production	
causal-collection-v2	pepck_activity	plasma_glucose	
causal-collection-v2	peripheral_glucose_uptake	plasma_glucose	
causal-collection-v2	phex_endopeptidase_activity	fgf23	
causal-collection-v2	phosphofructokinase_activity	sarcolemmal_permeability	
causal-collection-v2	phosphoglycerate_dehydrogenase_activity	csf_serine	
causal-collection-v2	phosphoglycerate_dehydrogenase_activity	plasma_glycine	
causal-collection-v2	phosphoglycerate_dehydrogenase_activity	plasma_serine	
causal-collection-v2	phosphoglycerate_kinase_activity	sarcolemmal_permeability	
causal-collection-v2	phosphoglycerate_mutase_activity	sarcolemmal_permeability	
causal-collection-v2	phospholamban_level	serca_uptake_rate	
causal-collection-v2	phosphomannomutase_activity	antithrombin	
causal-collection-v2	phosphomannomutase_activity	plasma_transferrin_glycoform_ratio	
causal-collection-v2	phosphomannose_isomerase_activity	plasma_mannose	
causal-collection-v2	phosphomannose_isomerase_activity	plasma_transferrin_glycoform_ratio	
causal-collection-v2	phosphorylase_kinase_activity	glycogen_phosphorylase_activity	
causal-collection-v2	phosphorylase_kinase_activity	myophosphorylase_activity	
causal-collection-v2	phosphoserine_phosphatase_activity	plasma_phosphoserine	
causal-collection-v2	phosphoserine_phosphatase_activity	plasma_serine	
causal-collection-v2	phosphoserine_phosphatase_activity	urinary_phosphoserine	
causal-collection-v2	phytanoyl_coa_hydroxylase_activity	plasma_phytanic_acid	
causal-collection-v2	pi3k_akt_activity	glut4_membrane_translocation	
causal-collection-v2	pi3k_akt_activity	irs1_signaling	
causal-collection-v2	pi3k_akt_activity	muscle_protein_synthesis_rate	
causal-collection-v2	pipox_activity	urinary_pipecolic_acid	
causal-collection-v2	pituitary_acth_secretion	acth	
causal-collection-v2	pituitary_activin	pituitary_fsh_secretion	
causal-collection-v2	pituitary_follistatin	pituitary_activin	
causal-collection-v2	pituitary_fsh_secretion	fsh	
causal-collection-v2	pituitary_gh	bone_mineral_density	
causal-collection-v2	pituitary_gh	c_reactive_protein	
causal-collection-v2	pituitary_gh	cortisol	
causal-collection-v2	pituitary_gh	hdl_cholesterol	
causal-collection-v2	pituitary_gh	hepatic_glucose_production	
causal-collection-v2	pituitary_gh	hepatic_igf1	
causal-collection-v2	pituitary_gh	ldl_cholesterol	
causal-collection-v2	pituitary_gh	lean_body_mass	
causal-collection-v2	pituitary_gh	linear_growth_velocity	
causal-collection-v2	pituitary_gh	lipolysis_rate	
causal-collection-v2	pituitary_gh	metabolic_rate	
causal-collection-v2	pituitary_gh	peripheral_glucose_uptake	
causal-collection-v2	pituitary_gh	plasma_igfals	
causal-collection-v2	pituitary_gh	plasma_igfbp3	
causal-collection-v2	pituitary_gh	somatostatin	
causal-collection-v2	pituitary_gh_secretion	pituitary_gh	
causal-collection-v2	pituitary_lh_secretion	lh	
causal-collection-v2	pituitary_prolactin_secretion	plasma_prolactin	
causal-collection-v2	pituitary_tsh_secretion	tsh	
causal-collection-v2	pka_activity	adipose_hsl_activity	
causal-collection-v2	pka_activity	cardiac_output	
causal-collection-v2	pka_activity	heart_rate	
causal-collection-v2	plasma_11_deoxycorticosterone	mean_arterial_pressure	
causal-collection-v2	plasma_11_deoxycorticosterone	renin	
causal-collection-v2	plasma_11_deoxycortisol	cortisol	
causal-collection-v2	plasma_17_hydroxypregnenolone	plasma_17ohp	
causal-collection-v2	plasma_17_hydroxypregnenolone	plasma_dhea	
causal-collection-v2	plasma_17ohp	plasma_11_deoxycortisol	
causal-collection-v2	plasma_17ohp	plasma_androstenedione	
causal-collection-v2	plasma_2_aminoadipate	beta_cell_insulin_secretion	
causal-collection-v2	plasma_2_hydroxybutyrate	urinary_2_hydroxybutyric_acid	
causal-collection-v2	plasma_3_ketoacyl_coa_thiolase	hepatic_ketogenesis	
causal-collection-v2	plasma_5_methyltetrahydrofolate	erythroblast_proliferation	
causal-collection-v2	plasma_7_dehydrocholesterol	plasma_total_cholesterol	
causal-collection-v2	plasma_ace	angiotensin_II	
causal-collection-v2	plasma_ace	plasma_bradykinin	
causal-collection-v2	plasma_acetaldehyde	plasma_lactate	
causal-collection-v2	plasma_activin	pituitary_fsh_secretion	
causal-collection-v2	plasma_adiponectin	peripheral_glucose_uptake	
causal-collection-v2	plasma_albumin	blood_colloidal_osmotic_pressure	
causal-collection-v2	plasma_albumin	csf_albumin	
causal-collection-v2	plasma_albumin	csf_protein	
causal-collection-v2	plasma_albumin	plasma_oncotic_pressure	
causal-collection-v2	plasma_albumin	plasma_unconjugated_bilirubin	
causal-collection-v2	plasma_albumin	plasma_volume	
causal-collection-v2	plasma_allergen_specific_ige	mast_cell_degranulation	
causal-collection-v2	plasma_allergen_specific_ige	plasma_histamine	
causal-collection-v2	plasma_allergen_specific_ige	plasma_serotonin	
causal-collection-v2	plasma_alpha1_antitrypsin	trypsin_activity	
causal-collection-v2	plasma_alpha_globulin	plasma_globulin	
causal-collection-v2	plasma_alpha_ketoglutarate	urinary_ketoacids	
causal-collection-v2	plasma_alt	plasma_transaminases	
causal-collection-v2	plasma_amino_acids	alpha_cell_glucagon_secretion	
causal-collection-v2	plasma_amino_acids	plasma_glucagon	
causal-collection-v2	plasma_amino_acids	plasma_insulin	
causal-collection-v2	plasma_ammonia	hepatic_urea_synthesis	
causal-collection-v2	plasma_ammonia	plasma_glutamine	
causal-collection-v2	plasma_amylin	food_intake	
causal-collection-v2	plasma_anandamide	vascular_smooth_muscle_tone	
causal-collection-v2	plasma_androstenedione	plasma_estrone	
causal-collection-v2	plasma_androstenedione	testosterone	
causal-collection-v2	plasma_apolipoprotein_a4	plasma_chylomicron	
causal-collection-v2	plasma_apolipoprotein_b	csf_apolipoprotein_b	
causal-collection-v2	plasma_apolipoprotein_c2	lipoprotein_lipase_activity	
causal-collection-v2	plasma_apolipoprotein_c3	lipoprotein_lipase_activity	
causal-collection-v2	plasma_arachidonic_acid	plasma_mead_acid	
causal-collection-v2	plasma_arginine	endothelial_no_production	
causal-collection-v2	plasma_aspartate	plasma_n_acetylaspartate	
causal-collection-v2	plasma_ast	plasma_transaminases	
causal-collection-v2	plasma_beta_aminoisobutyrate	resting_energy_expenditure	
causal-collection-v2	plasma_beta_hcg	estradiol	
causal-collection-v2	plasma_beta_hcg	progesterone	
causal-collection-v2	plasma_beta_hcg	testosterone	
causal-collection-v2	plasma_bicarbonate	blood_base_excess	
causal-collection-v2	plasma_bicarbonate	urine_bicarbonate	
causal-collection-v2	plasma_bile_acids	fxr_activity	
causal-collection-v2	plasma_bile_acids	plasma_ggt	
causal-collection-v2	plasma_biliverdin	urinary_biliverdin	
causal-collection-v2	plasma_biotin	pyruvate_carboxylase_activity	
causal-collection-v2	plasma_bradykinin	capillary_permeability	
causal-collection-v2	plasma_bradykinin	endothelial_no_production	
causal-collection-v2	plasma_bradykinin	total_peripheral_resistance	
causal-collection-v2	plasma_branched_chain_amino_acids	mtor_activity	
causal-collection-v2	plasma_branched_chain_amino_acids	muscle_protein_synthesis_rate	
causal-collection-v2	plasma_calcitonin	osteoclast_activity	
causal-collection-v2	plasma_calcitonin	plasma_calcium	
causal-collection-v2	plasma_calcitonin	urinary_calcium	
causal-collection-v2	plasma_calcium	casr_activity	
causal-collection-v2	plasma_calcium	myocardial_contractility	
causal-collection-v2	plasma_calcium	parafollicular_cell_calcitonin_secretion	
causal-collection-v2	plasma_calcium	parathyroid_chief_cell_proliferation	
causal-collection-v2	plasma_calcium	parathyroid_chief_pth_secretion	
causal-collection-v2	plasma_calcium	plasma_calcitonin	
causal-collection-v2	plasma_calcium	proximal_tubule_calcitriol_production	
causal-collection-v2	plasma_calcium	pth	
causal-collection-v2	plasma_calcium	urinary_calcium	
causal-collection-v2	plasma_carnosine	plasma_histidine	
causal-collection-v2	plasma_catecholamines	av_conduction_velocity	
causal-collection-v2	plasma_catecholamines	heart_rate	
causal-collection-v2	plasma_catecholamines	mean_arterial_pressure	
causal-collection-v2	plasma_catecholamines	myocardial_contractility	
causal-collection-v2	plasma_cck	fecal_pancreatic_elastase	
causal-collection-v2	plasma_cck	food_intake	
causal-collection-v2	plasma_cck	gallbladder_bile_secretion	
causal-collection-v2	plasma_cck	pancreatic_enzyme_secretion	
causal-collection-v2	plasma_cck	plasma_pancreatic_lipase	
causal-collection-v2	plasma_cd46	gfr	
causal-collection-v2	plasma_ceruloplasmin	plasma_copper	
causal-collection-v2	plasma_ceruloplasmin	plasma_iron	
causal-collection-v2	plasma_cfhr1	gfr	
causal-collection-v2	plasma_chloride	plasma_bicarbonate	
causal-collection-v2	plasma_chloride	serum_anion_gap	
causal-collection-v2	plasma_chloride	urinary_chloride	
causal-collection-v2	plasma_cholecystokinin	gallbladder_bile_secretion	
causal-collection-v2	plasma_cholesterol_sulfate	hepatic_cholesterol_synthesis	
causal-collection-v2	plasma_cholinesterase_activity	ghrelin	
causal-collection-v2	plasma_ck_mb	plasma_creatine_kinase	
causal-collection-v2	plasma_copper	plasma_ceruloplasmin	
causal-collection-v2	plasma_copper	urinary_copper	
causal-collection-v2	plasma_creatine	plasma_creatinine	
causal-collection-v2	plasma_creatine	urinary_creatine	
causal-collection-v2	plasma_deoxycorticosterone	mean_arterial_pressure	
causal-collection-v2	plasma_deoxycorticosterone	plasma_corticosterone	
causal-collection-v2	plasma_deoxycorticosterone	renin	
causal-collection-v2	plasma_dhea	plasma_androgen	
causal-collection-v2	plasma_dhea	plasma_androstenedione	
causal-collection-v2	plasma_dhea	sebaceous_gland_sebum_secretion_rate	
causal-collection-v2	plasma_dhea	testosterone	
causal-collection-v2	plasma_dihydrotestosterone	plasma_androgen	
causal-collection-v2	plasma_dihydrotestosterone	sebaceous_gland_sebum_secretion_rate	
causal-collection-v2	plasma_doc	aldosterone	
causal-collection-v2	plasma_doc	renin	
causal-collection-v2	plasma_dopa	synaptic_dopamine_concentration	
causal-collection-v2	plasma_epa	plasma_arachidonic_acid	
causal-collection-v2	plasma_estrone	estradiol	
causal-collection-v2	plasma_estrone	pituitary_fsh_secretion	
causal-collection-v2	plasma_estrone	pituitary_lh_secretion	
causal-collection-v2	plasma_ethanol	hepatic_gluconeogenesis	
causal-collection-v2	plasma_ethanol	plasma_acetaldehyde	
causal-collection-v2	plasma_ethanolamine	plasma_phosphoethanolamine	
causal-collection-v2	plasma_fgf21	hepatic_igf1	
causal-collection-v2	plasma_fibrinogen	erythrocyte_sedimentation_rate	
causal-collection-v2	plasma_fibrinogen	fibrin_clot	
causal-collection-v2	plasma_ficolin_3	macrophage_activation	
causal-collection-v2	plasma_folate	csf_folate	
causal-collection-v2	plasma_folate	plasma_5_methyltetrahydrofolate	
causal-collection-v2	plasma_folate	urinary_figlu	
causal-collection-v2	plasma_free_fatty_acids	hepatic_ketogenesis	
causal-collection-v2	plasma_free_fatty_acids	metabolic_heat_production	
causal-collection-v2	plasma_free_fatty_acids	pituitary_gh_secretion	
causal-collection-v2	plasma_free_fatty_acids	plasma_2_hydroxybutyrate	
causal-collection-v2	plasma_free_fatty_acids	plasma_acetylcarnitine	
causal-collection-v2	plasma_free_fatty_acids	plasma_insulin	
causal-collection-v2	plasma_free_fatty_acids	somatotroph_gh_secretion	
causal-collection-v2	plasma_free_fatty_acids	vldl_secretion	
causal-collection-v2	plasma_galactose	plasma_galactitol	
causal-collection-v2	plasma_galactose	urinary_galactitol	
causal-collection-v2	plasma_gdf15	food_intake	
causal-collection-v2	plasma_glucagon	adipose_hsl_activity	
causal-collection-v2	plasma_glucagon	hepatic_gluconeogenesis	
causal-collection-v2	plasma_glucagon	hepatic_glucose_production	
causal-collection-v2	plasma_glucagon	hepatic_glycogenolysis	
causal-collection-v2	plasma_glucagon	hepatic_ketogenesis	
causal-collection-v2	plasma_glucagon	myocardial_contractility	
causal-collection-v2	plasma_glucose	adipose_tissue_mass	
causal-collection-v2	plasma_glucose	alpha_cell_glucagon_secretion	
causal-collection-v2	plasma_glucose	beta_cell_insulin_secretion	
causal-collection-v2	plasma_glucose	csf_erythritol	
causal-collection-v2	plasma_glucose	hypothalamic_appetite_drive	
causal-collection-v2	plasma_glucose	pituitary_gh_secretion	
causal-collection-v2	plasma_glucose	plasma_anhydroglucitol	
causal-collection-v2	plasma_glucose	plasma_apolipoprotein_c3	
causal-collection-v2	plasma_glucose	plasma_glucagon	
causal-collection-v2	plasma_glucose	plasma_insulin	
causal-collection-v2	plasma_glucose	plasma_proinsulin	
causal-collection-v2	plasma_glucose	plasma_sorbitol	
causal-collection-v2	plasma_glucose	somatotroph_gh_secretion	
causal-collection-v2	plasma_glucose	urinary_glucose	
causal-collection-v2	plasma_heparin	antithrombin	
causal-collection-v2	plasma_hippuric_acid	urinary_hippuric_acid	
causal-collection-v2	plasma_histamine	bronchiole_smooth_muscle_tone	
causal-collection-v2	plasma_histamine	capillary_permeability	
causal-collection-v2	plasma_histamine	pulmonary_vascular_resistance	
causal-collection-v2	plasma_histamine	total_peripheral_resistance	
causal-collection-v2	plasma_histamine	urinary_histamine	
causal-collection-v2	plasma_histamine	urinary_n_methylhistamine	
causal-collection-v2	plasma_histidine	plasma_histamine	
causal-collection-v2	plasma_histidine	plasma_urocanic_acid	
causal-collection-v2	plasma_homocysteine	endothelial_no_production	
causal-collection-v2	plasma_homocysteine	plasma_methionine	
causal-collection-v2	plasma_ige	mast_cell_degranulation	
causal-collection-v2	plasma_ige	plasma_allergen_specific_ige	
causal-collection-v2	plasma_igg	plasma_precipitin	
causal-collection-v2	plasma_immunoglobulin	plasma_globulin	
causal-collection-v2	plasma_immunoglobulin	plasma_specific_antibody	
causal-collection-v2	plasma_insulin	adipose_hsl_activity	
causal-collection-v2	plasma_insulin	cellular_autophagy_rate	
causal-collection-v2	plasma_insulin	cellular_potassium_uptake	
causal-collection-v2	plasma_insulin	hepatic_cholesterol_synthesis	
causal-collection-v2	plasma_insulin	hepatic_gluconeogenesis	
causal-collection-v2	plasma_insulin	hepatic_glucose_production	
causal-collection-v2	plasma_insulin	hepatic_glycogen_synthase_activity	
causal-collection-v2	plasma_insulin	hepatic_glycogenolysis	
causal-collection-v2	plasma_insulin	hepatic_igf1	
causal-collection-v2	plasma_insulin	hepatic_ketogenesis	
causal-collection-v2	plasma_insulin	hepatic_lipogenesis	
causal-collection-v2	plasma_insulin	hypothalamic_appetite_drive	
causal-collection-v2	plasma_insulin	lipolysis_rate	
causal-collection-v2	plasma_insulin	lipoprotein_lipase_activity	
causal-collection-v2	plasma_insulin	muscle_glycogen_content	
causal-collection-v2	plasma_insulin	peripheral_glucose_uptake	
causal-collection-v2	plasma_insulin	plasma_amino_acids	
causal-collection-v2	plasma_insulin	plasma_apolipoprotein_c3	
causal-collection-v2	plasma_insulin	plasma_glucagon	
causal-collection-v2	plasma_insulin	plasma_igfbp1	
causal-collection-v2	plasma_insulin	plasma_potassium	
causal-collection-v2	plasma_insulin	plasma_shbg	
causal-collection-v2	plasma_insulin	testosterone	
causal-collection-v2	plasma_insulin	vldl_secretion	
causal-collection-v2	plasma_iodide	free_t4	
causal-collection-v2	plasma_iodide	plasma_t4	
causal-collection-v2	plasma_iron	ferritin_stores	
causal-collection-v2	plasma_iron	red_cell_mass	
causal-collection-v2	plasma_iron	total_iron_binding_capacity	
causal-collection-v2	plasma_iron	transferrin_saturation	
causal-collection-v2	plasma_ketone_bodies	arterial_ph	
causal-collection-v2	plasma_ketone_bodies	plasma_bicarbonate	
causal-collection-v2	plasma_ketone_bodies	serum_osmolal_gap	
causal-collection-v2	plasma_ketone_bodies	skeletal_muscle_protein_catabolism_rate	
causal-collection-v2	plasma_kininogen	plasma_bradykinin	
causal-collection-v2	plasma_kisspeptin	gnrh	
causal-collection-v2	plasma_lactate	hepatic_gluconeogenesis	
causal-collection-v2	plasma_leukotriene_c4	capillary_permeability	
causal-collection-v2	plasma_lysine	endothelial_no_production	
causal-collection-v2	plasma_magnesium	pth	
causal-collection-v2	plasma_magnesium	urinary_magnesium	
causal-collection-v2	plasma_manganese	csf_dopamine	
causal-collection-v2	plasma_manganese	urinary_manganese	
causal-collection-v2	plasma_mbl	macrophage_activation	
causal-collection-v2	plasma_melatonin	cortisol	
causal-collection-v2	plasma_melatonin	scn_output_rate	
causal-collection-v2	plasma_methionine	plasma_methionine_sulfoxide	
causal-collection-v2	plasma_methylcobalamin	erythroblast_proliferation	
causal-collection-v2	plasma_motilin	gi_tract_motility	
causal-collection-v2	plasma_motilin	small_intestine_motility	
causal-collection-v2	plasma_myostatin	lean_body_mass	
causal-collection-v2	plasma_myristic_acid	ldl_cholesterol	
causal-collection-v2	plasma_nonceruloplasmin_copper	urinary_copper	
causal-collection-v2	plasma_oleylethanolamide	food_intake	
causal-collection-v2	plasma_osmolality	adh	
causal-collection-v2	plasma_osmolality	aldosterone	
causal-collection-v2	plasma_osmolality	plasma_potassium	
causal-collection-v2	plasma_osmolality	water_intake	
causal-collection-v2	plasma_osteocalcin	peripheral_glucose_uptake	
causal-collection-v2	plasma_oxalate	gfr	
causal-collection-v2	plasma_oxytocin	mammary_milk_production_rate	
causal-collection-v2	plasma_oxytocin	plasma_prostaglandin_e2	
causal-collection-v2	plasma_oxytocin	uterine_contractility	
causal-collection-v2	plasma_paf	platelet_activation	
causal-collection-v2	plasma_phenylalanine	plasma_tyrosine	
causal-collection-v2	plasma_phenylalanine	urinary_mandelic_acid	
causal-collection-v2	plasma_phenylalanine	urinary_phenylacetylglutamine	
causal-collection-v2	plasma_phosphate	calcitriol	
causal-collection-v2	plasma_phosphate	fgf23	
causal-collection-v2	plasma_phosphate	parathyroid_chief_cell_proliferation	
causal-collection-v2	plasma_phosphate	prpp_synthetase_activity	
causal-collection-v2	plasma_phosphate	pth	
causal-collection-v2	plasma_phosphate	urinary_phosphate	
causal-collection-v2	plasma_phytanic_acid	plasma_total_lipids	
causal-collection-v2	plasma_plasmalogen	hdl_cholesterol	
causal-collection-v2	plasma_plasminogen	plasmin_fibrinolysis	
causal-collection-v2	plasma_potassium	aldosterone	
causal-collection-v2	plasma_potassium	heart_rate	
causal-collection-v2	plasma_potassium	myocardial_contractility	
causal-collection-v2	plasma_potassium	plasma_bicarbonate	
causal-collection-v2	plasma_potassium	plasma_insulin	
causal-collection-v2	plasma_potassium	renal_hydrogen_secretion	
causal-collection-v2	plasma_potassium	renal_potassium_excretion	
causal-collection-v2	plasma_potassium	total_peripheral_resistance	
causal-collection-v2	plasma_potassium	urinary_potassium	
causal-collection-v2	plasma_potassium	zona_glomerulosa_cell_aldosterone_secretion	
causal-collection-v2	plasma_prealbumin	plasma_retinol_binding_protein	
causal-collection-v2	plasma_prekallikrein	plasma_bradykinin	
causal-collection-v2	plasma_progranulin	tnf_alpha	
causal-collection-v2	plasma_prolactin	gnrh	
causal-collection-v2	plasma_prolactin	mammary_milk_production_rate	
causal-collection-v2	plasma_propylene_glycol	plasma_lactate	
causal-collection-v2	plasma_prostaglandin_e2	core_temperature	
causal-collection-v2	plasma_prostaglandin_e2	ductus_arteriosus_patency	
causal-collection-v2	plasma_prostaglandin_e2	gfr	
causal-collection-v2	plasma_prostaglandin_e2	nociceptive_afferent_activity	
causal-collection-v2	plasma_prostaglandin_e2	urinary_pge2_metabolite	
causal-collection-v2	plasma_pyruvate	urinary_organic_acids	
causal-collection-v2	plasma_pyy	food_intake	
causal-collection-v2	plasma_pyy	gastric_acid_secretion	
causal-collection-v2	plasma_pyy	gastric_emptying_rate	
causal-collection-v2	plasma_resistin	peripheral_glucose_uptake	
causal-collection-v2	plasma_riboflavin	glutathione_reductase_activity	
causal-collection-v2	plasma_sah	hepatic_albumin_synthesis	
causal-collection-v2	plasma_secretin	pancreatic_exocrine_secretion	
causal-collection-v2	plasma_secretin	plasma_bile_acids	
causal-collection-v2	plasma_selenium	erythrocyte_glutathione_peroxidase_activity	
causal-collection-v2	plasma_selenium	free_t3	
causal-collection-v2	plasma_serine	hepatic_gluconeogenesis	
causal-collection-v2	plasma_serine	plasma_glycine	
causal-collection-v2	plasma_serotonin	pulmonary_vascular_resistance	
causal-collection-v2	plasma_serotonin	urinary_5hiaa	
causal-collection-v2	plasma_sodium_concentration	aldosterone	
causal-collection-v2	plasma_sodium_concentration	plasma_osmolality	
causal-collection-v2	plasma_sodium_concentration	urinary_sodium	
causal-collection-v2	plasma_sorbitol	plasma_myo_inositol	
causal-collection-v2	plasma_specific_antibody	blood_viral_load	
causal-collection-v2	plasma_t4	brain_t4_concentration	
causal-collection-v2	plasma_t4	free_t4	
causal-collection-v2	plasma_t4	peripheral_glucose_uptake	
causal-collection-v2	plasma_tenascin_c	tnf_alpha	
causal-collection-v2	plasma_thallium	gfr	
causal-collection-v2	plasma_threonine	hepatic_gluconeogenesis	
causal-collection-v2	plasma_thrombopoietin	blood_platelet_count	
causal-collection-v2	plasma_thrombopoietin	platelet_count	
causal-collection-v2	plasma_thromboxane_b2	platelet_activation	
causal-collection-v2	plasma_thromboxane_b2	pulmonary_vascular_resistance	
causal-collection-v2	plasma_total_cholesterol	testosterone	
causal-collection-v2	plasma_transcobalamin_1	plasma_vitamin_b12	
causal-collection-v2	plasma_transcobalamin_2	cellular_cobalamin_uptake	
causal-collection-v2	plasma_trypsinogen	pancreatic_exocrine_secretion	
causal-collection-v2	plasma_tryptophan	plasma_serotonin	
causal-collection-v2	plasma_tryptophan	urinary_indican	
causal-collection-v2	plasma_tyrosine	plasma_dopa	
causal-collection-v2	plasma_tyrosine	urinary_n_acetyltyrosine	
causal-collection-v2	plasma_uracil	plasma_deoxyuridine	
causal-collection-v2	plasma_uracil	plasma_uridine	
causal-collection-v2	plasma_urate	gfr	
causal-collection-v2	plasma_urate	plasma_allantoin	
causal-collection-v2	plasma_urate	urinary_urate	
causal-collection-v2	plasma_valine	urinary_3_hydroxyisobutyrate	
causal-collection-v2	plasma_vasoactive_intestinal_peptide	gi_tract_secretion	
causal-collection-v2	plasma_vitamin_b12	plasma_adenosylcobalamin	
causal-collection-v2	plasma_vitamin_b12	plasma_methylcobalamin	
causal-collection-v2	plasma_vitamin_k	plasma_pivka_ii	
causal-collection-v2	plasma_vitamin_k	thrombin	
causal-collection-v2	plasma_vitamin_k	vkgc_activity	
causal-collection-v2	plasma_zinc	urinary_zinc	
causal-collection-v2	plasmin_fibrinolysis	fibrin_clot	
causal-collection-v2	plasmin_fibrinolysis	plasma_bradykinin	
causal-collection-v2	platelet_activation	thrombin	
causal-collection-v2	platelet_count	plasma_thrombopoietin	
causal-collection-v2	platelet_count	platelet_activation	
causal-collection-v2	pnmt_activity	csf_epinephrine	
causal-collection-v2	pnmt_activity	epinephrine	
causal-collection-v2	pnpo_activity	csf_pyridoxal_phosphate	
causal-collection-v2	porphobilinogen_deaminase_activity	nociceptive_afferent_activity	
causal-collection-v2	porphobilinogen_deaminase_activity	urinary_ala	
causal-collection-v2	porphobilinogen_deaminase_activity	urinary_porphobilinogen	
causal-collection-v2	ppara_activity	hepatic_fa_beta_oxidation_rate	
causal-collection-v2	ppara_activity	hepatic_ketogenesis	
causal-collection-v2	ppt1_activity	lysosomal_ceroid_lipofuscin_load	
causal-collection-v2	ppt1_activity	mitochondrial_complex_iv_activity	
causal-collection-v2	presynaptic_neurotransmitter_release_rate	synaptic_acetylcholine_concentration	
causal-collection-v2	prodh2_activity	plasma_hydroxyproline	
causal-collection-v2	prodh_activity	csf_proline	
causal-collection-v2	prodh_activity	plasma_proline	
causal-collection-v2	progesterone	endometrial_thickness	
causal-collection-v2	progesterone	gnrh	
causal-collection-v2	progesterone	pituitary_fsh_secretion	
causal-collection-v2	progesterone	pituitary_lh_secretion	
causal-collection-v2	progesterone	plasma_17ohp	
causal-collection-v2	progesterone	plasma_deoxycorticosterone	
causal-collection-v2	progesterone	uterine_contractility	
causal-collection-v2	prolidase_activity	plasma_glycylproline	
causal-collection-v2	prolidase_activity	plasma_proline	
causal-collection-v2	prolidase_activity	urinary_imidodipeptides	
causal-collection-v2	propionyl_coa_carboxylase_activity	cellular_atp_level	
causal-collection-v2	propionyl_coa_carboxylase_activity	plasma_propionylcarnitine	
causal-collection-v2	propionyl_coa_carboxylase_activity	urinary_2_methylcitrate	
causal-collection-v2	propionyl_coa_carboxylase_activity	urinary_3_hydroxypropionate	
causal-collection-v2	propionyl_coa_carboxylase_activity	urinary_propionic_acid	
causal-collection-v2	propionyl_coa_carboxylase_activity	urinary_propionylglycine	
causal-collection-v2	prpp_synthetase_activity	plasma_inosine	
causal-collection-v2	prss1_acinar_activity	plasma_trypsinogen	
causal-collection-v2	pth	calcitriol	
causal-collection-v2	pth	osteoblast_opg	
causal-collection-v2	pth	osteoblast_rankl	
causal-collection-v2	pth	osteoclast_activity	
causal-collection-v2	pth	osteocyte_sclerostin	
causal-collection-v2	pth	plasma_beta_ctx	
causal-collection-v2	pth	plasma_calcium	
causal-collection-v2	pth	plasma_osteopontin	
causal-collection-v2	pth	plasma_phosphate	
causal-collection-v2	pth	proximal_tubule_calcitriol_production	
causal-collection-v2	pth	renal_phosphate_reabsorption	
causal-collection-v2	ptps_activity	csf_neopterin	
causal-collection-v2	ptps_activity	csf_tetrahydrobiopterin	
causal-collection-v2	pulmonary_arteriole_diameter	pulmonary_vascular_resistance	
causal-collection-v2	pulmonary_artery_pressure	pulmonary_blood_volume	
causal-collection-v2	pulmonary_artery_pressure	pulmonary_vascular_resistance	
causal-collection-v2	pulmonary_artery_pressure	right_atrial_pressure	
causal-collection-v2	pulmonary_artery_pressure	right_ventricular_systolic_pressure	
causal-collection-v2	pulmonary_capillary_blood_volume	pulmonary_diffusing_capacity	
causal-collection-v2	pulmonary_capillary_blood_volume	pulmonary_diffusing_capacity_co	
causal-collection-v2	pulmonary_capillary_pressure	pulmonary_interstitial_fluid_volume	
causal-collection-v2	pulmonary_capillary_pressure	pulmonary_lymph_flow	
causal-collection-v2	pulmonary_capillary_transit_time	arterial_po2	
causal-collection-v2	pulmonary_capillary_wedge_pressure	pulmonary_artery_pressure	
causal-collection-v2	pulmonary_capillary_wedge_pressure	pulmonary_interstitial_fluid_volume	
causal-collection-v2	pulmonary_fibrous_tissue_amount	lung_compliance	
causal-collection-v2	pulmonary_interstitial_colloid_osmotic_pressure	pulmonary_interstitial_fluid_volume	
causal-collection-v2	pulmonary_interstitial_fluid_volume	lung_compliance	
causal-collection-v2	pulmonary_interstitial_fluid_volume	pulmonary_gas_diffusion_rate	
causal-collection-v2	pulmonary_interstitial_fluid_volume	respiratory_rate	
causal-collection-v2	pulmonary_lymph_flow	pleural_fluid_volume	
causal-collection-v2	pulmonary_lymph_flow	pulmonary_interstitial_fluid_volume	
causal-collection-v2	pulmonary_perfusion	left_atrial_pressure	
causal-collection-v2	pulmonary_perfusion	pulmonary_capillary_transit_time	
causal-collection-v2	pulmonary_shunt_fraction	arterial_po2	
causal-collection-v2	pulmonary_vascular_resistance	pulmonary_artery_pressure	
causal-collection-v2	pulmonary_venous_pressure	pulmonary_vascular_resistance	
causal-collection-v2	purine_nucleoside_phosphorylase_activity	plasma_guanosine	
causal-collection-v2	purine_nucleoside_phosphorylase_activity	plasma_inosine	
causal-collection-v2	purine_nucleoside_phosphorylase_activity	t_cell_immune_activity	
causal-collection-v2	purine_nucleoside_phosphorylase_activity	urinary_guanosine	
causal-collection-v2	purine_nucleoside_phosphorylase_activity	urinary_inosine	
causal-collection-v2	purine_synthesis_rate	hepatic_urate_production	
causal-collection-v2	purine_synthesis_rate	plasma_xanthine	
causal-collection-v2	pyrimidine_5_nucleotidase_activity	erythrocyte_pyrimidine_nucleotide_pool	
causal-collection-v2	pyruvate_carboxylase_activity	plasma_alanine	
causal-collection-v2	pyruvate_carboxylase_activity	plasma_lactate	
causal-collection-v2	pyruvate_carboxylase_activity	plasma_pyruvate	
causal-collection-v2	pyruvate_kinase_activity	erythrocyte_23_bpg	
causal-collection-v2	qdpr_activity	csf_tetrahydrobiopterin	
causal-collection-v2	qdpr_activity	urinary_7_biopterin	
causal-collection-v2	qdpr_activity	urinary_biopterin	
causal-collection-v2	qprt_activity	urinary_quinolinate	
causal-collection-v2	red_cell_mass	renal_tissue_oxygenation	
causal-collection-v2	renal_blood_flow	glomerular_colloid_osmotic_pressure	
causal-collection-v2	renal_calcium_reabsorption	urinary_calcium	
causal-collection-v2	renal_enac_activity	sodium_water_reabsorption	
causal-collection-v2	renal_glutaminase_activity	csf_glutamine	
causal-collection-v2	renal_glutaminase_activity	plasma_glutamine	
causal-collection-v2	renal_glutaminase_activity	renal_tubular_ammonia_secretion	
causal-collection-v2	renal_hif2a_activity	renal_epo_transcription_rate	
causal-collection-v2	renal_hydrogen_secretion	plasma_bicarbonate	
causal-collection-v2	renal_magnesium_reabsorption	plasma_magnesium	
causal-collection-v2	renal_oat1_activity	plasma_urate	
causal-collection-v2	renal_perfusion_pressure	afferent_arteriolar_resistance	
causal-collection-v2	renal_perfusion_pressure	gfr	
causal-collection-v2	renal_perfusion_pressure	glomerular_hydrostatic_pressure	
causal-collection-v2	renal_perfusion_pressure	peritubular_capillary_hydrostatic_pressure	
causal-collection-v2	renal_perfusion_pressure	renal_tissue_oxygenation	
causal-collection-v2	renal_perfusion_pressure	renin	
causal-collection-v2	renal_perfusion_pressure	sodium_excretion	
causal-collection-v2	renal_perfusion_pressure	sodium_water_reabsorption	
causal-collection-v2	renal_phd2_activity	renal_hif2a_activity	
causal-collection-v2	renal_phosphate_reabsorption	urinary_phosphate	
causal-collection-v2	renal_potassium_excretion	plasma_potassium	
causal-collection-v2	renal_tissue_oxygenation	erythropoietin	
causal-collection-v2	renal_tubular_ammonia_secretion	arterial_ph	
causal-collection-v2	renal_urate_excretion	plasma_urate	
causal-collection-v2	renal_vascular_resistance	renal_blood_flow	
causal-collection-v2	renal_vhl_activity	renal_hif2a_activity	
causal-collection-v2	renin	angiotensin_II	
causal-collection-v2	resistance_to_venous_return	venous_return	
causal-collection-v2	respiratory_rate	alveolar_ventilation	
causal-collection-v2	respiratory_rate	total_ventilation	
causal-collection-v2	retinal_rhodopsin_concentration	retinal_photosensitivity	
causal-collection-v2	right_atrial_pressure	afferent_arteriolar_resistance	
causal-collection-v2	right_atrial_pressure	heart_rate	
causal-collection-v2	right_atrial_pressure	jugular_venous_pressure	
causal-collection-v2	right_atrial_pressure	plasma_nt_proanp	
causal-collection-v2	right_atrial_pressure	venous_return	
causal-collection-v2	rnasel_activity	blood_viral_load	
causal-collection-v2	ros_concentration	cftr_activity	
causal-collection-v2	ros_concentration	thyroid_follicular_t4_secretion	
causal-collection-v2	sa_node_automaticity	heart_rate	
causal-collection-v2	sah_hydrolase_activity	plasma_sah	
causal-collection-v2	sah_hydrolase_activity	plasma_sam	
causal-collection-v2	salivary_amylase_activity	plasma_glucose	
causal-collection-v2	salt_intake	extracellular_fluid_volume	
causal-collection-v2	salt_intake	plasma_osmolality	
causal-collection-v2	sarcolemmal_permeability	creatine_kinase_activity	
causal-collection-v2	sarcolemmal_permeability	lactate_dehydrogenase_activity	
causal-collection-v2	sarcolemmal_permeability	plasma_aldolase	
causal-collection-v2	sarcolemmal_permeability	plasma_ast	
causal-collection-v2	sarcolemmal_permeability	plasma_ck_mm	
causal-collection-v2	sarcolemmal_permeability	plasma_creatine_kinase	
causal-collection-v2	sarcolemmal_permeability	plasma_ldh	
causal-collection-v2	sarcolemmal_permeability	plasma_myoglobin	
causal-collection-v2	sardh_activity	csf_sarcosine	
causal-collection-v2	sardh_activity	plasma_sarcosine	
causal-collection-v2	sardh_activity	urinary_dimethylglycine	
causal-collection-v2	sardh_activity	urinary_sarcosine	
causal-collection-v2	sc5d_activity	plasma_7_dehydrocholesterol	
causal-collection-v2	sc5d_activity	plasma_lathosterol	
causal-collection-v2	scd_activity	hepatic_lipogenesis	
causal-collection-v2	scd_activity	plasma_myristoleate	
causal-collection-v2	scd_activity	plasma_oleate	
causal-collection-v2	scn_output_rate	plasma_melatonin	
causal-collection-v2	scot_activity	plasma_3_hydroxybutyrate	
causal-collection-v2	scot_activity	plasma_hydroxybutyrate	
causal-collection-v2	scot_activity	plasma_ketone_bodies	
causal-collection-v2	scot_activity	urinary_3_hydroxybutyrate	
causal-collection-v2	scot_activity	urinary_acetoacetate	
causal-collection-v2	sds_activity	plasma_threonine	
causal-collection-v2	secisbp2_activity	plasma_selenium	
causal-collection-v2	sepiapterin_reductase_activity	csf_sepiapterin	
causal-collection-v2	sepiapterin_reductase_activity	csf_tetrahydrobiopterin	
causal-collection-v2	serca_uptake_rate	sr_calcium_load	
causal-collection-v2	sgsh_activity	plasma_heparan_sulfate	
causal-collection-v2	shivering	metabolic_heat_production	
causal-collection-v2	short_chain_acyl_coa_dehydrogenase_activity	hepatic_ketogenesis	
causal-collection-v2	short_chain_acyl_coa_dehydrogenase_activity	plasma_butyrylcarnitine	
causal-collection-v2	short_chain_acyl_coa_dehydrogenase_activity	plasma_c4_acylcarnitine	
causal-collection-v2	short_chain_acyl_coa_dehydrogenase_activity	plasma_short_chain_acylcarnitine	
causal-collection-v2	short_chain_acyl_coa_dehydrogenase_activity	urinary_n_butyrylglycine	
causal-collection-v2	skeletal_muscle_blood_flow	cardiac_output	
causal-collection-v2	skeletal_muscle_blood_flow	skeletal_muscle_atp	
causal-collection-v2	skeletal_muscle_contraction_rate	plasma_lactate	
causal-collection-v2	skeletal_muscle_contraction_rate	skeletal_muscle_tension	
causal-collection-v2	skeletal_muscle_creatine_phosphate	skeletal_muscle_atp	
causal-collection-v2	skeletal_muscle_sarcoplasmic_calcium	skeletal_muscle_tension	
causal-collection-v2	skeletal_muscle_sr_calcium_release	skeletal_muscle_sarcoplasmic_calcium	
causal-collection-v2	skin_blood_flow	core_temperature	
causal-collection-v2	skin_blood_flow	total_peripheral_resistance	
causal-collection-v2	skin_cholecalciferol_synthesis	calcitriol	
causal-collection-v2	slc26a3_activity	plasma_chloride	
causal-collection-v2	slc26a3_activity	stool_chloride	
causal-collection-v2	slc2a1_activity	csf_glucose	
causal-collection-v2	slc30a10_activity	plasma_manganese	
causal-collection-v2	slc30a2_activity	breast_milk_zinc	
causal-collection-v2	slc39a14_activity	plasma_manganese	
causal-collection-v2	slc39a8_activity	plasma_manganese	
causal-collection-v2	slc3a1_activity	urinary_cysteine	
causal-collection-v2	slc6a19_activity	csf_tryptophan	
causal-collection-v2	slc6a19_activity	urinary_amino_acids	
causal-collection-v2	slc6a19_activity	urinary_glutamine	
causal-collection-v2	slc6a19_activity	urinary_indoleacetate	
causal-collection-v2	slc6a19_activity	urinary_threonine	
causal-collection-v2	slc6a6_activity	cardiac_output	
causal-collection-v2	slc6a6_activity	plasma_taurine	
causal-collection-v2	slc6a6_activity	urinary_taurine	
causal-collection-v2	slc9a3_activity	fecal_sodium	
causal-collection-v2	slc9a3_activity	plasma_sodium_concentration	
causal-collection-v2	smpd1_activity	plasma_lysosphingomyelin	
causal-collection-v2	socs_activity	jak2_activity	
causal-collection-v2	sod3_ecm_anchoring	endothelial_no_production	
causal-collection-v2	sod3_ecm_anchoring	plasma_superoxide_dismutase	
causal-collection-v2	sodium_calcium_exchanger_activity	cardiomyocyte_intracellular_sodium	
causal-collection-v2	sodium_excretion	extracellular_fluid_volume	
causal-collection-v2	sodium_water_reabsorption	blood_volume	
causal-collection-v2	somatostatin	gastric_acid_secretion	
causal-collection-v2	somatostatin	ghrelin	
causal-collection-v2	somatostatin	ghrh	
causal-collection-v2	somatostatin	pituitary_gh_secretion	
causal-collection-v2	somatostatin	somatotroph_gh_secretion	
causal-collection-v2	squalene_synthase_activity	ldl_cholesterol	
causal-collection-v2	squalene_synthase_activity	plasma_methylsuccinate	
causal-collection-v2	squalene_synthase_activity	urinary_mesaconate	
causal-collection-v2	sr_calcium_load	sr_calcium_release	
causal-collection-v2	sr_calcium_release	cytosolic_calcium_transient	
causal-collection-v2	sr_calcium_release	sr_calcium_load	
causal-collection-v2	srd5a2_activity	plasma_dihydrotestosterone	
causal-collection-v2	ssadh_activity	csf_4_hydroxybutyrate	
causal-collection-v2	ssadh_activity	plasma_4_hydroxybutyrate	
causal-collection-v2	ssadh_activity	plasma_gaba	
causal-collection-v2	ssadh_activity	urinary_2_4_dihydroxybutyric_acid	
causal-collection-v2	ssadh_activity	urinary_3_4_dihydroxybutyrate	
causal-collection-v2	ssadh_activity	urinary_4_hydroxybutyrate	
causal-collection-v2	ssadh_activity	urinary_gaba	
causal-collection-v2	stat5_activity	bcl_xl_level	
causal-collection-v2	stat5_activity	erythroid_progenitor_proliferation	
causal-collection-v2	stat5_activity	hepatic_igf1	
causal-collection-v2	stat5_activity	socs_activity	
causal-collection-v2	steroid_sulfatase_activity	plasma_dheas	
causal-collection-v2	sterol_27_hydroxylase_activity	csf_cholestanol	
causal-collection-v2	sterol_27_hydroxylase_activity	plasma_27_hydroxycholesterol	
causal-collection-v2	sterol_27_hydroxylase_activity	plasma_bile_acids	
causal-collection-v2	sterol_27_hydroxylase_activity	plasma_bile_alcohol	
causal-collection-v2	sterol_27_hydroxylase_activity	plasma_cholestanol	
causal-collection-v2	sterol_27_hydroxylase_activity	urinary_bile_alcohol	
causal-collection-v2	sting_activity	csf_interferon_alpha	
causal-collection-v2	sting_activity	macrophage_nlrp3_inflammasome_assembly	
causal-collection-v2	stomach_motility	gastric_emptying_rate	
causal-collection-v2	stomach_volume	stomach_motility	
causal-collection-v2	stool_urobilinogen	urinary_urobilinogen	
causal-collection-v2	stool_urobilinogen	urine_urobilinogen	
causal-collection-v2	stroke_volume	aortic_transvalvular_gradient	
causal-collection-v2	stroke_volume	end_diastolic_volume	
causal-collection-v2	stroke_volume	pulse_pressure	
causal-collection-v2	stroke_volume	systolic_blood_pressure	
causal-collection-v2	sts_activity	plasma_cholesterol_sulfate	
causal-collection-v2	succinate_dehydrogenase_activity	mitochondrial_respiratory_chain_activity	
causal-collection-v2	succinate_dehydrogenase_activity	plasma_succinate	
causal-collection-v2	succinate_dehydrogenase_activity	urinary_succinate	
causal-collection-v2	succinate_dehydrogenase_activity	urinary_succinic_acid	
causal-collection-v2	sulfide_quinone_oxidoreductase_activity	cellular_atp_level	
causal-collection-v2	sulfide_quinone_oxidoreductase_activity	plasma_thiosulfate	
causal-collection-v2	sulfite_oxidase_activity	plasma_sulfate	
causal-collection-v2	sulfite_oxidase_activity	plasma_thiosulfate	
causal-collection-v2	sulfite_oxidase_activity	urinary_s_sulfocysteine	
causal-collection-v2	sulfite_oxidase_activity	urinary_sulfate	
causal-collection-v2	sulfite_oxidase_activity	urinary_sulfite	
causal-collection-v2	sulfite_oxidase_activity	urinary_thiosulfate	
causal-collection-v2	sult2a1_activity	plasma_androstenedione	
causal-collection-v2	sult2a1_activity	plasma_dhea	
causal-collection-v2	sult2a1_activity	plasma_dheas	
causal-collection-v2	suox_activity	cellular_atp_level	
causal-collection-v2	suox_activity	plasma_s_sulfocysteine	
causal-collection-v2	superoxide_dismutase_activity	mean_arterial_pressure	
causal-collection-v2	sweating	core_temperature	
causal-collection-v2	sympathetic_tone	adrenal_chromaffin_cell_epinephrine_secretion	
causal-collection-v2	sympathetic_tone	afferent_arteriolar_resistance	
causal-collection-v2	sympathetic_tone	av_conduction_velocity	
causal-collection-v2	sympathetic_tone	cardiac_output	
causal-collection-v2	sympathetic_tone	coronary_blood_flow	
causal-collection-v2	sympathetic_tone	epinephrine	
causal-collection-v2	sympathetic_tone	gfr	
causal-collection-v2	sympathetic_tone	gi_sympathetic_tone	
causal-collection-v2	sympathetic_tone	heart_rate	
causal-collection-v2	sympathetic_tone	hepatic_glucose_production	
causal-collection-v2	sympathetic_tone	metabolic_rate	
causal-collection-v2	sympathetic_tone	myocardial_contractility	
causal-collection-v2	sympathetic_tone	norepinephrine	
causal-collection-v2	sympathetic_tone	plasma_glucagon	
causal-collection-v2	sympathetic_tone	plasma_insulin	
causal-collection-v2	sympathetic_tone	pulmonary_vascular_resistance	
causal-collection-v2	sympathetic_tone	renal_vascular_resistance	
causal-collection-v2	sympathetic_tone	renin	
causal-collection-v2	sympathetic_tone	resistance_to_venous_return	
causal-collection-v2	sympathetic_tone	respiratory_rate	
causal-collection-v2	sympathetic_tone	sa_node_automaticity	
causal-collection-v2	sympathetic_tone	skeletal_muscle_blood_flow	
causal-collection-v2	sympathetic_tone	sodium_water_reabsorption	
causal-collection-v2	sympathetic_tone	splanchnic_blood_flow	
causal-collection-v2	sympathetic_tone	total_peripheral_resistance	
causal-collection-v2	sympathetic_tone	venous_return	
causal-collection-v2	synaptic_acetylcholine	alveolar_ventilation	
causal-collection-v2	synaptic_acetylcholine_concentration	bronchiole_smooth_muscle_tone	
causal-collection-v2	synaptic_acetylcholine_concentration	postsynaptic_membrane_potential	
causal-collection-v2	synaptic_dopamine_concentration	pituitary_prolactin_secretion	
causal-collection-v2	synaptic_gaba_concentration	gnrh_neuron_gnrh_secretion	
causal-collection-v2	synaptic_gaba_concentration	postsynaptic_membrane_potential	
causal-collection-v2	t2_thiolase_activity	plasma_tiglylglycine	
causal-collection-v2	t2_thiolase_activity	urinary_acetoacetate	
causal-collection-v2	t_cell_activation_rate	beta_cell_insulin_secretion	
causal-collection-v2	t_cell_activation_rate	t_cell_immune_activity	
causal-collection-v2	t_cell_immune_activity	plasma_gm_csf	
causal-collection-v2	telomerase_activity	telomere_length	
causal-collection-v2	telomere_length	cellular_replicative_capacity	
causal-collection-v2	telomere_length	erythroblast_proliferation	
causal-collection-v2	tert_expression	telomerase_activity	
causal-collection-v2	testosterone	adipose_tissue_mass	
causal-collection-v2	testosterone	blood_hemoglobin_concentration	
causal-collection-v2	testosterone	bone_mass	
causal-collection-v2	testosterone	bone_mineral_density	
causal-collection-v2	testosterone	erythropoietin	
causal-collection-v2	testosterone	estradiol	
causal-collection-v2	testosterone	gnrh	
causal-collection-v2	testosterone	gnrh_neuron_gnrh_secretion	
causal-collection-v2	testosterone	hdl_cholesterol	
causal-collection-v2	testosterone	hematocrit	
causal-collection-v2	testosterone	hepatic_igf1	
causal-collection-v2	testosterone	hepcidin	
causal-collection-v2	testosterone	inhibin	
causal-collection-v2	testosterone	kisspeptin_hypothalamic	
causal-collection-v2	testosterone	ldl_cholesterol	
causal-collection-v2	testosterone	lean_body_mass	
causal-collection-v2	testosterone	leptin	
causal-collection-v2	testosterone	metabolic_rate	
causal-collection-v2	testosterone	muscle_protein_synthesis_rate	
causal-collection-v2	testosterone	pituitary_gh_secretion	
causal-collection-v2	testosterone	pituitary_lh_secretion	
causal-collection-v2	testosterone	plasma_activin_a	
causal-collection-v2	testosterone	plasma_amh	
causal-collection-v2	testosterone	plasma_dihydrotestosterone	
causal-collection-v2	testosterone	plasma_prostate_specific_antigen	
causal-collection-v2	testosterone	plasma_shbg	
causal-collection-v2	testosterone	plasma_thyroxine_binding_globulin	
causal-collection-v2	testosterone	red_cell_mass	
causal-collection-v2	testosterone	spermatogenesis_rate	
causal-collection-v2	th1_cell_activation	macrophage_activation	
causal-collection-v2	three_beta_hsd_delta5_desaturase_activity	plasma_lathosterol	
causal-collection-v2	thrombin	activated_protein_C	
causal-collection-v2	thrombin	fibrin_clot	
causal-collection-v2	thrombin	platelet_activation	
causal-collection-v2	thrombin	thrombin	
causal-collection-v2	thymidine_phosphorylase_activity	mitochondrial_atp_synthase_activity	
causal-collection-v2	thymidine_phosphorylase_activity	plasma_deoxyuridine	
causal-collection-v2	thymidine_phosphorylase_activity	plasma_thymidine	
causal-collection-v2	thymidine_phosphorylase_activity	urinary_deoxyuridine	
causal-collection-v2	thymidine_phosphorylase_activity	urinary_thymidine	
causal-collection-v2	thyroidal_iodide	thyroid_follicular_t4_secretion	
causal-collection-v2	thyrotroph_tsh_secretion	plasma_glycoprotein_hormone_alpha_subunit	
causal-collection-v2	tida_neuron_dopamine_secretion	lactotroph_prl_secretion	
causal-collection-v2	tidal_volume	alveolar_ventilation	
causal-collection-v2	tidal_volume	anatomic_dead_space_volume	
causal-collection-v2	tidal_volume	dead_space_fraction	
causal-collection-v2	tidal_volume	respiratory_rate	
causal-collection-v2	tidal_volume	total_ventilation	
causal-collection-v2	tissue_ceramide	tissue_sphingomyelin	
causal-collection-v2	tissue_factor	thrombin	
causal-collection-v2	tissue_galactosylceramide	macrophage_activation	
causal-collection-v2	tissue_galactosylceramide	urinary_sulfatide	
causal-collection-v2	tissue_glucosylceramide_content	chitotriosidase_activity	
causal-collection-v2	tissue_nonspecific_alp_activity	alkaline_phosphatase	
causal-collection-v2	tissue_nonspecific_alp_activity	plasma_phosphoethanolamine	
causal-collection-v2	tissue_nonspecific_alp_activity	plasma_pyrophosphate	
causal-collection-v2	tissue_nonspecific_alp_activity	urinary_pyrophosphate	
causal-collection-v2	tissue_o2_extraction	mixed_venous_po2	
causal-collection-v2	tmprss6_cleavage_activity	hjv_coreceptor_activity	
causal-collection-v2	tn_antigen_level	gfr	
causal-collection-v2	tnf_alpha	capillary_permeability	
causal-collection-v2	tnf_alpha	il1beta	
causal-collection-v2	tnf_alpha	il6	
causal-collection-v2	tnf_alpha	peripheral_glucose_uptake	
causal-collection-v2	tnf_alpha	pituitary_acth_secretion	
causal-collection-v2	tnf_alpha	plasma_adiponectin	
causal-collection-v2	tnf_alpha	plasma_e_selectin	
causal-collection-v2	tnf_alpha	total_peripheral_resistance	
causal-collection-v2	total_peripheral_resistance	afterload	
causal-collection-v2	total_peripheral_resistance	cardiac_output	
causal-collection-v2	total_peripheral_resistance	diastolic_blood_pressure	
causal-collection-v2	total_ventilation	alveolar_ventilation	
causal-collection-v2	tpo_nis_organification_capacity	thyroid_follicular_t4_secretion	
causal-collection-v2	tpp1_activity	lysosomal_ceroid_lipofuscin_load	
causal-collection-v2	transaldolase_activity	csf_ribitol	
causal-collection-v2	transaldolase_activity	hepatic_albumin_synthesis	
causal-collection-v2	transaldolase_activity	plasma_arabinitol	
causal-collection-v2	transaldolase_activity	plasma_erythritol	
causal-collection-v2	transaldolase_activity	plasma_ribitol	
causal-collection-v2	transaldolase_activity	urinary_arabitol	
causal-collection-v2	transaldolase_activity	urinary_erythritol	
causal-collection-v2	transaldolase_activity	urinary_ribitol	
causal-collection-v2	transaldolase_activity	urinary_xylitol	
causal-collection-v2	transferrin_saturation	hepcidin	
causal-collection-v2	treg_il10_secretion	macrophage_activation	
causal-collection-v2	trh	pituitary_fsh_secretion	
causal-collection-v2	trh	pituitary_prolactin_secretion	
causal-collection-v2	trh	pituitary_tsh_secretion	
causal-collection-v2	trh	thyrotroph_tsh_secretion	
causal-collection-v2	troponin_c_calcium_binding	cardiac_output	
causal-collection-v2	trpm6_activity	renal_magnesium_reabsorption	
causal-collection-v2	tsh	free_t4	
causal-collection-v2	tsh	nis_activity	
causal-collection-v2	tsh	plasma_thyroglobulin	
causal-collection-v2	tsh	thyroid_follicular_t4_secretion	
causal-collection-v2	tsh	tpo_nis_organification_capacity	
causal-collection-v2	tshr_activation	follicular_camp_level	
causal-collection-v2	tshr_activation	thyroid_follicular_t4_secretion	
causal-collection-v2	ttpa_activity	tissue_tocopherol	
causal-collection-v2	tuberoinfundibular_dopamine_tone	pituitary_prolactin_secretion	
causal-collection-v2	type_1_deiodinase_activity	plasma_reverse_t3	
causal-collection-v2	type_2_deiodinase_activity	plasma_t4	
causal-collection-v2	type_3_deiodinase_activity	free_t3	
causal-collection-v2	type_3_deiodinase_activity	plasma_reverse_t3	
causal-collection-v2	type_3_deiodinase_activity	plasma_t4	
causal-collection-v2	udp_glucose_4_epimerase_activity	plasma_galactose	
causal-collection-v2	ugt1a1_activity	hepatic_bilirubin_conjugation	
causal-collection-v2	umps_activity	erythroid_progenitor_proliferation	
causal-collection-v2	umps_activity	urinary_orotate	
causal-collection-v2	urea_cycle_enzyme_activity	csf_ammonia	
causal-collection-v2	urea_cycle_enzyme_activity	hepatic_urea_synthesis	
causal-collection-v2	urinary_cysteine	gfr	
causal-collection-v2	urinary_d_lactate	arterial_ph	
causal-collection-v2	urinary_n_acetylaspartate	urinary_organic_acids	
causal-collection-v2	urinary_pge2	jg_granular_renin_secretion	
causal-collection-v2	urocanase_activity	plasma_urocanic_acid	
causal-collection-v2	uroporphyrinogen_decarboxylase_activity	plasma_heptacarboxylporphyrin	
causal-collection-v2	uroporphyrinogen_decarboxylase_activity	plasma_porphyrin	
causal-collection-v2	uroporphyrinogen_decarboxylase_activity	plasma_uroporphyrin	
causal-collection-v2	uroporphyrinogen_decarboxylase_activity	urinary_hexacarboxylporphyrin	
causal-collection-v2	uroporphyrinogen_decarboxylase_activity	urinary_pentacarboxylporphyrin	
causal-collection-v2	uroporphyrinogen_decarboxylase_activity	urinary_porphyrin	
causal-collection-v2	uroporphyrinogen_decarboxylase_activity	urinary_uroporphyrin	
causal-collection-v2	uroporphyrinogen_iii_synthase_activity	erythrocyte_coproporphyrin	
causal-collection-v2	uroporphyrinogen_iii_synthase_activity	erythrocyte_uroporphyrin	
causal-collection-v2	uroporphyrinogen_iii_synthase_activity	erythropoietic_iron_demand	
causal-collection-v2	uroporphyrinogen_iii_synthase_activity	urinary_uroporphyrin	
causal-collection-v2	uterine_contraction_rate	cervical_distension	
causal-collection-v2	uterine_contraction_rate	nociceptive_afferent_activity	
causal-collection-v2	vascular_smooth_muscle_tone	total_peripheral_resistance	
causal-collection-v2	venous_return	capillary_hydrostatic_pressure	
causal-collection-v2	venous_return	cardiac_output	
causal-collection-v2	venous_return	end_diastolic_volume	
causal-collection-v2	venous_return	stroke_volume	
causal-collection-v2	ventilation_perfusion_ratio	alveolar_pco2	
causal-collection-v2	ventilation_perfusion_ratio	alveolar_po2	
causal-collection-v2	vessel_injury	tissue_factor	
causal-collection-v2	vip_secreting_enteric_neuron_activity	plasma_vasoactive_intestinal_peptide	
causal-collection-v2	vkgc_activity	plasma_pivka_ii	
causal-collection-v2	vlcad_activity	hepatic_ketogenesis	
causal-collection-v2	vlcad_activity	plasma_c12_acylcarnitine	
causal-collection-v2	vlcad_activity	plasma_c16_acylcarnitine	
causal-collection-v2	vlcad_activity	plasma_dodecanoylcarnitine	
causal-collection-v2	vlcad_activity	plasma_dodecenoylcarnitine	
causal-collection-v2	vlcad_activity	plasma_long_chain_fatty_acid	
causal-collection-v2	vlcad_activity	plasma_palmitoleylcarnitine	
causal-collection-v2	vlcad_activity	plasma_palmitoylcarnitine	
causal-collection-v2	vlcad_activity	plasma_tetradecanoylcarnitine	
causal-collection-v2	vlcad_activity	plasma_tetradecenoylcarnitine	
causal-collection-v2	vlcad_activity	plasma_very_long_chain_acylcarnitine	
causal-collection-v2	vldl_secretion	ldl_cholesterol	
causal-collection-v2	vldl_secretion	plasma_triglycerides	
causal-collection-v2	vsm_cgmp_level	cavernosal_smooth_muscle_tone	
causal-collection-v2	vsm_cgmp_level	intracellular_calcium	
causal-collection-v2	vsm_cgmp_level	vascular_smooth_muscle_tone	
causal-collection-v2	water_intake	extracellular_fluid_volume	
causal-collection-v2	water_intake	plasma_osmolality	
causal-collection-v2	water_intake	plasma_sodium_concentration	
causal-collection-v2	xanthine_oxidase_activity	hepatic_urate_production	
causal-collection-v2	xanthine_oxidase_activity	plasma_xanthine	
causal-collection-v2	xanthine_oxidase_activity	urinary_8_oxoguanosine	
causal-collection-v2	xanthine_oxidase_activity	urinary_hypoxanthine	
constitution-v1	adipose_tissue_mass	body_weight	
constitution-v1	lean_body_mass	body_weight	
constitution-v1	plasma_volume	blood_volume	
constitution-v1	red_cell_mass	blood_volume	
multiplicative-modulation-v2	adh	crh	pituitary_acth_secretion
multiplicative-modulation-v2	angiotensin_II	baroreceptor_firing_rate	sympathetic_tone
multiplicative-modulation-v2	arterial_pco2	arterial_po2	hemoglobin_o2_saturation
multiplicative-modulation-v2	arterial_ph	arterial_po2	hemoglobin_o2_saturation
multiplicative-modulation-v2	beta1_adrenergic_chronotropic_responsiveness	sympathetic_tone	heart_rate
multiplicative-modulation-v2	core_temperature	arterial_po2	hemoglobin_o2_saturation
multiplicative-modulation-v2	cortisol	epinephrine	hepatic_glycogenolysis
multiplicative-modulation-v2	cortisol	epinephrine	lipolysis_rate
multiplicative-modulation-v2	cortisol	norepinephrine	total_peripheral_resistance
multiplicative-modulation-v2	cortisol	plasma_glucagon	hepatic_glucose_production
multiplicative-modulation-v2	erythrocyte_23_bpg	arterial_po2	hemoglobin_o2_saturation
multiplicative-modulation-v2	free_t3	epinephrine	lipolysis_rate
multiplicative-modulation-v2	free_t3	sympathetic_tone	metabolic_rate
multiplicative-modulation-v2	free_t3	sympathetic_tone	myocardial_contractility
multiplicative-modulation-v2	klotho_activity	fgf23	renal_phosphate_reabsorption
multiplicative-modulation-v2	plasma_adiponectin	plasma_insulin	peripheral_glucose_uptake
multiplicative-modulation-v2	plasma_calcium	synaptic_acetylcholine_concentration	postsynaptic_membrane_potential
multiplicative-modulation-v2	plasma_iron	alveolar_po2	pulmonary_vascular_resistance
multiplicative-modulation-v2	somatostatin	trh	pituitary_tsh_secretion
production-collection-v2	aanat_activity	plasma_melatonin	
production-collection-v2	adipocyte_leptin_secretion	leptin	
production-collection-v2	adrenal_chromaffin_cell_epinephrine_secretion	epinephrine	
production-collection-v2	alpha_cell_glucagon_secretion	plasma_glucagon	
production-collection-v2	atrial_cardiomyocyte_anp_secretion	anp	
production-collection-v2	beta_cell_insulin_secretion	plasma_amylin	
production-collection-v2	beta_cell_insulin_secretion	plasma_insulin	
production-collection-v2	caspase_1_activity	il1beta	
production-collection-v2	cathepsin_d_activity	plasma_cathepsin_d	
production-collection-v2	corticotroph_acth_secretion	pituitary_acth_secretion	
production-collection-v2	erythroblast_maturation	red_cell_mass	
production-collection-v2	erythrocyte_carbonic_anhydrase_activity	plasma_bicarbonate	
production-collection-v2	erythroid_progenitor_proliferation	red_cell_mass	
production-collection-v2	g_cell_gastrin_secretion	gastrin	
production-collection-v2	gamma_glutamyltransferase_activity	plasma_ggt	
production-collection-v2	ghrelin_cell_ghrelin_secretion	ghrelin	
production-collection-v2	ghrh_neuron_ghrh_secretion	ghrh	
production-collection-v2	glutamate_dehydrogenase_activity	plasma_alpha_ketoglutarate	
production-collection-v2	glutamate_dehydrogenase_activity	plasma_ammonia	
production-collection-v2	glutamate_dehydrogenase_activity	plasma_glutamate	
production-collection-v2	gnrh_neuron_gnrh_secretion	gnrh	
production-collection-v2	gonadotroph_fsh_secretion	pituitary_fsh_secretion	
production-collection-v2	gonadotroph_lh_secretion	pituitary_lh_secretion	
production-collection-v2	granulosa_estradiol_secretion	estradiol	
production-collection-v2	hepatic_gluconeogenesis	plasma_glucose	
production-collection-v2	hepatic_glycogenolysis	plasma_glucose	
production-collection-v2	hepatic_ketogenesis	plasma_ketone_bodies	
production-collection-v2	hepatocyte_antithrombin_secretion	antithrombin	
production-collection-v2	hepatocyte_apoa1_hdl_secretion	hdl_cholesterol	
production-collection-v2	hepatocyte_cd46_shedding	plasma_cd46	
production-collection-v2	hepatocyte_cfhr1_secretion	plasma_cfhr1	
production-collection-v2	hepatocyte_cpn_synthesis	carboxypeptidase_n_activity	
production-collection-v2	hepatocyte_crp_secretion	c_reactive_protein	
production-collection-v2	hepatocyte_fibrinogen_secretion	plasma_fibrinogen	
production-collection-v2	hepatocyte_fibronectin_secretion	plasma_fibronectin	
production-collection-v2	hepatocyte_ficolin3_secretion	plasma_ficolin_3	
production-collection-v2	hepatocyte_igf1_secretion	hepatic_igf1	
production-collection-v2	hepatocyte_mbl_secretion	plasma_mbl	
production-collection-v2	hepatocyte_shbg_secretion	plasma_shbg	
production-collection-v2	hepcidin_transcription	hepcidin	
production-collection-v2	i_cell_cck_secretion	plasma_cck	
production-collection-v2	intestinal_lactase_activity	plasma_galactose	
production-collection-v2	intestinal_lactase_activity	plasma_glucose	
production-collection-v2	jg_granular_renin_secretion	renin	
production-collection-v2	k_cell_gip_secretion	gip	
production-collection-v2	l_cell_glp1_secretion	glp1	
production-collection-v2	lactotroph_prl_secretion	pituitary_prolactin_secretion	
production-collection-v2	leydig_testosterone_secretion	testosterone	
production-collection-v2	lipolysis_rate	plasma_free_fatty_acids	
production-collection-v2	lipolysis_rate	plasma_glycerol	
production-collection-v2	luteal_progesterone_secretion	progesterone	
production-collection-v2	macrophage_activation	il6	
production-collection-v2	macrophage_activation	tnf_alpha	
production-collection-v2	macrophage_il1beta_secretion	il1beta	
production-collection-v2	magnocellular_neuron_adh_secretion	adh	
production-collection-v2	mast_cell_degranulation	plasma_histamine	
production-collection-v2	motilin_secreting_cell_activity	plasma_motilin	
production-collection-v2	muscle_lactate_dehydrogenase_activity	plasma_lactate	
production-collection-v2	nuclear_srebp2_activity	hmg_coa_reductase_activity	
production-collection-v2	osteocyte_fgf23_secretion	fgf23	
production-collection-v2	parafollicular_cell_calcitonin_secretion	plasma_calcitonin	
production-collection-v2	parathyroid_chief_pth_secretion	pth	
production-collection-v2	parvocellular_crh_secretion	crh	
production-collection-v2	proximal_tubule_calcitriol_production	calcitriol	
production-collection-v2	pyruvate_dehydrogenase_activity	plasma_pyruvate	
production-collection-v2	renal_epo_transcription_rate	erythropoietin	
production-collection-v2	renal_interstitial_fibroblast_epo_secretion	erythropoietin	
production-collection-v2	renal_phosphate_reabsorption	plasma_phosphate	
production-collection-v2	s_cell_secretin_secretion	plasma_secretin	
production-collection-v2	sertoli_inhibin_secretion	inhibin	
production-collection-v2	somatotroph_gh_secretion	pituitary_gh_secretion	
production-collection-v2	sucrase_isomaltase_activity	plasma_glucose	
production-collection-v2	sympathetic_noradrenergic_neuron_norepinephrine_secretion	norepinephrine	
production-collection-v2	theca_androstenedione_secretion	plasma_androstenedione	
production-collection-v2	thyroid_follicular_t4_secretion	free_t4	
production-collection-v2	thyrotroph_tsh_secretion	pituitary_tsh_secretion	
production-collection-v2	type_1_deiodinase_activity	free_t3	
production-collection-v2	type_2_deiodinase_activity	free_t3	
production-collection-v2	type_2_deiodinase_activity	free_t4	
production-collection-v2	type_3_deiodinase_activity	free_t4	
production-collection-v2	type_ii_pneumocyte_surfactant_secretion	alveolar_surfactant_amount	
production-collection-v2	ventricular_cardiomyocyte_bnp_secretion	plasma_bnp	
production-collection-v2	zona_fasciculata_cortisol_secretion	cortisol	
production-collection-v2	zona_glomerulosa_cell_aldosterone_secretion	aldosterone	
production-collection-v2	zona_reticularis_dheas_secretion	plasma_dheas	
ratio-v1	hematocrit	red_cell_mass	blood_volume
