node_id	satisfiable	inferred_parents
aadc_activity	true	https://w3id.org/physiomap/ContinuantTrait|https://w3id.org/physiomap/MapVariable|https://w3id.org/physiomap/Trait
aanat_activity	true	https://w3id.org/physiomap/ContinuantTrait|https://w3id.org/physiomap/MapVariable|https://w3id.org/physiomap/Trait
abat_activity	true	https://w3id.org/physiomap/ContinuantTrait|https://w3id.org/physiomap/MapVariable|https://w3id.org/physiomap/Trait
abca1_activity	true	https://w3id.org/physiomap/ContinuantTrait|https://w3id.org/physiomap/MapVariable|https://w3id.org/physiomap/Trait
abcd1_activity	true	https://w3id.org/physiomap/ContinuantTrait|https://w3id.org/physiomap/MapVariable|https://w3id.org/physiomap/Trait
abcg5_abcg8_activity	true	https://w3id.org/physiomap/ContinuantTrait|https://w3id.org/physiomap/MapVariable|https://w3id.org/physiomap/Trait
acetyl_coa_carboxylase_activity	true	https://w3id.org/physiomap/ContinuantTrait|https://w3id.org/physiomap/MapVariable|https://w3id.org/physiomap/Trait
acetylcholinesterase_activity	true	https://w3id.org/physiomap/ContinuantTrait|https://w3id.org/physiomap/MapVariable|https://w3id.org/physiomap/Trait
acid_alpha_glucosidase_activity	true	https://w3id.org/physiomap/ContinuantTrait|https://w3id.org/physiomap/MapVariable|https://w3id.org/physiomap/Trait
acid_ceramidase_activity	true	https://w3id.org/physiomap/ContinuantTrait|https://w3id.org/physiomap/MapVariable|https://w3id.org/physiomap/Trait
acid_sphingomyelinase_activity	true	https://w3id.org/physiomap/ContinuantTrait|https://w3id.org/physiomap/MapVariable|https://w3id.org/physiomap/Trait
aco2_activity	true	https://w3id.org/physiomap/ContinuantTrait|https://w3id.org/physiomap/MapVariable|https://w3id.org/physiomap/Trait
acth	true	https://w3id.org/physiomap/ContinuantTrait|https://w3id.org/physiomap/MapVariable|https://w3id.org/physiomap/Trait
activated_protein_C	true	https://w3id.org/physiomap/ContinuantTrait|https://w3id.org/physiomap/MapVariable|https://w3id.org/physiomap/Trait
acyl_coa_oxidase_activity	true	https://w3id.org/physiomap/ContinuantTrait|https://w3id.org/physiomap/MapVariable|https://w3id.org/physiomap/Trait
ada2_activity	true	https://w3id.org/physiomap/ContinuantTrait|https://w3id.org/physiomap/MapVariable|https://w3id.org/physiomap/Trait
adamts13_activity	true	https://w3id.org/physiomap/ContinuantTrait|https://w3id.org/physiomap/MapVariable|https://w3id.org/physiomap/Trait
adenosine_deaminase_activity	true	https://w3id.org/physiomap/ContinuantTrait|https://w3id.org/physiomap/MapVariable|https://w3id.org/physiomap/Trait
adenylate_kinase_activity	true	https://w3id.org/physiomap/ContinuantTrait|https://w3id.org/physiomap/MapVariable|https://w3id.org/physiomap/Trait
adh	true	https://w3id.org/physiomap/ContinuantTrait|https://w3id.org/physiomap/MapVariable|https://w3id.org/physiomap/Trait
adipocyte_camp_level	true	https://w3id.org/physiomap/ContinuantTrait|https://w3id.org/physiomap/MapVariable|https://w3id.org/physiomap/Trait
adipocyte_leptin_secretion	true	https://w3id.org/physiomap/MapVariable|https://w3id.org/physiomap/ProcessTrait|https://w3id.org/physiomap/Trait
adipose_hsl_activity	true	https://w3id.org/physiomap/ContinuantTrait|https://w3id.org/physiomap/MapVariable|https://w3id.org/physiomap/Trait
adipose_tissue_mass	true	https://w3id.org/physiomap/ContinuantTrait|https://w3id.org/physiomap/MapVariable|https://w3id.org/physiomap/Trait|https://w3id.org/physiomap/grouping/grouping-98ec06964daf7a17eb36
adrenal_chromaffin_cell_epinephrine_secretion	true	https://w3id.org/physiomap/MapVariable|https://w3id.org/physiomap/ProcessTrait|https://w3id.org/physiomap/Trait
adrenal_hsd3b2_activity	true	https://w3id.org/physiomap/ContinuantTrait|https://w3id.org/physiomap/MapVariable|https://w3id.org/physiomap/Trait
adsl_activity	true	https://w3id.org/physiomap/ContinuantTrait|https://w3id.org/physiomap/MapVariable|https://w3id.org/physiomap/Trait
afferent_arteriolar_resistance	true	https://w3id.org/physiomap/ContinuantTrait|https://w3id.org/physiomap/MapVariable|https://w3id.org/physiomap/Trait
afferent_arteriolar_tone	true	https://w3id.org/physiomap/ContinuantTrait|https://w3id.org/physiomap/MapVariable|https://w3id.org/physiomap/Trait
afterload	true	https://w3id.org/physiomap/ContinuantTrait|https://w3id.org/physiomap/MapVariable|https://w3id.org/physiomap/Trait
agat_activity	true	https://w3id.org/physiomap/ContinuantTrait|https://w3id.org/physiomap/MapVariable|https://w3id.org/physiomap/Trait
agps_activity	true	https://w3id.org/physiomap/ContinuantTrait|https://w3id.org/physiomap/MapVariable|https://w3id.org/physiomap/Trait
agrp_npy_tone	true	https://w3id.org/physiomap/ContinuantTrait|https://w3id.org/physiomap/MapVariable|https://w3id.org/physiomap/Trait
agt_activity	true	https://w3id.org/physiomap/ContinuantTrait|https://w3id.org/physiomap/MapVariable|https://w3id.org/physiomap/Trait
agxt2_activity	true	https://w3id.org/physiomap/ContinuantTrait|https://w3id.org/physiomap/MapVariable|https://w3id.org/physiomap/Trait
aicar_transformylase_activity	true	https://w3id.org/physiomap/ContinuantTrait|https://w3id.org/physiomap/MapVariable|https://w3id.org/physiomap/Trait
aicda_deaminase_activity	true	https://w3id.org/physiomap/ContinuantTrait|https://w3id.org/physiomap/MapVariable|https://w3id.org/physiomap/Trait
airway_mucin_secretion_rate	true	https://w3id.org/physiomap/MapVariable|https://w3id.org/physiomap/ProcessTrait|https://w3id.org/physiomap/Trait
airway_resistance	true	https://w3id.org/physiomap/ContinuantTrait|https://w3id.org/physiomap/MapVariable|https://w3id.org/physiomap/Trait
ala_dehydratase_activity	true	https://w3id.org/physiomap/ContinuantTrait|https://w3id.org/physiomap/MapVariable|https://w3id.org/physiomap/Trait
aldehyde_dehydrogenase_activity	true	https://w3id.org/physiomap/ContinuantTrait|https://w3id.org/physiomap/MapVariable|https://w3id.org/physiomap/Trait
aldehyde_oxidase_activity	true	https://w3id.org/physiomap/ContinuantTrait|https://w3id.org/physiomap/MapVariable|https://w3id.org/physiomap/Trait
aldh7a1_activity	true	https://w3id.org/physiomap/ContinuantTrait|https://w3id.org/physiomap/MapVariable|https://w3id.org/physiomap/Trait
aldolase_b_activity	true	https://w3id.org/physiomap/ContinuantTrait|https://w3id.org/physiomap/MapVariable|https://w3id.org/physiomap/Trait
aldosterone	true	https://w3id.org/physiomap/ContinuantTrait|https://w3id.org/physiomap/MapVariable|https://w3id.org/physiomap/Trait
alkaline_phosphatase	true	https://w3id.org/physiomap/ContinuantTrait|https://w3id.org/physiomap/MapVariable|https://w3id.org/physiomap/Trait
alkyl_dhap_synthase_activity	true	https://w3id.org/physiomap/ContinuantTrait|https://w3id.org/physiomap/MapVariable|https://w3id.org/physiomap/Trait
alox12_activity	true	https://w3id.org/physiomap/ContinuantTrait|https://w3id.org/physiomap/MapVariable|https://w3id.org/physiomap/Trait
alpha_1_3_fucosyltransferase_activity	true	https://w3id.org/physiomap/ContinuantTrait|https://w3id.org/physiomap/MapVariable|https://w3id.org/physiomap/Trait
alpha_aminoadipic_semialdehyde_synthase_activity	true	https://w3id.org/physiomap/ContinuantTrait|https://w3id.org/physiomap/MapVariable|https://w3id.org/physiomap/Trait
alpha_cell_glucagon_secretion	true	https://w3id.org/physiomap/MapVariable|https://w3id.org/physiomap/ProcessTrait|https://w3id.org/physiomap/Trait
alpha_galactosidase_a_activity	true	https://w3id.org/physiomap/ContinuantTrait|https://w3id.org/physiomap/MapVariable|https://w3id.org/physiomap/Trait
alpha_ketoglutarate_dehydrogenase_activity	true	https://w3id.org/physiomap/ContinuantTrait|https://w3id.org/physiomap/MapVariable|https://w3id.org/physiomap/Trait
alpha_l_fucosidase_activity	true	https://w3id.org/physiomap/ContinuantTrait|https://w3id.org/physiomap/MapVariable|https://w3id.org/physiomap/Trait
alpha_mannosidase_activity	true	https://w3id.org/physiomap/ContinuantTrait|https://w3id.org/physiomap/MapVariable|https://w3id.org/physiomap/Trait
alpha_msh	true	https://w3id.org/physiomap/ContinuantTrait|https://w3id.org/physiomap/MapVariable|https://w3id.org/physiomap/Trait
alpha_n_acetylgalactosaminidase_activity	true	https://w3id.org/physiomap/ContinuantTrait|https://w3id.org/physiomap/MapVariable|https://w3id.org/physiomap/Trait
alpha_n_acetylglucosaminidase_activity	true	https://w3id.org/physiomap/ContinuantTrait|https://w3id.org/physiomap/MapVariable|https://w3id.org/physiomap/Trait
alveolar_air_pressure	true	https://w3id.org/physiomap/ContinuantTrait|https://w3id.org/physiomap/MapVariable|https://w3id.org/physiomap/Trait
alveolar_pco2	true	https://w3id.org/physiomap/ContinuantTrait|https://w3id.org/physiomap/MapVariable|https://w3id.org/physiomap/Trait
alveolar_po2	true	https://w3id.org/physiomap/ContinuantTrait|https://w3id.org/physiomap/MapVariable|https://w3id.org/physiomap/Trait
alveolar_stability	true	https://w3id.org/physiomap/ContinuantTrait|https://w3id.org/physiomap/MapVariable|https://w3id.org/physiomap/Trait
alveolar_surface_tension	true	https://w3id.org/physiomap/ContinuantTrait|https://w3id.org/physiomap/MapVariable|https://w3id.org/physiomap/Trait
alveolar_surfactant_amount	true	https://w3id.org/physiomap/ContinuantTrait|https://w3id.org/physiomap/MapVariable|https://w3id.org/physiomap/Trait
alveolar_surfactant_concentration	true	https://w3id.org/physiomap/ContinuantTrait|https://w3id.org/physiomap/MapVariable|https://w3id.org/physiomap/Trait
alveolar_ventilation	true	https://w3id.org/physiomap/MapVariable|https://w3id.org/physiomap/ProcessTrait|https://w3id.org/physiomap/Trait
amacr_activity	true	https://w3id.org/physiomap/ContinuantTrait|https://w3id.org/physiomap/MapVariable|https://w3id.org/physiomap/Trait
amyloid_protein_aggregate_amount	true	https://w3id.org/physiomap/ContinuantTrait|https://w3id.org/physiomap/MapVariable|https://w3id.org/physiomap/Trait
anatomic_dead_space_volume	true	https://w3id.org/physiomap/ContinuantTrait|https://w3id.org/physiomap/MapVariable|https://w3id.org/physiomap/Trait
angiotensin_I	true	https://w3id.org/physiomap/ContinuantTrait|https://w3id.org/physiomap/MapVariable|https://w3id.org/physiomap/Trait
angiotensin_II	true	https://w3id.org/physiomap/ContinuantTrait|https://w3id.org/physiomap/MapVariable|https://w3id.org/physiomap/Trait
anp	true	https://w3id.org/physiomap/ContinuantTrait|https://w3id.org/physiomap/MapVariable|https://w3id.org/physiomap/Trait
antithrombin	true	https://w3id.org/physiomap/ContinuantTrait|https://w3id.org/physiomap/MapVariable|https://w3id.org/physiomap/Trait
aortic_transvalvular_gradient	true	https://w3id.org/physiomap/ContinuantTrait|https://w3id.org/physiomap/MapVariable|https://w3id.org/physiomap/Trait
aprt_activity	true	https://w3id.org/physiomap/ContinuantTrait|https://w3id.org/physiomap/MapVariable|https://w3id.org/physiomap/Trait
aqueous_humor_formation_rate	true	https://w3id.org/physiomap/MapVariable|https://w3id.org/physiomap/ProcessTrait|https://w3id.org/physiomap/Trait
aqueous_humor_outflow_resistance	true	https://w3id.org/physiomap/ContinuantTrait|https://w3id.org/physiomap/MapVariable|https://w3id.org/physiomap/Trait
arginase_activity	true	https://w3id.org/physiomap/ContinuantTrait|https://w3id.org/physiomap/MapVariable|https://w3id.org/physiomap/Trait
argininosuccinate_synthetase_activity	true	https://w3id.org/physiomap/ContinuantTrait|https://w3id.org/physiomap/MapVariable|https://w3id.org/physiomap/Trait
aromatase_activity	true	https://w3id.org/physiomap/ContinuantTrait|https://w3id.org/physiomap/MapVariable|https://w3id.org/physiomap/Trait
arsa_activity	true	https://w3id.org/physiomap/ContinuantTrait|https://w3id.org/physiomap/MapVariable|https://w3id.org/physiomap/Trait
arterial_compliance	true	https://w3id.org/physiomap/ContinuantTrait|https://w3id.org/physiomap/MapVariable|https://w3id.org/physiomap/Trait
arterial_o2_content	true	https://w3id.org/physiomap/ContinuantTrait|https://w3id.org/physiomap/MapVariable|https://w3id.org/physiomap/Trait
arterial_pco2	true	https://w3id.org/physiomap/ContinuantTrait|https://w3id.org/physiomap/MapVariable|https://w3id.org/physiomap/Trait
arterial_ph	true	https://w3id.org/physiomap/ContinuantTrait|https://w3id.org/physiomap/MapVariable|https://w3id.org/physiomap/Trait
arterial_po2	true	https://w3id.org/physiomap/ContinuantTrait|https://w3id.org/physiomap/MapVariable|https://w3id.org/physiomap/Trait
arylsulfatase_a_activity	true	https://w3id.org/physiomap/ContinuantTrait|https://w3id.org/physiomap/MapVariable|https://w3id.org/physiomap/Trait
arylsulfatase_b_activity	true	https://w3id.org/physiomap/ContinuantTrait|https://w3id.org/physiomap/MapVariable|https://w3id.org/physiomap/Trait
asl_activity	true	https://w3id.org/physiomap/ContinuantTrait|https://w3id.org/physiomap/MapVariable|https://w3id.org/physiomap/Trait
asns_activity	true	https://w3id.org/physiomap/ContinuantTrait|https://w3id.org/physiomap/MapVariable|https://w3id.org/physiomap/Trait
aspartoacylase_activity	true	https://w3id.org/physiomap/ContinuantTrait|https://w3id.org/physiomap/MapVariable|https://w3id.org/physiomap/Trait
aspartylglucosaminidase_activity	true	https://w3id.org/physiomap/ContinuantTrait|https://w3id.org/physiomap/MapVariable|https://w3id.org/physiomap/Trait
at1_receptor_activity	true	https://w3id.org/physiomap/ContinuantTrait|https://w3id.org/physiomap/MapVariable|https://w3id.org/physiomap/Trait
atp7a_activity	true	https://w3id.org/physiomap/ContinuantTrait|https://w3id.org/physiomap/MapVariable|https://w3id.org/physiomap/Trait
atp7b_activity	true	https://w3id.org/physiomap/ContinuantTrait|https://w3id.org/physiomap/MapVariable|https://w3id.org/physiomap/Trait
atrial_cardiomyocyte_anp_secretion	true	https://w3id.org/physiomap/MapVariable|https://w3id.org/physiomap/ProcessTrait|https://w3id.org/physiomap/Trait
av_conduction_velocity	true	https://w3id.org/physiomap/MapVariable|https://w3id.org/physiomap/ProcessTrait|https://w3id.org/physiomap/Trait
b_cell_proliferation	true	https://w3id.org/physiomap/MapVariable|https://w3id.org/physiomap/ProcessTrait|https://w3id.org/physiomap/Trait
bace1_activity	true	https://w3id.org/physiomap/ContinuantTrait|https://w3id.org/physiomap/MapVariable|https://w3id.org/physiomap/Trait
baroreceptor_firing_rate	true	https://w3id.org/physiomap/MapVariable|https://w3id.org/physiomap/ProcessTrait|https://w3id.org/physiomap/Trait
bckdh_activity	true	https://w3id.org/physiomap/ContinuantTrait|https://w3id.org/physiomap/MapVariable|https://w3id.org/physiomap/Trait
bckdh_enzyme_activity	true	https://w3id.org/physiomap/ContinuantTrait|https://w3id.org/physiomap/MapVariable|https://w3id.org/physiomap/Trait
bcl_xl_level	true	https://w3id.org/physiomap/ContinuantTrait|https://w3id.org/physiomap/MapVariable|https://w3id.org/physiomap/Trait
bco1_activity	true	https://w3id.org/physiomap/ContinuantTrait|https://w3id.org/physiomap/MapVariable|https://w3id.org/physiomap/Trait
beta1_adrenergic_activation	true	https://w3id.org/physiomap/ContinuantTrait|https://w3id.org/physiomap/MapVariable|https://w3id.org/physiomap/Trait
beta1_adrenergic_chronotropic_responsiveness	true	https://w3id.org/physiomap/ContinuantTrait|https://w3id.org/physiomap/MapVariable|https://w3id.org/physiomap/Trait
beta_cell_glucokinase_activity	true	https://w3id.org/physiomap/ContinuantTrait|https://w3id.org/physiomap/MapVariable|https://w3id.org/physiomap/Trait
beta_cell_insulin_secretion	true	https://w3id.org/physiomap/MapVariable|https://w3id.org/physiomap/ProcessTrait|https://w3id.org/physiomap/Trait
beta_galactosidase_activity	true	https://w3id.org/physiomap/ContinuantTrait|https://w3id.org/physiomap/MapVariable|https://w3id.org/physiomap/Trait
beta_glucuronidase_activity	true	https://w3id.org/physiomap/ContinuantTrait|https://w3id.org/physiomap/MapVariable|https://w3id.org/physiomap/Trait
beta_hexosaminidase_a_activity	true	https://w3id.org/physiomap/ContinuantTrait|https://w3id.org/physiomap/MapVariable|https://w3id.org/physiomap/Trait
beta_hexosaminidase_b_activity	true	https://w3id.org/physiomap/ContinuantTrait|https://w3id.org/physiomap/MapVariable|https://w3id.org/physiomap/Trait
beta_ketothiolase_activity	true	https://w3id.org/physiomap/ContinuantTrait|https://w3id.org/physiomap/MapVariable|https://w3id.org/physiomap/Trait
beta_mannosidase_activity	true	https://w3id.org/physiomap/ContinuantTrait|https://w3id.org/physiomap/MapVariable|https://w3id.org/physiomap/Trait
beta_ureidopropionase_activity	true	https://w3id.org/physiomap/ContinuantTrait|https://w3id.org/physiomap/MapVariable|https://w3id.org/physiomap/Trait
biotinidase_activity	true	https://w3id.org/physiomap/ContinuantTrait|https://w3id.org/physiomap/MapVariable|https://w3id.org/physiomap/Trait
bisphosphoglycerate_mutase_activity	true	https://w3id.org/physiomap/ContinuantTrait|https://w3id.org/physiomap/MapVariable|https://w3id.org/physiomap/Trait
blood_base_excess	true	https://w3id.org/physiomap/ContinuantTrait|https://w3id.org/physiomap/MapVariable|https://w3id.org/physiomap/Trait
blood_bismuth	true	https://w3id.org/physiomap/ContinuantTrait|https://w3id.org/physiomap/MapVariable|https://w3id.org/physiomap/Trait
blood_cadmium	true	https://w3id.org/physiomap/ContinuantTrait|https://w3id.org/physiomap/MapVariable|https://w3id.org/physiomap/Trait
blood_carbon_monoxide	true	https://w3id.org/physiomap/ContinuantTrait|https://w3id.org/physiomap/MapVariable|https://w3id.org/physiomap/Trait
blood_co2_content	true	https://w3id.org/physiomap/ContinuantTrait|https://w3id.org/physiomap/MapVariable|https://w3id.org/physiomap/Trait
blood_colloidal_osmotic_pressure	true	https://w3id.org/physiomap/ContinuantTrait|https://w3id.org/physiomap/MapVariable|https://w3id.org/physiomap/Trait
blood_ethylene_glycol	true	https://w3id.org/physiomap/ContinuantTrait|https://w3id.org/physiomap/MapVariable|https://w3id.org/physiomap/Trait
blood_gas_barrier_thickness	true	https://w3id.org/physiomap/ContinuantTrait|https://w3id.org/physiomap/MapVariable|https://w3id.org/physiomap/Trait
blood_hemoglobin_concentration	true	https://w3id.org/physiomap/ContinuantTrait|https://w3id.org/physiomap/MapVariable|https://w3id.org/physiomap/Trait
blood_mercury	true	https://w3id.org/physiomap/ContinuantTrait|https://w3id.org/physiomap/MapVariable|https://w3id.org/physiomap/Trait
blood_platelet_count	true	https://w3id.org/physiomap/ContinuantTrait|https://w3id.org/physiomap/MapVariable|https://w3id.org/physiomap/Trait
blood_urea_nitrogen	true	https://w3id.org/physiomap/ContinuantTrait|https://w3id.org/physiomap/MapVariable|https://w3id.org/physiomap/Trait
blood_viral_load	true	https://w3id.org/physiomap/ContinuantTrait|https://w3id.org/physiomap/MapVariable|https://w3id.org/physiomap/Trait
blood_viscosity	true	https://w3id.org/physiomap/ContinuantTrait|https://w3id.org/physiomap/MapVariable|https://w3id.org/physiomap/Trait
blood_volume	true	https://w3id.org/physiomap/ContinuantTrait|https://w3id.org/physiomap/MapVariable|https://w3id.org/physiomap/Trait|https://w3id.org/physiomap/grouping/grouping-e97e96ed2cd261a70bea
bmp6_ligand	true	https://w3id.org/physiomap/ContinuantTrait|https://w3id.org/physiomap/MapVariable|https://w3id.org/physiomap/Trait
bmp_smad_signaling	true	https://w3id.org/physiomap/ContinuantTrait|https://w3id.org/physiomap/MapVariable|https://w3id.org/physiomap/Trait
body_fluid_immunoglobulin	true	https://w3id.org/physiomap/ContinuantTrait|https://w3id.org/physiomap/MapVariable|https://w3id.org/physiomap/Trait
body_weight	true	https://w3id.org/physiomap/ContinuantTrait|https://w3id.org/physiomap/MapVariable|https://w3id.org/physiomap/Trait|https://w3id.org/physiomap/grouping/grouping-98ec06964daf7a17eb36
bone_formation_rate	true	https://w3id.org/physiomap/MapVariable|https://w3id.org/physiomap/ProcessTrait|https://w3id.org/physiomap/Trait
bone_mass	true	https://w3id.org/physiomap/ContinuantTrait|https://w3id.org/physiomap/MapVariable|https://w3id.org/physiomap/Trait
bone_mineral_density	true	https://w3id.org/physiomap/ContinuantTrait|https://w3id.org/physiomap/MapVariable|https://w3id.org/physiomap/Trait
bowmans_capsule_pressure	true	https://w3id.org/physiomap/ContinuantTrait|https://w3id.org/physiomap/MapVariable|https://w3id.org/physiomap/Trait
brain_t4_concentration	true	https://w3id.org/physiomap/ContinuantTrait|https://w3id.org/physiomap/MapVariable|https://w3id.org/physiomap/Trait
breast_milk_zinc	true	https://w3id.org/physiomap/ContinuantTrait|https://w3id.org/physiomap/MapVariable|https://w3id.org/physiomap/Trait
bronchial_smooth_muscle_tone	true	https://w3id.org/physiomap/MapVariable|https://w3id.org/physiomap/ProcessTrait|https://w3id.org/physiomap/Trait
bronchiole_airflow	true	https://w3id.org/physiomap/MapVariable|https://w3id.org/physiomap/ProcessTrait|https://w3id.org/physiomap/Trait
bronchiole_diameter	true	https://w3id.org/physiomap/ContinuantTrait|https://w3id.org/physiomap/MapVariable|https://w3id.org/physiomap/Trait
bronchiole_smooth_muscle_tone	true	https://w3id.org/physiomap/ContinuantTrait|https://w3id.org/physiomap/MapVariable|https://w3id.org/physiomap/Trait
btk_kinase_activity	true	https://w3id.org/physiomap/ContinuantTrait|https://w3id.org/physiomap/MapVariable|https://w3id.org/physiomap/Trait
c27_3beta_hsd_activity	true	https://w3id.org/physiomap/ContinuantTrait|https://w3id.org/physiomap/MapVariable|https://w3id.org/physiomap/Trait
c_reactive_protein	true	https://w3id.org/physiomap/ContinuantTrait|https://w3id.org/physiomap/MapVariable|https://w3id.org/physiomap/Trait
cact_activity	true	https://w3id.org/physiomap/ContinuantTrait|https://w3id.org/physiomap/MapVariable|https://w3id.org/physiomap/Trait
calcineurin_activity	true	https://w3id.org/physiomap/ContinuantTrait|https://w3id.org/physiomap/MapVariable|https://w3id.org/physiomap/Trait
calcitriol	true	https://w3id.org/physiomap/ContinuantTrait|https://w3id.org/physiomap/MapVariable|https://w3id.org/physiomap/Trait
camp_level	true	https://w3id.org/physiomap/ContinuantTrait|https://w3id.org/physiomap/MapVariable|https://w3id.org/physiomap/Trait
capillary_filtration_rate	true	https://w3id.org/physiomap/MapVariable|https://w3id.org/physiomap/ProcessTrait|https://w3id.org/physiomap/Trait
capillary_hydrostatic_pressure	true	https://w3id.org/physiomap/ContinuantTrait|https://w3id.org/physiomap/MapVariable|https://w3id.org/physiomap/Trait
capillary_permeability	true	https://w3id.org/physiomap/ContinuantTrait|https://w3id.org/physiomap/MapVariable|https://w3id.org/physiomap/Trait
carbamoylphosphate_synthetase_1_activity	true	https://w3id.org/physiomap/ContinuantTrait|https://w3id.org/physiomap/MapVariable|https://w3id.org/physiomap/Trait
carbonic_anhydrase_ii_activity	true	https://w3id.org/physiomap/ContinuantTrait|https://w3id.org/physiomap/MapVariable|https://w3id.org/physiomap/Trait
carboxyhemoglobin	true	https://w3id.org/physiomap/ContinuantTrait|https://w3id.org/physiomap/MapVariable|https://w3id.org/physiomap/Trait
carboxylesterase_1_activity	true	https://w3id.org/physiomap/ContinuantTrait|https://w3id.org/physiomap/MapVariable|https://w3id.org/physiomap/Trait
carboxypeptidase_n_activity	true	https://w3id.org/physiomap/ContinuantTrait|https://w3id.org/physiomap/MapVariable|https://w3id.org/physiomap/Trait
cardiac_index	true	https://w3id.org/physiomap/MapVariable|https://w3id.org/physiomap/ProcessTrait|https://w3id.org/physiomap/Trait
cardiac_muscle_metabolic_rate	true	https://w3id.org/physiomap/MapVariable|https://w3id.org/physiomap/ProcessTrait|https://w3id.org/physiomap/Trait
cardiac_output	true	https://w3id.org/physiomap/MapVariable|https://w3id.org/physiomap/ProcessTrait|https://w3id.org/physiomap/Trait
cardiomyocyte_intracellular_sodium	true	https://w3id.org/physiomap/ContinuantTrait|https://w3id.org/physiomap/MapVariable|https://w3id.org/physiomap/Trait
caspase_1_activity	true	https://w3id.org/physiomap/ContinuantTrait|https://w3id.org/physiomap/MapVariable|https://w3id.org/physiomap/Trait
casr_activity	true	https://w3id.org/physiomap/ContinuantTrait|https://w3id.org/physiomap/MapVariable|https://w3id.org/physiomap/Trait
catalase_activity	true	https://w3id.org/physiomap/ContinuantTrait|https://w3id.org/physiomap/MapVariable|https://w3id.org/physiomap/Trait
cathepsin_d_activity	true	https://w3id.org/physiomap/ContinuantTrait|https://w3id.org/physiomap/MapVariable|https://w3id.org/physiomap/Trait
cavernosal_smooth_muscle_tone	true	https://w3id.org/physiomap/ContinuantTrait|https://w3id.org/physiomap/MapVariable|https://w3id.org/physiomap/Trait
cbs_enzyme_activity	true	https://w3id.org/physiomap/ContinuantTrait|https://w3id.org/physiomap/MapVariable|https://w3id.org/physiomap/Trait
cd40l_signaling_activity	true	https://w3id.org/physiomap/ContinuantTrait|https://w3id.org/physiomap/MapVariable|https://w3id.org/physiomap/Trait
cd4_t_cell_count	true	https://w3id.org/physiomap/ContinuantTrait|https://w3id.org/physiomap/MapVariable|https://w3id.org/physiomap/Trait
cell_membrane_potential	true	https://w3id.org/physiomap/ContinuantTrait|https://w3id.org/physiomap/MapVariable|https://w3id.org/physiomap/Trait
cellular_adp_level	true	https://w3id.org/physiomap/ContinuantTrait|https://w3id.org/physiomap/MapVariable|https://w3id.org/physiomap/Trait
cellular_atp_level	true	https://w3id.org/physiomap/ContinuantTrait|https://w3id.org/physiomap/MapVariable|https://w3id.org/physiomap/Trait
cellular_autophagy_rate	true	https://w3id.org/physiomap/MapVariable|https://w3id.org/physiomap/ProcessTrait|https://w3id.org/physiomap/Trait
cellular_cobalamin_uptake	true	https://w3id.org/physiomap/MapVariable|https://w3id.org/physiomap/ProcessTrait|https://w3id.org/physiomap/Trait
cellular_fadh2	true	https://w3id.org/physiomap/ContinuantTrait|https://w3id.org/physiomap/MapVariable|https://w3id.org/physiomap/Trait
cellular_nadh	true	https://w3id.org/physiomap/ContinuantTrait|https://w3id.org/physiomap/MapVariable|https://w3id.org/physiomap/Trait
cellular_potassium_uptake	true	https://w3id.org/physiomap/MapVariable|https://w3id.org/physiomap/ProcessTrait|https://w3id.org/physiomap/Trait
cellular_replicative_capacity	true	https://w3id.org/physiomap/MapVariable|https://w3id.org/physiomap/ProcessTrait|https://w3id.org/physiomap/Trait
cerebral_blood_flow	true	https://w3id.org/physiomap/MapVariable|https://w3id.org/physiomap/ProcessTrait|https://w3id.org/physiomap/Trait
cervical_distension	true	https://w3id.org/physiomap/ContinuantTrait|https://w3id.org/physiomap/MapVariable|https://w3id.org/physiomap/Trait
cftr_activity	true	https://w3id.org/physiomap/ContinuantTrait|https://w3id.org/physiomap/MapVariable|https://w3id.org/physiomap/Trait
cgamp_concentration	true	https://w3id.org/physiomap/ContinuantTrait|https://w3id.org/physiomap/MapVariable|https://w3id.org/physiomap/Trait
cgas_activity	true	https://w3id.org/physiomap/ContinuantTrait|https://w3id.org/physiomap/MapVariable|https://w3id.org/physiomap/Trait
chemoreceptor_drive	true	https://w3id.org/physiomap/MapVariable|https://w3id.org/physiomap/ProcessTrait|https://w3id.org/physiomap/Trait
chitotriosidase_activity	true	https://w3id.org/physiomap/ContinuantTrait|https://w3id.org/physiomap/MapVariable|https://w3id.org/physiomap/Trait
cholesterol_esterification_rate	true	https://w3id.org/physiomap/MapVariable|https://w3id.org/physiomap/ProcessTrait|https://w3id.org/physiomap/Trait
citrate_synthase_activity	true	https://w3id.org/physiomap/ContinuantTrait|https://w3id.org/physiomap/MapVariable|https://w3id.org/physiomap/Trait
cndp1_activity	true	https://w3id.org/physiomap/ContinuantTrait|https://w3id.org/physiomap/MapVariable|https://w3id.org/physiomap/Trait
cnt1_activity	true	https://w3id.org/physiomap/MapVariable|https://w3id.org/physiomap/ProcessTrait|https://w3id.org/physiomap/Trait
co2_production	true	https://w3id.org/physiomap/MapVariable|https://w3id.org/physiomap/ProcessTrait|https://w3id.org/physiomap/Trait
collecting_duct_water_permeability	true	https://w3id.org/physiomap/ContinuantTrait|https://w3id.org/physiomap/MapVariable|https://w3id.org/physiomap/Trait
comt_activity	true	https://w3id.org/physiomap/ContinuantTrait|https://w3id.org/physiomap/MapVariable|https://w3id.org/physiomap/Trait
coproporphyrinogen_oxidase_activity	true	https://w3id.org/physiomap/ContinuantTrait|https://w3id.org/physiomap/MapVariable|https://w3id.org/physiomap/Trait
coq2_activity	true	https://w3id.org/physiomap/ContinuantTrait|https://w3id.org/physiomap/MapVariable|https://w3id.org/physiomap/Trait
core_temperature	true	https://w3id.org/physiomap/ContinuantTrait|https://w3id.org/physiomap/MapVariable|https://w3id.org/physiomap/Trait
coronary_blood_flow	true	https://w3id.org/physiomap/MapVariable|https://w3id.org/physiomap/ProcessTrait|https://w3id.org/physiomap/Trait
corticotroph_acth_secretion	true	https://w3id.org/physiomap/MapVariable|https://w3id.org/physiomap/ProcessTrait|https://w3id.org/physiomap/Trait
cortisol	true	https://w3id.org/physiomap/ContinuantTrait|https://w3id.org/physiomap/MapVariable|https://w3id.org/physiomap/Trait
cosmc_chaperone_activity	true	https://w3id.org/physiomap/ContinuantTrait|https://w3id.org/physiomap/MapVariable|https://w3id.org/physiomap/Trait
cox_1_activity	true	https://w3id.org/physiomap/ContinuantTrait|https://w3id.org/physiomap/MapVariable|https://w3id.org/physiomap/Trait
cox_2_activity	true	https://w3id.org/physiomap/ContinuantTrait|https://w3id.org/physiomap/MapVariable|https://w3id.org/physiomap/Trait
cpt1_activity	true	https://w3id.org/physiomap/ContinuantTrait|https://w3id.org/physiomap/MapVariable|https://w3id.org/physiomap/Trait
cpt2_activity	true	https://w3id.org/physiomap/ContinuantTrait|https://w3id.org/physiomap/MapVariable|https://w3id.org/physiomap/Trait
creatine_kinase_activity	true	https://w3id.org/physiomap/ContinuantTrait|https://w3id.org/physiomap/MapVariable|https://w3id.org/physiomap/Trait
crh	true	https://w3id.org/physiomap/ContinuantTrait|https://w3id.org/physiomap/MapVariable|https://w3id.org/physiomap/Trait
csf_14_3_3	true	https://w3id.org/physiomap/ContinuantTrait|https://w3id.org/physiomap/MapVariable|https://w3id.org/physiomap/Trait
csf_2_hydroxyglutarate	true	https://w3id.org/physiomap/ContinuantTrait|https://w3id.org/physiomap/MapVariable|https://w3id.org/physiomap/Trait
csf_4_hydroxybutyrate	true	https://w3id.org/physiomap/ContinuantTrait|https://w3id.org/physiomap/MapVariable|https://w3id.org/physiomap/Trait
csf_5_hydroxymethyluracil	true	https://w3id.org/physiomap/ContinuantTrait|https://w3id.org/physiomap/MapVariable|https://w3id.org/physiomap/Trait
csf_5hiaa	true	https://w3id.org/physiomap/ContinuantTrait|https://w3id.org/physiomap/MapVariable|https://w3id.org/physiomap/Trait
csf_5mthf	true	https://w3id.org/physiomap/ContinuantTrait|https://w3id.org/physiomap/MapVariable|https://w3id.org/physiomap/Trait
csf_ace	true	https://w3id.org/physiomap/ContinuantTrait|https://w3id.org/physiomap/MapVariable|https://w3id.org/physiomap/Trait
csf_aica	true	https://w3id.org/physiomap/ContinuantTrait|https://w3id.org/physiomap/MapVariable|https://w3id.org/physiomap/Trait
csf_alanine	true	https://w3id.org/physiomap/ContinuantTrait|https://w3id.org/physiomap/MapVariable|https://w3id.org/physiomap/Trait
csf_albumin	true	https://w3id.org/physiomap/ContinuantTrait|https://w3id.org/physiomap/MapVariable|https://w3id.org/physiomap/Trait
csf_alloisoleucine	true	https://w3id.org/physiomap/ContinuantTrait|https://w3id.org/physiomap/MapVariable|https://w3id.org/physiomap/Trait
csf_alpha_aminobutyrate	true	https://w3id.org/physiomap/ContinuantTrait|https://w3id.org/physiomap/MapVariable|https://w3id.org/physiomap/Trait
csf_alpha_crystallin_b	true	https://w3id.org/physiomap/ContinuantTrait|https://w3id.org/physiomap/MapVariable|https://w3id.org/physiomap/Trait
csf_alpha_ketoglutarate	true	https://w3id.org/physiomap/ContinuantTrait|https://w3id.org/physiomap/MapVariable|https://w3id.org/physiomap/Trait
csf_ammonia	true	https://w3id.org/physiomap/ContinuantTrait|https://w3id.org/physiomap/MapVariable|https://w3id.org/physiomap/Trait
csf_amyloid_beta	true	https://w3id.org/physiomap/ContinuantTrait|https://w3id.org/physiomap/MapVariable|https://w3id.org/physiomap/Trait
csf_amyloid_beta_40	true	https://w3id.org/physiomap/ContinuantTrait|https://w3id.org/physiomap/MapVariable|https://w3id.org/physiomap/Trait
csf_amyloid_beta_42	true	https://w3id.org/physiomap/ContinuantTrait|https://w3id.org/physiomap/MapVariable|https://w3id.org/physiomap/Trait
csf_apolipoprotein_b	true	https://w3id.org/physiomap/ContinuantTrait|https://w3id.org/physiomap/MapVariable|https://w3id.org/physiomap/Trait
csf_arginine	true	https://w3id.org/physiomap/ContinuantTrait|https://w3id.org/physiomap/MapVariable|https://w3id.org/physiomap/Trait
csf_argininosuccinate	true	https://w3id.org/physiomap/ContinuantTrait|https://w3id.org/physiomap/MapVariable|https://w3id.org/physiomap/Trait
csf_asparagine	true	https://w3id.org/physiomap/ContinuantTrait|https://w3id.org/physiomap/MapVariable|https://w3id.org/physiomap/Trait
csf_aspartate	true	https://w3id.org/physiomap/ContinuantTrait|https://w3id.org/physiomap/MapVariable|https://w3id.org/physiomap/Trait
csf_aspartylglucosamine	true	https://w3id.org/physiomap/ContinuantTrait|https://w3id.org/physiomap/MapVariable|https://w3id.org/physiomap/Trait
csf_beta_alanine	true	https://w3id.org/physiomap/ContinuantTrait|https://w3id.org/physiomap/MapVariable|https://w3id.org/physiomap/Trait
csf_beta_hcg	true	https://w3id.org/physiomap/ContinuantTrait|https://w3id.org/physiomap/MapVariable|https://w3id.org/physiomap/Trait
csf_bicarbonate	true	https://w3id.org/physiomap/ContinuantTrait|https://w3id.org/physiomap/MapVariable|https://w3id.org/physiomap/Trait
csf_biopterin	true	https://w3id.org/physiomap/ContinuantTrait|https://w3id.org/physiomap/MapVariable|https://w3id.org/physiomap/Trait
csf_chi3l1	true	https://w3id.org/physiomap/ContinuantTrait|https://w3id.org/physiomap/MapVariable|https://w3id.org/physiomap/Trait
csf_chitotriosidase	true	https://w3id.org/physiomap/ContinuantTrait|https://w3id.org/physiomap/MapVariable|https://w3id.org/physiomap/Trait
csf_cholestanol	true	https://w3id.org/physiomap/ContinuantTrait|https://w3id.org/physiomap/MapVariable|https://w3id.org/physiomap/Trait
csf_citrulline	true	https://w3id.org/physiomap/ContinuantTrait|https://w3id.org/physiomap/MapVariable|https://w3id.org/physiomap/Trait
csf_creatine	true	https://w3id.org/physiomap/ContinuantTrait|https://w3id.org/physiomap/MapVariable|https://w3id.org/physiomap/Trait
csf_creatinine	true	https://w3id.org/physiomap/ContinuantTrait|https://w3id.org/physiomap/MapVariable|https://w3id.org/physiomap/Trait
csf_cystathionine	true	https://w3id.org/physiomap/ContinuantTrait|https://w3id.org/physiomap/MapVariable|https://w3id.org/physiomap/Trait
csf_cystine	true	https://w3id.org/physiomap/ContinuantTrait|https://w3id.org/physiomap/MapVariable|https://w3id.org/physiomap/Trait
csf_d_glycerate	true	https://w3id.org/physiomap/ContinuantTrait|https://w3id.org/physiomap/MapVariable|https://w3id.org/physiomap/Trait
csf_d_threitol	true	https://w3id.org/physiomap/ContinuantTrait|https://w3id.org/physiomap/MapVariable|https://w3id.org/physiomap/Trait
csf_dihydrobiopterin	true	https://w3id.org/physiomap/ContinuantTrait|https://w3id.org/physiomap/MapVariable|https://w3id.org/physiomap/Trait
csf_dihydrothymine	true	https://w3id.org/physiomap/ContinuantTrait|https://w3id.org/physiomap/MapVariable|https://w3id.org/physiomap/Trait
csf_dihydrouracil	true	https://w3id.org/physiomap/ContinuantTrait|https://w3id.org/physiomap/MapVariable|https://w3id.org/physiomap/Trait
csf_dopa	true	https://w3id.org/physiomap/ContinuantTrait|https://w3id.org/physiomap/MapVariable|https://w3id.org/physiomap/Trait
csf_dopamine	true	https://w3id.org/physiomap/ContinuantTrait|https://w3id.org/physiomap/MapVariable|https://w3id.org/physiomap/Trait
csf_epinephrine	true	https://w3id.org/physiomap/ContinuantTrait|https://w3id.org/physiomap/MapVariable|https://w3id.org/physiomap/Trait
csf_erythritol	true	https://w3id.org/physiomap/ContinuantTrait|https://w3id.org/physiomap/MapVariable|https://w3id.org/physiomap/Trait
csf_folate	true	https://w3id.org/physiomap/ContinuantTrait|https://w3id.org/physiomap/MapVariable|https://w3id.org/physiomap/Trait
csf_fumarate	true	https://w3id.org/physiomap/ContinuantTrait|https://w3id.org/physiomap/MapVariable|https://w3id.org/physiomap/Trait
csf_gaba	true	https://w3id.org/physiomap/ContinuantTrait|https://w3id.org/physiomap/MapVariable|https://w3id.org/physiomap/Trait
csf_gfap	true	https://w3id.org/physiomap/ContinuantTrait|https://w3id.org/physiomap/MapVariable|https://w3id.org/physiomap/Trait
csf_glucose	true	https://w3id.org/physiomap/ContinuantTrait|https://w3id.org/physiomap/MapVariable|https://w3id.org/physiomap/Trait
csf_glutamate	true	https://w3id.org/physiomap/ContinuantTrait|https://w3id.org/physiomap/MapVariable|https://w3id.org/physiomap/Trait
csf_glutamine	true	https://w3id.org/physiomap/ContinuantTrait|https://w3id.org/physiomap/MapVariable|https://w3id.org/physiomap/Trait
csf_glycine	true	https://w3id.org/physiomap/ContinuantTrait|https://w3id.org/physiomap/MapVariable|https://w3id.org/physiomap/Trait
csf_guanidinoacetate	true	https://w3id.org/physiomap/ContinuantTrait|https://w3id.org/physiomap/MapVariable|https://w3id.org/physiomap/Trait
csf_histidine	true	https://w3id.org/physiomap/ContinuantTrait|https://w3id.org/physiomap/MapVariable|https://w3id.org/physiomap/Trait
csf_homocarnosine	true	https://w3id.org/physiomap/ContinuantTrait|https://w3id.org/physiomap/MapVariable|https://w3id.org/physiomap/Trait
csf_homovanillic_acid	true	https://w3id.org/physiomap/ContinuantTrait|https://w3id.org/physiomap/MapVariable|https://w3id.org/physiomap/Trait
csf_hva	true	https://w3id.org/physiomap/ContinuantTrait|https://w3id.org/physiomap/MapVariable|https://w3id.org/physiomap/Trait
csf_hydroxyproline	true	https://w3id.org/physiomap/ContinuantTrait|https://w3id.org/physiomap/MapVariable|https://w3id.org/physiomap/Trait
csf_interferon_alpha	true	https://w3id.org/physiomap/ContinuantTrait|https://w3id.org/physiomap/MapVariable|https://w3id.org/physiomap/Trait
csf_isoleucine	true	https://w3id.org/physiomap/ContinuantTrait|https://w3id.org/physiomap/MapVariable|https://w3id.org/physiomap/Trait
csf_l_2_hydroxyglutarate	true	https://w3id.org/physiomap/ContinuantTrait|https://w3id.org/physiomap/MapVariable|https://w3id.org/physiomap/Trait
csf_lactate	true	https://w3id.org/physiomap/ContinuantTrait|https://w3id.org/physiomap/MapVariable|https://w3id.org/physiomap/Trait
csf_leucine	true	https://w3id.org/physiomap/ContinuantTrait|https://w3id.org/physiomap/MapVariable|https://w3id.org/physiomap/Trait
csf_lysine	true	https://w3id.org/physiomap/ContinuantTrait|https://w3id.org/physiomap/MapVariable|https://w3id.org/physiomap/Trait
csf_mbp	true	https://w3id.org/physiomap/ContinuantTrait|https://w3id.org/physiomap/MapVariable|https://w3id.org/physiomap/Trait
csf_metanephrine	true	https://w3id.org/physiomap/ContinuantTrait|https://w3id.org/physiomap/MapVariable|https://w3id.org/physiomap/Trait
csf_methionine	true	https://w3id.org/physiomap/ContinuantTrait|https://w3id.org/physiomap/MapVariable|https://w3id.org/physiomap/Trait
csf_mhpg_aldehyde	true	https://w3id.org/physiomap/ContinuantTrait|https://w3id.org/physiomap/MapVariable|https://w3id.org/physiomap/Trait
csf_n_acetylaspartate	true	https://w3id.org/physiomap/ContinuantTrait|https://w3id.org/physiomap/MapVariable|https://w3id.org/physiomap/Trait
csf_n_carbamyl_beta_alanine	true	https://w3id.org/physiomap/ContinuantTrait|https://w3id.org/physiomap/MapVariable|https://w3id.org/physiomap/Trait
csf_n_carbamyl_beta_aminoisobutyrate	true	https://w3id.org/physiomap/ContinuantTrait|https://w3id.org/physiomap/MapVariable|https://w3id.org/physiomap/Trait
csf_naag	true	https://w3id.org/physiomap/ContinuantTrait|https://w3id.org/physiomap/MapVariable|https://w3id.org/physiomap/Trait
csf_neopterin	true	https://w3id.org/physiomap/ContinuantTrait|https://w3id.org/physiomap/MapVariable|https://w3id.org/physiomap/Trait
csf_nfl	true	https://w3id.org/physiomap/ContinuantTrait|https://w3id.org/physiomap/MapVariable|https://w3id.org/physiomap/Trait
csf_norepinephrine	true	https://w3id.org/physiomap/ContinuantTrait|https://w3id.org/physiomap/MapVariable|https://w3id.org/physiomap/Trait
csf_ornithine	true	https://w3id.org/physiomap/ContinuantTrait|https://w3id.org/physiomap/MapVariable|https://w3id.org/physiomap/Trait
csf_ph	true	https://w3id.org/physiomap/ContinuantTrait|https://w3id.org/physiomap/MapVariable|https://w3id.org/physiomap/Trait
csf_phenylalanine	true	https://w3id.org/physiomap/ContinuantTrait|https://w3id.org/physiomap/MapVariable|https://w3id.org/physiomap/Trait
csf_production_rate	true	https://w3id.org/physiomap/MapVariable|https://w3id.org/physiomap/ProcessTrait|https://w3id.org/physiomap/Trait
csf_proline	true	https://w3id.org/physiomap/ContinuantTrait|https://w3id.org/physiomap/MapVariable|https://w3id.org/physiomap/Trait
csf_protein	true	https://w3id.org/physiomap/ContinuantTrait|https://w3id.org/physiomap/MapVariable|https://w3id.org/physiomap/Trait
csf_pyridoxal_phosphate	true	https://w3id.org/physiomap/ContinuantTrait|https://w3id.org/physiomap/MapVariable|https://w3id.org/physiomap/Trait
csf_ribitol	true	https://w3id.org/physiomap/ContinuantTrait|https://w3id.org/physiomap/MapVariable|https://w3id.org/physiomap/Trait
csf_ribose	true	https://w3id.org/physiomap/ContinuantTrait|https://w3id.org/physiomap/MapVariable|https://w3id.org/physiomap/Trait
csf_saccharopine	true	https://w3id.org/physiomap/ContinuantTrait|https://w3id.org/physiomap/MapVariable|https://w3id.org/physiomap/Trait
csf_sarcosine	true	https://w3id.org/physiomap/ContinuantTrait|https://w3id.org/physiomap/MapVariable|https://w3id.org/physiomap/Trait
csf_sepiapterin	true	https://w3id.org/physiomap/ContinuantTrait|https://w3id.org/physiomap/MapVariable|https://w3id.org/physiomap/Trait
csf_serine	true	https://w3id.org/physiomap/ContinuantTrait|https://w3id.org/physiomap/MapVariable|https://w3id.org/physiomap/Trait
csf_taurine	true	https://w3id.org/physiomap/ContinuantTrait|https://w3id.org/physiomap/MapVariable|https://w3id.org/physiomap/Trait
csf_tetrahydrobiopterin	true	https://w3id.org/physiomap/ContinuantTrait|https://w3id.org/physiomap/MapVariable|https://w3id.org/physiomap/Trait
csf_threonine	true	https://w3id.org/physiomap/ContinuantTrait|https://w3id.org/physiomap/MapVariable|https://w3id.org/physiomap/Trait
csf_thymine	true	https://w3id.org/physiomap/ContinuantTrait|https://w3id.org/physiomap/MapVariable|https://w3id.org/physiomap/Trait
csf_tryptophan	true	https://w3id.org/physiomap/ContinuantTrait|https://w3id.org/physiomap/MapVariable|https://w3id.org/physiomap/Trait
csf_tyrosine	true	https://w3id.org/physiomap/ContinuantTrait|https://w3id.org/physiomap/MapVariable|https://w3id.org/physiomap/Trait
csf_uracil	true	https://w3id.org/physiomap/ContinuantTrait|https://w3id.org/physiomap/MapVariable|https://w3id.org/physiomap/Trait
csf_urate	true	https://w3id.org/physiomap/ContinuantTrait|https://w3id.org/physiomap/MapVariable|https://w3id.org/physiomap/Trait
csf_valine	true	https://w3id.org/physiomap/ContinuantTrait|https://w3id.org/physiomap/MapVariable|https://w3id.org/physiomap/Trait
csf_xylitol	true	https://w3id.org/physiomap/ContinuantTrait|https://w3id.org/physiomap/MapVariable|https://w3id.org/physiomap/Trait
cyp11b1_activity	true	https://w3id.org/physiomap/ContinuantTrait|https://w3id.org/physiomap/MapVariable|https://w3id.org/physiomap/Trait
cyp11b2_activity	true	https://w3id.org/physiomap/ContinuantTrait|https://w3id.org/physiomap/MapVariable|https://w3id.org/physiomap/Trait
cyp17a1_activity	true	https://w3id.org/physiomap/ContinuantTrait|https://w3id.org/physiomap/MapVariable|https://w3id.org/physiomap/Trait
cyp21a2_activity	true	https://w3id.org/physiomap/ContinuantTrait|https://w3id.org/physiomap/MapVariable|https://w3id.org/physiomap/Trait
cyp2a6_activity	true	https://w3id.org/physiomap/ContinuantTrait|https://w3id.org/physiomap/MapVariable|https://w3id.org/physiomap/Trait
cyp7a1_activity	true	https://w3id.org/physiomap/ContinuantTrait|https://w3id.org/physiomap/MapVariable|https://w3id.org/physiomap/Trait
cystathionine_gamma_lyase_activity	true	https://w3id.org/physiomap/ContinuantTrait|https://w3id.org/physiomap/MapVariable|https://w3id.org/physiomap/Trait
cystinosin_activity	true	https://w3id.org/physiomap/ContinuantTrait|https://w3id.org/physiomap/MapVariable|https://w3id.org/physiomap/Trait
cystinosin_transport_activity	true	https://w3id.org/physiomap/ContinuantTrait|https://w3id.org/physiomap/MapVariable|https://w3id.org/physiomap/Trait
cytochrome_b5_reductase_activity	true	https://w3id.org/physiomap/ContinuantTrait|https://w3id.org/physiomap/MapVariable|https://w3id.org/physiomap/Trait
cytosolic_calcium_transient	true	https://w3id.org/physiomap/ContinuantTrait|https://w3id.org/physiomap/MapVariable|https://w3id.org/physiomap/Trait
d2hgdh_activity	true	https://w3id.org/physiomap/ContinuantTrait|https://w3id.org/physiomap/MapVariable|https://w3id.org/physiomap/Trait
d_bifunctional_protein_activity	true	https://w3id.org/physiomap/ContinuantTrait|https://w3id.org/physiomap/MapVariable|https://w3id.org/physiomap/Trait
dbh_activity	true	https://w3id.org/physiomap/ContinuantTrait|https://w3id.org/physiomap/MapVariable|https://w3id.org/physiomap/Trait
dcxr_activity	true	https://w3id.org/physiomap/ContinuantTrait|https://w3id.org/physiomap/MapVariable|https://w3id.org/physiomap/Trait
dead_space_fraction	true	https://w3id.org/physiomap/ContinuantTrait|https://w3id.org/physiomap/MapVariable|https://w3id.org/physiomap/Trait
dead_space_ventilation	true	https://w3id.org/physiomap/MapVariable|https://w3id.org/physiomap/ProcessTrait|https://w3id.org/physiomap/Trait
delta_cell_somatostatin_secretion	true	https://w3id.org/physiomap/MapVariable|https://w3id.org/physiomap/ProcessTrait|https://w3id.org/physiomap/Trait
dendritic_cell_activation	true	https://w3id.org/physiomap/MapVariable|https://w3id.org/physiomap/ProcessTrait|https://w3id.org/physiomap/Trait
dhapat_activity	true	https://w3id.org/physiomap/ContinuantTrait|https://w3id.org/physiomap/MapVariable|https://w3id.org/physiomap/Trait
dhcr24_activity	true	https://w3id.org/physiomap/ContinuantTrait|https://w3id.org/physiomap/MapVariable|https://w3id.org/physiomap/Trait
dhcr7_activity	true	https://w3id.org/physiomap/ContinuantTrait|https://w3id.org/physiomap/MapVariable|https://w3id.org/physiomap/Trait
dhtkd1_activity	true	https://w3id.org/physiomap/ContinuantTrait|https://w3id.org/physiomap/MapVariable|https://w3id.org/physiomap/Trait
diastolic_blood_pressure	true	https://w3id.org/physiomap/ContinuantTrait|https://w3id.org/physiomap/MapVariable|https://w3id.org/physiomap/Trait
dienoyl_coa_reductase_activity	true	https://w3id.org/physiomap/ContinuantTrait|https://w3id.org/physiomap/MapVariable|https://w3id.org/physiomap/Trait
dietary_linoleic_acid_intake	true	https://w3id.org/physiomap/ContinuantTrait|https://w3id.org/physiomap/MapVariable|https://w3id.org/physiomap/Trait
dietary_linolenic_acid_intake	true	https://w3id.org/physiomap/ContinuantTrait|https://w3id.org/physiomap/MapVariable|https://w3id.org/physiomap/Trait
dihydropyrimidinase_activity	true	https://w3id.org/physiomap/ContinuantTrait|https://w3id.org/physiomap/MapVariable|https://w3id.org/physiomap/Trait
dihydropyrimidine_dehydrogenase_activity	true	https://w3id.org/physiomap/ContinuantTrait|https://w3id.org/physiomap/MapVariable|https://w3id.org/physiomap/Trait
distal_tubular_flow_rate	true	https://w3id.org/physiomap/MapVariable|https://w3id.org/physiomap/ProcessTrait|https://w3id.org/physiomap/Trait
dmgdh_activity	true	https://w3id.org/physiomap/ContinuantTrait|https://w3id.org/physiomap/MapVariable|https://w3id.org/physiomap/Trait
ductus_arteriosus_patency	true	https://w3id.org/physiomap/ContinuantTrait|https://w3id.org/physiomap/MapVariable|https://w3id.org/physiomap/Trait
duodenal_carboxypeptidase_activity	true	https://w3id.org/physiomap/ContinuantTrait|https://w3id.org/physiomap/MapVariable|https://w3id.org/physiomap/Trait
duodenal_chyme_acidity	true	https://w3id.org/physiomap/ContinuantTrait|https://w3id.org/physiomap/MapVariable|https://w3id.org/physiomap/Trait
duodenal_chymotrypsin_activity	true	https://w3id.org/physiomap/ContinuantTrait|https://w3id.org/physiomap/MapVariable|https://w3id.org/physiomap/Trait
duodenal_elastase_activity	true	https://w3id.org/physiomap/ContinuantTrait|https://w3id.org/physiomap/MapVariable|https://w3id.org/physiomap/Trait
duodenal_lipase_activity	true	https://w3id.org/physiomap/ContinuantTrait|https://w3id.org/physiomap/MapVariable|https://w3id.org/physiomap/Trait
duodenal_trypsin_activity	true	https://w3id.org/physiomap/ContinuantTrait|https://w3id.org/physiomap/MapVariable|https://w3id.org/physiomap/Trait
duox_activity	true	https://w3id.org/physiomap/ContinuantTrait|https://w3id.org/physiomap/MapVariable|https://w3id.org/physiomap/Trait
dystrophin_level	true	https://w3id.org/physiomap/ContinuantTrait|https://w3id.org/physiomap/MapVariable|https://w3id.org/physiomap/Trait
eaat3_activity	true	https://w3id.org/physiomap/ContinuantTrait|https://w3id.org/physiomap/MapVariable|https://w3id.org/physiomap/Trait
ebp_activity	true	https://w3id.org/physiomap/ContinuantTrait|https://w3id.org/physiomap/MapVariable|https://w3id.org/physiomap/Trait
ecg_qrs_voltage	true	https://w3id.org/physiomap/ContinuantTrait|https://w3id.org/physiomap/MapVariable|https://w3id.org/physiomap/Trait
echs1_activity	true	https://w3id.org/physiomap/ContinuantTrait|https://w3id.org/physiomap/MapVariable|https://w3id.org/physiomap/Trait
efferent_arteriolar_resistance	true	https://w3id.org/physiomap/ContinuantTrait|https://w3id.org/physiomap/MapVariable|https://w3id.org/physiomap/Trait
eg_mesangial_contraction	true	https://w3id.org/physiomap/ContinuantTrait|https://w3id.org/physiomap/MapVariable|https://w3id.org/physiomap/Trait
egfr_activity	true	https://w3id.org/physiomap/ContinuantTrait|https://w3id.org/physiomap/MapVariable|https://w3id.org/physiomap/Trait
ejection_fraction	true	https://w3id.org/physiomap/ContinuantTrait|https://w3id.org/physiomap/MapVariable|https://w3id.org/physiomap/Trait
elovl2_activity	true	https://w3id.org/physiomap/ContinuantTrait|https://w3id.org/physiomap/MapVariable|https://w3id.org/physiomap/Trait
elovl6_activity	true	https://w3id.org/physiomap/ContinuantTrait|https://w3id.org/physiomap/MapVariable|https://w3id.org/physiomap/Trait
end_diastolic_volume	true	https://w3id.org/physiomap/ContinuantTrait|https://w3id.org/physiomap/MapVariable|https://w3id.org/physiomap/Trait
endometrial_thickness	true	https://w3id.org/physiomap/ContinuantTrait|https://w3id.org/physiomap/MapVariable|https://w3id.org/physiomap/Trait
endothelial_akt_signaling	true	https://w3id.org/physiomap/ContinuantTrait|https://w3id.org/physiomap/MapVariable|https://w3id.org/physiomap/Trait
endothelial_et1_secretion	true	https://w3id.org/physiomap/MapVariable|https://w3id.org/physiomap/ProcessTrait|https://w3id.org/physiomap/Trait
endothelial_no_production	true	https://w3id.org/physiomap/MapVariable|https://w3id.org/physiomap/ProcessTrait|https://w3id.org/physiomap/Trait
endothelial_pgi2_production	true	https://w3id.org/physiomap/MapVariable|https://w3id.org/physiomap/ProcessTrait|https://w3id.org/physiomap/Trait
endothelial_shear_stress	true	https://w3id.org/physiomap/ContinuantTrait|https://w3id.org/physiomap/MapVariable|https://w3id.org/physiomap/Trait
enolase_activity	true	https://w3id.org/physiomap/ContinuantTrait|https://w3id.org/physiomap/MapVariable|https://w3id.org/physiomap/Trait
enteropeptidase_activity	true	https://w3id.org/physiomap/ContinuantTrait|https://w3id.org/physiomap/MapVariable|https://w3id.org/physiomap/Trait
epinephrine	true	https://w3id.org/physiomap/ContinuantTrait|https://w3id.org/physiomap/MapVariable|https://w3id.org/physiomap/Trait
epo_receptor_activity	true	https://w3id.org/physiomap/ContinuantTrait|https://w3id.org/physiomap/MapVariable|https://w3id.org/physiomap/Trait
er_cholesterol_level	true	https://w3id.org/physiomap/ContinuantTrait|https://w3id.org/physiomap/MapVariable|https://w3id.org/physiomap/Trait
erythroblast_maturation	true	https://w3id.org/physiomap/MapVariable|https://w3id.org/physiomap/ProcessTrait|https://w3id.org/physiomap/Trait
erythroblast_proliferation	true	https://w3id.org/physiomap/MapVariable|https://w3id.org/physiomap/ProcessTrait|https://w3id.org/physiomap/Trait
erythrocyte_23_bpg	true	https://w3id.org/physiomap/ContinuantTrait|https://w3id.org/physiomap/MapVariable|https://w3id.org/physiomap/Trait
erythrocyte_2_3_bpg	true	https://w3id.org/physiomap/ContinuantTrait|https://w3id.org/physiomap/MapVariable|https://w3id.org/physiomap/Trait
erythrocyte_amp	true	https://w3id.org/physiomap/ContinuantTrait|https://w3id.org/physiomap/MapVariable|https://w3id.org/physiomap/Trait
erythrocyte_carbonic_anhydrase_activity	true	https://w3id.org/physiomap/ContinuantTrait|https://w3id.org/physiomap/MapVariable|https://w3id.org/physiomap/Trait
erythrocyte_coproporphyrin	true	https://w3id.org/physiomap/ContinuantTrait|https://w3id.org/physiomap/MapVariable|https://w3id.org/physiomap/Trait
erythrocyte_free_porphyrin	true	https://w3id.org/physiomap/ContinuantTrait|https://w3id.org/physiomap/MapVariable|https://w3id.org/physiomap/Trait
erythrocyte_galactitol	true	https://w3id.org/physiomap/ContinuantTrait|https://w3id.org/physiomap/MapVariable|https://w3id.org/physiomap/Trait
erythrocyte_galactonate	true	https://w3id.org/physiomap/ContinuantTrait|https://w3id.org/physiomap/MapVariable|https://w3id.org/physiomap/Trait
erythrocyte_glutathione_peroxidase_activity	true	https://w3id.org/physiomap/ContinuantTrait|https://w3id.org/physiomap/MapVariable|https://w3id.org/physiomap/Trait
erythrocyte_hydrogen_peroxide	true	https://w3id.org/physiomap/ContinuantTrait|https://w3id.org/physiomap/MapVariable|https://w3id.org/physiomap/Trait
erythrocyte_itp	true	https://w3id.org/physiomap/ContinuantTrait|https://w3id.org/physiomap/MapVariable|https://w3id.org/physiomap/Trait
erythrocyte_methemoglobin	true	https://w3id.org/physiomap/ContinuantTrait|https://w3id.org/physiomap/MapVariable|https://w3id.org/physiomap/Trait
erythrocyte_nadph	true	https://w3id.org/physiomap/ContinuantTrait|https://w3id.org/physiomap/MapVariable|https://w3id.org/physiomap/Trait
erythrocyte_oxidized_glutathione	true	https://w3id.org/physiomap/ContinuantTrait|https://w3id.org/physiomap/MapVariable|https://w3id.org/physiomap/Trait
erythrocyte_protoporphyrin	true	https://w3id.org/physiomap/ContinuantTrait|https://w3id.org/physiomap/MapVariable|https://w3id.org/physiomap/Trait
erythrocyte_pyrimidine_nucleotide_pool	true	https://w3id.org/physiomap/ContinuantTrait|https://w3id.org/physiomap/MapVariable|https://w3id.org/physiomap/Trait
erythrocyte_pyruvate_kinase_activity	true	https://w3id.org/physiomap/ContinuantTrait|https://w3id.org/physiomap/MapVariable|https://w3id.org/physiomap/Trait
erythrocyte_sedimentation_rate	true	https://w3id.org/physiomap/MapVariable|https://w3id.org/physiomap/ProcessTrait|https://w3id.org/physiomap/Trait
erythrocyte_uroporphyrin	true	https://w3id.org/physiomap/ContinuantTrait|https://w3id.org/physiomap/MapVariable|https://w3id.org/physiomap/Trait
erythroferrone	true	https://w3id.org/physiomap/ContinuantTrait|https://w3id.org/physiomap/MapVariable|https://w3id.org/physiomap/Trait
erythroid_progenitor_proliferation	true	https://w3id.org/physiomap/MapVariable|https://w3id.org/physiomap/ProcessTrait|https://w3id.org/physiomap/Trait
erythropoietic_iron_demand	true	https://w3id.org/physiomap/ContinuantTrait|https://w3id.org/physiomap/MapVariable|https://w3id.org/physiomap/Trait
erythropoietin	true	https://w3id.org/physiomap/ContinuantTrait|https://w3id.org/physiomap/MapVariable|https://w3id.org/physiomap/Trait
esophageal_luminal_pressure	true	https://w3id.org/physiomap/ContinuantTrait|https://w3id.org/physiomap/MapVariable|https://w3id.org/physiomap/Trait
estradiol	true	https://w3id.org/physiomap/ContinuantTrait|https://w3id.org/physiomap/MapVariable|https://w3id.org/physiomap/Trait
etfdh_activity	true	https://w3id.org/physiomap/ContinuantTrait|https://w3id.org/physiomap/MapVariable|https://w3id.org/physiomap/Trait
extracellular_fluid_volume	true	https://w3id.org/physiomap/ContinuantTrait|https://w3id.org/physiomap/MapVariable|https://w3id.org/physiomap/Trait
faah_activity	true	https://w3id.org/physiomap/ContinuantTrait|https://w3id.org/physiomap/MapVariable|https://w3id.org/physiomap/Trait
fads1_activity	true	https://w3id.org/physiomap/ContinuantTrait|https://w3id.org/physiomap/MapVariable|https://w3id.org/physiomap/Trait
fasn_activity	true	https://w3id.org/physiomap/ContinuantTrait|https://w3id.org/physiomap/MapVariable|https://w3id.org/physiomap/Trait
fatty_aldehyde_dehydrogenase_activity	true	https://w3id.org/physiomap/ContinuantTrait|https://w3id.org/physiomap/MapVariable|https://w3id.org/physiomap/Trait
fecal_alpha1_antitrypsin	true	https://w3id.org/physiomap/ContinuantTrait|https://w3id.org/physiomap/MapVariable|https://w3id.org/physiomap/Trait
fecal_bile_acids	true	https://w3id.org/physiomap/ContinuantTrait|https://w3id.org/physiomap/MapVariable|https://w3id.org/physiomap/Trait
fecal_calprotectin	true	https://w3id.org/physiomap/ContinuantTrait|https://w3id.org/physiomap/MapVariable|https://w3id.org/physiomap/Trait
fecal_coproporphyrin	true	https://w3id.org/physiomap/ContinuantTrait|https://w3id.org/physiomap/MapVariable|https://w3id.org/physiomap/Trait
fecal_pancreatic_elastase	true	https://w3id.org/physiomap/ContinuantTrait|https://w3id.org/physiomap/MapVariable|https://w3id.org/physiomap/Trait
fecal_ph	true	https://w3id.org/physiomap/ContinuantTrait|https://w3id.org/physiomap/MapVariable|https://w3id.org/physiomap/Trait
fecal_protoporphyrin	true	https://w3id.org/physiomap/ContinuantTrait|https://w3id.org/physiomap/MapVariable|https://w3id.org/physiomap/Trait
fecal_sodium	true	https://w3id.org/physiomap/ContinuantTrait|https://w3id.org/physiomap/MapVariable|https://w3id.org/physiomap/Trait
ferritin_stores	true	https://w3id.org/physiomap/ContinuantTrait|https://w3id.org/physiomap/MapVariable|https://w3id.org/physiomap/Trait
ferrochelatase_activity	true	https://w3id.org/physiomap/ContinuantTrait|https://w3id.org/physiomap/MapVariable|https://w3id.org/physiomap/Trait
ferroportin_activity	true	https://w3id.org/physiomap/ContinuantTrait|https://w3id.org/physiomap/MapVariable|https://w3id.org/physiomap/Trait
fgf23	true	https://w3id.org/physiomap/ContinuantTrait|https://w3id.org/physiomap/MapVariable|https://w3id.org/physiomap/Trait
fibrin_clot	true	https://w3id.org/physiomap/ContinuantTrait|https://w3id.org/physiomap/MapVariable|https://w3id.org/physiomap/Trait
follicular_camp_level	true	https://w3id.org/physiomap/ContinuantTrait|https://w3id.org/physiomap/MapVariable|https://w3id.org/physiomap/Trait
follicular_pka_activity	true	https://w3id.org/physiomap/ContinuantTrait|https://w3id.org/physiomap/MapVariable|https://w3id.org/physiomap/Trait
folr1_activity	true	https://w3id.org/physiomap/ContinuantTrait|https://w3id.org/physiomap/MapVariable|https://w3id.org/physiomap/Trait
food_intake	true	https://w3id.org/physiomap/MapVariable|https://w3id.org/physiomap/ProcessTrait|https://w3id.org/physiomap/Trait
foramen_ovale_patency	true	https://w3id.org/physiomap/ContinuantTrait|https://w3id.org/physiomap/MapVariable|https://w3id.org/physiomap/Trait
forced_expiratory_volume	true	https://w3id.org/physiomap/MapVariable|https://w3id.org/physiomap/ProcessTrait|https://w3id.org/physiomap/Trait
free_t3	true	https://w3id.org/physiomap/ContinuantTrait|https://w3id.org/physiomap/MapVariable|https://w3id.org/physiomap/Trait
free_t4	true	https://w3id.org/physiomap/ContinuantTrait|https://w3id.org/physiomap/MapVariable|https://w3id.org/physiomap/Trait
fructokinase_activity	true	https://w3id.org/physiomap/ContinuantTrait|https://w3id.org/physiomap/MapVariable|https://w3id.org/physiomap/Trait
fructose_1_6_bisphosphatase_activity	true	https://w3id.org/physiomap/ContinuantTrait|https://w3id.org/physiomap/MapVariable|https://w3id.org/physiomap/Trait
fsh	true	https://w3id.org/physiomap/ContinuantTrait|https://w3id.org/physiomap/MapVariable|https://w3id.org/physiomap/Trait
ftcd_activity	true	https://w3id.org/physiomap/ContinuantTrait|https://w3id.org/physiomap/MapVariable|https://w3id.org/physiomap/Trait
fumarate_hydratase_activity	true	https://w3id.org/physiomap/ContinuantTrait|https://w3id.org/physiomap/MapVariable|https://w3id.org/physiomap/Trait
fumarylacetoacetase_activity	true	https://w3id.org/physiomap/ContinuantTrait|https://w3id.org/physiomap/MapVariable|https://w3id.org/physiomap/Trait
fut3_activity	true	https://w3id.org/physiomap/ContinuantTrait|https://w3id.org/physiomap/MapVariable|https://w3id.org/physiomap/Trait
fxr_activity	true	https://w3id.org/physiomap/ContinuantTrait|https://w3id.org/physiomap/MapVariable|https://w3id.org/physiomap/Trait
g6pase_activity	true	https://w3id.org/physiomap/ContinuantTrait|https://w3id.org/physiomap/MapVariable|https://w3id.org/physiomap/Trait
g6pase_expression	true	https://w3id.org/physiomap/ContinuantTrait|https://w3id.org/physiomap/MapVariable|https://w3id.org/physiomap/Trait
g6pd_activity	true	https://w3id.org/physiomap/ContinuantTrait|https://w3id.org/physiomap/MapVariable|https://w3id.org/physiomap/Trait
g_cell_gastrin_secretion	true	https://w3id.org/physiomap/MapVariable|https://w3id.org/physiomap/ProcessTrait|https://w3id.org/physiomap/Trait
galactocerebrosidase_activity	true	https://w3id.org/physiomap/ContinuantTrait|https://w3id.org/physiomap/MapVariable|https://w3id.org/physiomap/Trait
galactokinase_activity	true	https://w3id.org/physiomap/ContinuantTrait|https://w3id.org/physiomap/MapVariable|https://w3id.org/physiomap/Trait
gallbladder_bile_secretion	true	https://w3id.org/physiomap/MapVariable|https://w3id.org/physiomap/ProcessTrait|https://w3id.org/physiomap/Trait
galt_activity	true	https://w3id.org/physiomap/ContinuantTrait|https://w3id.org/physiomap/MapVariable|https://w3id.org/physiomap/Trait
gamma_glutamylcysteine_synthetase_activity	true	https://w3id.org/physiomap/ContinuantTrait|https://w3id.org/physiomap/MapVariable|https://w3id.org/physiomap/Trait
gamma_glutamyltransferase_activity	true	https://w3id.org/physiomap/ContinuantTrait|https://w3id.org/physiomap/MapVariable|https://w3id.org/physiomap/Trait
gamt_activity	true	https://w3id.org/physiomap/ContinuantTrait|https://w3id.org/physiomap/MapVariable|https://w3id.org/physiomap/Trait
gastric_acid_secretion	true	https://w3id.org/physiomap/MapVariable|https://w3id.org/physiomap/ProcessTrait|https://w3id.org/physiomap/Trait
gastric_emptying_rate	true	https://w3id.org/physiomap/MapVariable|https://w3id.org/physiomap/ProcessTrait|https://w3id.org/physiomap/Trait
gastric_motility	true	https://w3id.org/physiomap/MapVariable|https://w3id.org/physiomap/ProcessTrait|https://w3id.org/physiomap/Trait
gastric_pepsin_activity	true	https://w3id.org/physiomap/ContinuantTrait|https://w3id.org/physiomap/MapVariable|https://w3id.org/physiomap/Trait
gastrin	true	https://w3id.org/physiomap/ContinuantTrait|https://w3id.org/physiomap/MapVariable|https://w3id.org/physiomap/Trait
gcdh_activity	true	https://w3id.org/physiomap/ContinuantTrait|https://w3id.org/physiomap/MapVariable|https://w3id.org/physiomap/Trait
gch1_activity	true	https://w3id.org/physiomap/ContinuantTrait|https://w3id.org/physiomap/MapVariable|https://w3id.org/physiomap/Trait
gfr	true	https://w3id.org/physiomap/MapVariable|https://w3id.org/physiomap/ProcessTrait|https://w3id.org/physiomap/Trait
ggt1_activity	true	https://w3id.org/physiomap/ContinuantTrait|https://w3id.org/physiomap/MapVariable|https://w3id.org/physiomap/Trait
ghrelin	true	https://w3id.org/physiomap/ContinuantTrait|https://w3id.org/physiomap/MapVariable|https://w3id.org/physiomap/Trait
ghrelin_cell_ghrelin_secretion	true	https://w3id.org/physiomap/MapVariable|https://w3id.org/physiomap/ProcessTrait|https://w3id.org/physiomap/Trait
ghrh	true	https://w3id.org/physiomap/MapVariable|https://w3id.org/physiomap/ProcessTrait|https://w3id.org/physiomap/Trait
ghrh_neuron_ghrh_secretion	true	https://w3id.org/physiomap/MapVariable|https://w3id.org/physiomap/ProcessTrait|https://w3id.org/physiomap/Trait
gi_parasympathetic_tone	true	https://w3id.org/physiomap/MapVariable|https://w3id.org/physiomap/ProcessTrait|https://w3id.org/physiomap/Trait
gi_sympathetic_tone	true	https://w3id.org/physiomap/MapVariable|https://w3id.org/physiomap/ProcessTrait|https://w3id.org/physiomap/Trait
gi_tract_motility	true	https://w3id.org/physiomap/MapVariable|https://w3id.org/physiomap/ProcessTrait|https://w3id.org/physiomap/Trait
gi_tract_secretion	true	https://w3id.org/physiomap/MapVariable|https://w3id.org/physiomap/ProcessTrait|https://w3id.org/physiomap/Trait
gip	true	https://w3id.org/physiomap/ContinuantTrait|https://w3id.org/physiomap/MapVariable|https://w3id.org/physiomap/Trait
gla_activity	true	https://w3id.org/physiomap/ContinuantTrait|https://w3id.org/physiomap/MapVariable|https://w3id.org/physiomap/Trait
glcnac_phosphotransferase_activity	true	https://w3id.org/physiomap/ContinuantTrait|https://w3id.org/physiomap/MapVariable|https://w3id.org/physiomap/Trait
glomerular_colloid_osmotic_pressure	true	https://w3id.org/physiomap/ContinuantTrait|https://w3id.org/physiomap/MapVariable|https://w3id.org/physiomap/Trait
glomerular_hydrostatic_pressure	true	https://w3id.org/physiomap/ContinuantTrait|https://w3id.org/physiomap/MapVariable|https://w3id.org/physiomap/Trait
glp1	true	https://w3id.org/physiomap/ContinuantTrait|https://w3id.org/physiomap/MapVariable|https://w3id.org/physiomap/Trait
glucocerebrosidase_activity	true	https://w3id.org/physiomap/ContinuantTrait|https://w3id.org/physiomap/MapVariable|https://w3id.org/physiomap/Trait
glucose_6_phosphate_translocase_activity	true	https://w3id.org/physiomap/ContinuantTrait|https://w3id.org/physiomap/MapVariable|https://w3id.org/physiomap/Trait
glucose_phosphate_isomerase_activity	true	https://w3id.org/physiomap/ContinuantTrait|https://w3id.org/physiomap/MapVariable|https://w3id.org/physiomap/Trait
glut4_expression	true	https://w3id.org/physiomap/ContinuantTrait|https://w3id.org/physiomap/MapVariable|https://w3id.org/physiomap/Trait
glut4_membrane_translocation	true	https://w3id.org/physiomap/ContinuantTrait|https://w3id.org/physiomap/MapVariable|https://w3id.org/physiomap/Trait
glutamate_dehydrogenase_activity	true	https://w3id.org/physiomap/ContinuantTrait|https://w3id.org/physiomap/MapVariable|https://w3id.org/physiomap/Trait
glutamine_synthetase_activity	true	https://w3id.org/physiomap/ContinuantTrait|https://w3id.org/physiomap/MapVariable|https://w3id.org/physiomap/Trait
glutaryl_coa_oxidase_activity	true	https://w3id.org/physiomap/ContinuantTrait|https://w3id.org/physiomap/MapVariable|https://w3id.org/physiomap/Trait
glutathione_reductase_activity	true	https://w3id.org/physiomap/ContinuantTrait|https://w3id.org/physiomap/MapVariable|https://w3id.org/physiomap/Trait
glutathione_synthetase_activity	true	https://w3id.org/physiomap/ContinuantTrait|https://w3id.org/physiomap/MapVariable|https://w3id.org/physiomap/Trait
glycerate_kinase_activity	true	https://w3id.org/physiomap/ContinuantTrait|https://w3id.org/physiomap/MapVariable|https://w3id.org/physiomap/Trait
glycerol_kinase_activity	true	https://w3id.org/physiomap/ContinuantTrait|https://w3id.org/physiomap/MapVariable|https://w3id.org/physiomap/Trait
glycine_cleavage_enzyme_activity	true	https://w3id.org/physiomap/ContinuantTrait|https://w3id.org/physiomap/MapVariable|https://w3id.org/physiomap/Trait
glycogen_debrancher_activity	true	https://w3id.org/physiomap/ContinuantTrait|https://w3id.org/physiomap/MapVariable|https://w3id.org/physiomap/Trait
glycogen_phosphorylase_activity	true	https://w3id.org/physiomap/ContinuantTrait|https://w3id.org/physiomap/MapVariable|https://w3id.org/physiomap/Trait
glyoxalase_activity	true	https://w3id.org/physiomap/ContinuantTrait|https://w3id.org/physiomap/MapVariable|https://w3id.org/physiomap/Trait
glyoxylate_reductase_activity	true	https://w3id.org/physiomap/ContinuantTrait|https://w3id.org/physiomap/MapVariable|https://w3id.org/physiomap/Trait
gnrh	true	https://w3id.org/physiomap/ContinuantTrait|https://w3id.org/physiomap/MapVariable|https://w3id.org/physiomap/Trait
gnrh_neuron_gnrh_secretion	true	https://w3id.org/physiomap/MapVariable|https://w3id.org/physiomap/ProcessTrait|https://w3id.org/physiomap/Trait
gonadotroph_fsh_secretion	true	https://w3id.org/physiomap/MapVariable|https://w3id.org/physiomap/ProcessTrait|https://w3id.org/physiomap/Trait
gonadotroph_lh_secretion	true	https://w3id.org/physiomap/MapVariable|https://w3id.org/physiomap/ProcessTrait|https://w3id.org/physiomap/Trait
gr_activity	true	https://w3id.org/physiomap/ContinuantTrait|https://w3id.org/physiomap/MapVariable|https://w3id.org/physiomap/Trait
granulosa_estradiol_secretion	true	https://w3id.org/physiomap/MapVariable|https://w3id.org/physiomap/ProcessTrait|https://w3id.org/physiomap/Trait
gs_adenylyl_cyclase_activity	true	https://w3id.org/physiomap/MapVariable|https://w3id.org/physiomap/ProcessTrait|https://w3id.org/physiomap/Trait
haao_activity	true	https://w3id.org/physiomap/ContinuantTrait|https://w3id.org/physiomap/MapVariable|https://w3id.org/physiomap/Trait
hal_activity	true	https://w3id.org/physiomap/ContinuantTrait|https://w3id.org/physiomap/MapVariable|https://w3id.org/physiomap/Trait
hdl_cholesterol	true	https://w3id.org/physiomap/ContinuantTrait|https://w3id.org/physiomap/MapVariable|https://w3id.org/physiomap/Trait
heart_rate	true	https://w3id.org/physiomap/MapVariable|https://w3id.org/physiomap/ProcessTrait|https://w3id.org/physiomap/Trait
helper_t_cell_activation	true	https://w3id.org/physiomap/MapVariable|https://w3id.org/physiomap/ProcessTrait|https://w3id.org/physiomap/Trait
hematocrit	true	https://w3id.org/physiomap/ContinuantTrait|https://w3id.org/physiomap/MapVariable|https://w3id.org/physiomap/Trait
heme_oxygenase_activity	true	https://w3id.org/physiomap/ContinuantTrait|https://w3id.org/physiomap/MapVariable|https://w3id.org/physiomap/Trait
hemoglobin_o2_affinity	true	https://w3id.org/physiomap/ContinuantTrait|https://w3id.org/physiomap/MapVariable|https://w3id.org/physiomap/Trait
hemoglobin_o2_saturation	true	https://w3id.org/physiomap/ContinuantTrait|https://w3id.org/physiomap/MapVariable|https://w3id.org/physiomap/Trait
heparan_alpha_glucosaminide_n_acetyltransferase_activity	true	https://w3id.org/physiomap/ContinuantTrait|https://w3id.org/physiomap/MapVariable|https://w3id.org/physiomap/Trait
hepatic_albumin_synthesis	true	https://w3id.org/physiomap/MapVariable|https://w3id.org/physiomap/ProcessTrait|https://w3id.org/physiomap/Trait
hepatic_bilirubin_conjugation	true	https://w3id.org/physiomap/MapVariable|https://w3id.org/physiomap/ProcessTrait|https://w3id.org/physiomap/Trait
hepatic_bilirubin_uptake	true	https://w3id.org/physiomap/MapVariable|https://w3id.org/physiomap/ProcessTrait|https://w3id.org/physiomap/Trait
hepatic_carnitine	true	https://w3id.org/physiomap/ContinuantTrait|https://w3id.org/physiomap/MapVariable|https://w3id.org/physiomap/Trait
hepatic_cholesterol_synthesis	true	https://w3id.org/physiomap/MapVariable|https://w3id.org/physiomap/ProcessTrait|https://w3id.org/physiomap/Trait
hepatic_conjugated_bilirubin_excretion	true	https://w3id.org/physiomap/MapVariable|https://w3id.org/physiomap/ProcessTrait|https://w3id.org/physiomap/Trait
hepatic_copper_excretion	true	https://w3id.org/physiomap/MapVariable|https://w3id.org/physiomap/ProcessTrait|https://w3id.org/physiomap/Trait
hepatic_de_novo_lipogenesis	true	https://w3id.org/physiomap/MapVariable|https://w3id.org/physiomap/ProcessTrait|https://w3id.org/physiomap/Trait
hepatic_fa_beta_oxidation_rate	true	https://w3id.org/physiomap/MapVariable|https://w3id.org/physiomap/ProcessTrait|https://w3id.org/physiomap/Trait
hepatic_fatty_acid_content	true	https://w3id.org/physiomap/ContinuantTrait|https://w3id.org/physiomap/MapVariable|https://w3id.org/physiomap/Trait
hepatic_gluconeogenesis	true	https://w3id.org/physiomap/MapVariable|https://w3id.org/physiomap/ProcessTrait|https://w3id.org/physiomap/Trait
hepatic_glucose_production	true	https://w3id.org/physiomap/MapVariable|https://w3id.org/physiomap/ProcessTrait|https://w3id.org/physiomap/Trait
hepatic_glycogen_content	true	https://w3id.org/physiomap/ContinuantTrait|https://w3id.org/physiomap/MapVariable|https://w3id.org/physiomap/Trait
hepatic_glycogen_synthase_activity	true	https://w3id.org/physiomap/ContinuantTrait|https://w3id.org/physiomap/MapVariable|https://w3id.org/physiomap/Trait
hepatic_glycogenolysis	true	https://w3id.org/physiomap/MapVariable|https://w3id.org/physiomap/ProcessTrait|https://w3id.org/physiomap/Trait
hepatic_igf1	true	https://w3id.org/physiomap/ContinuantTrait|https://w3id.org/physiomap/MapVariable|https://w3id.org/physiomap/Trait
hepatic_ketogenesis	true	https://w3id.org/physiomap/MapVariable|https://w3id.org/physiomap/ProcessTrait|https://w3id.org/physiomap/Trait
hepatic_ldl_receptor_activity	true	https://w3id.org/physiomap/MapVariable|https://w3id.org/physiomap/ProcessTrait|https://w3id.org/physiomap/Trait
hepatic_lipase_activity	true	https://w3id.org/physiomap/ContinuantTrait|https://w3id.org/physiomap/MapVariable|https://w3id.org/physiomap/Trait
hepatic_lipogenesis	true	https://w3id.org/physiomap/MapVariable|https://w3id.org/physiomap/ProcessTrait|https://w3id.org/physiomap/Trait
hepatic_t4_clearance_rate	true	https://w3id.org/physiomap/MapVariable|https://w3id.org/physiomap/ProcessTrait|https://w3id.org/physiomap/Trait
hepatic_triglyceride_content	true	https://w3id.org/physiomap/ContinuantTrait|https://w3id.org/physiomap/MapVariable|https://w3id.org/physiomap/Trait
hepatic_type1_deiodinase_activity	true	https://w3id.org/physiomap/ContinuantTrait|https://w3id.org/physiomap/MapVariable|https://w3id.org/physiomap/Trait
hepatic_urate_production	true	https://w3id.org/physiomap/MapVariable|https://w3id.org/physiomap/ProcessTrait|https://w3id.org/physiomap/Trait
hepatic_urea_synthesis	true	https://w3id.org/physiomap/MapVariable|https://w3id.org/physiomap/ProcessTrait|https://w3id.org/physiomap/Trait
hepatocellular_injury	true	https://w3id.org/physiomap/ContinuantTrait|https://w3id.org/physiomap/MapVariable|https://w3id.org/physiomap/Trait
hepatocyte_antithrombin_secretion	true	https://w3id.org/physiomap/MapVariable|https://w3id.org/physiomap/ProcessTrait|https://w3id.org/physiomap/Trait
hepatocyte_apoa1_hdl_secretion	true	https://w3id.org/physiomap/MapVariable|https://w3id.org/physiomap/ProcessTrait|https://w3id.org/physiomap/Trait
hepatocyte_apoe_secretion	true	https://w3id.org/physiomap/MapVariable|https://w3id.org/physiomap/ProcessTrait|https://w3id.org/physiomap/Trait
hepatocyte_cd46_shedding	true	https://w3id.org/physiomap/MapVariable|https://w3id.org/physiomap/ProcessTrait|https://w3id.org/physiomap/Trait
hepatocyte_cfhr1_secretion	true	https://w3id.org/physiomap/MapVariable|https://w3id.org/physiomap/ProcessTrait|https://w3id.org/physiomap/Trait
hepatocyte_cholesterol_content	true	https://w3id.org/physiomap/ContinuantTrait|https://w3id.org/physiomap/MapVariable|https://w3id.org/physiomap/Trait
hepatocyte_cpn_synthesis	true	https://w3id.org/physiomap/MapVariable|https://w3id.org/physiomap/ProcessTrait|https://w3id.org/physiomap/Trait
hepatocyte_crp_secretion	true	https://w3id.org/physiomap/MapVariable|https://w3id.org/physiomap/ProcessTrait|https://w3id.org/physiomap/Trait
hepatocyte_fibrinogen_secretion	true	https://w3id.org/physiomap/MapVariable|https://w3id.org/physiomap/ProcessTrait|https://w3id.org/physiomap/Trait
hepatocyte_fibronectin_secretion	true	https://w3id.org/physiomap/MapVariable|https://w3id.org/physiomap/ProcessTrait|https://w3id.org/physiomap/Trait
hepatocyte_ficolin3_secretion	true	https://w3id.org/physiomap/MapVariable|https://w3id.org/physiomap/ProcessTrait|https://w3id.org/physiomap/Trait
hepatocyte_igf1_secretion	true	https://w3id.org/physiomap/MapVariable|https://w3id.org/physiomap/ProcessTrait|https://w3id.org/physiomap/Trait
hepatocyte_mbl_secretion	true	https://w3id.org/physiomap/MapVariable|https://w3id.org/physiomap/ProcessTrait|https://w3id.org/physiomap/Trait
hepatocyte_shbg_secretion	true	https://w3id.org/physiomap/MapVariable|https://w3id.org/physiomap/ProcessTrait|https://w3id.org/physiomap/Trait
hepcidin	true	https://w3id.org/physiomap/ContinuantTrait|https://w3id.org/physiomap/MapVariable|https://w3id.org/physiomap/Trait
hepcidin_transcription	true	https://w3id.org/physiomap/MapVariable|https://w3id.org/physiomap/ProcessTrait|https://w3id.org/physiomap/Trait
hexokinase_activity	true	https://w3id.org/physiomap/ContinuantTrait|https://w3id.org/physiomap/MapVariable|https://w3id.org/physiomap/Trait
hfe_tfr2_iron_sensing	true	https://w3id.org/physiomap/ContinuantTrait|https://w3id.org/physiomap/MapVariable|https://w3id.org/physiomap/Trait
hgd_activity	true	https://w3id.org/physiomap/ContinuantTrait|https://w3id.org/physiomap/MapVariable|https://w3id.org/physiomap/Trait
hgprt_activity	true	https://w3id.org/physiomap/ContinuantTrait|https://w3id.org/physiomap/MapVariable|https://w3id.org/physiomap/Trait
hibadh_activity	true	https://w3id.org/physiomap/ContinuantTrait|https://w3id.org/physiomap/MapVariable|https://w3id.org/physiomap/Trait
hibch_activity	true	https://w3id.org/physiomap/ContinuantTrait|https://w3id.org/physiomap/MapVariable|https://w3id.org/physiomap/Trait
hjv_coreceptor_activity	true	https://w3id.org/physiomap/ContinuantTrait|https://w3id.org/physiomap/MapVariable|https://w3id.org/physiomap/Trait
hmg_coa_lyase_activity	true	https://w3id.org/physiomap/ContinuantTrait|https://w3id.org/physiomap/MapVariable|https://w3id.org/physiomap/Trait
hmg_coa_reductase_activity	true	https://w3id.org/physiomap/ContinuantTrait|https://w3id.org/physiomap/MapVariable|https://w3id.org/physiomap/Trait
hmgcl_activity	true	https://w3id.org/physiomap/ContinuantTrait|https://w3id.org/physiomap/MapVariable|https://w3id.org/physiomap/Trait
hoga1_activity	true	https://w3id.org/physiomap/ContinuantTrait|https://w3id.org/physiomap/MapVariable|https://w3id.org/physiomap/Trait
holocarboxylase_synthetase_activity	true	https://w3id.org/physiomap/ContinuantTrait|https://w3id.org/physiomap/MapVariable|https://w3id.org/physiomap/Trait
hsd11b2_activity	true	https://w3id.org/physiomap/ContinuantTrait|https://w3id.org/physiomap/MapVariable|https://w3id.org/physiomap/Trait
hsd17b3_activity	true	https://w3id.org/physiomap/ContinuantTrait|https://w3id.org/physiomap/MapVariable|https://w3id.org/physiomap/Trait
hydroxyacyl_coa_dehydrogenase_activity	true	https://w3id.org/physiomap/ContinuantTrait|https://w3id.org/physiomap/MapVariable|https://w3id.org/physiomap/Trait
hydroxyphenylpyruvate_dioxygenase_activity	true	https://w3id.org/physiomap/ContinuantTrait|https://w3id.org/physiomap/MapVariable|https://w3id.org/physiomap/Trait
hypdh_activity	true	https://w3id.org/physiomap/ContinuantTrait|https://w3id.org/physiomap/MapVariable|https://w3id.org/physiomap/Trait
hypothalamic_appetite_drive	true	https://w3id.org/physiomap/MapVariable|https://w3id.org/physiomap/ProcessTrait|https://w3id.org/physiomap/Trait
hypothalamic_dopamine_tone	true	https://w3id.org/physiomap/ContinuantTrait|https://w3id.org/physiomap/MapVariable|https://w3id.org/physiomap/Trait
hypothalamic_gabaergic_tone	true	https://w3id.org/physiomap/MapVariable|https://w3id.org/physiomap/ProcessTrait|https://w3id.org/physiomap/Trait
hypothalamic_glutamatergic_tone	true	https://w3id.org/physiomap/MapVariable|https://w3id.org/physiomap/ProcessTrait|https://w3id.org/physiomap/Trait
hypothalamic_kisspeptin	true	https://w3id.org/physiomap/ContinuantTrait|https://w3id.org/physiomap/MapVariable|https://w3id.org/physiomap/Trait
hypothalamic_kisspeptin_signal	true	https://w3id.org/physiomap/ContinuantTrait|https://w3id.org/physiomap/MapVariable|https://w3id.org/physiomap/Trait
hypothalamic_mch_level	true	https://w3id.org/physiomap/ContinuantTrait|https://w3id.org/physiomap/MapVariable|https://w3id.org/physiomap/Trait
hypothalamic_opioid_tone	true	https://w3id.org/physiomap/ContinuantTrait|https://w3id.org/physiomap/MapVariable|https://w3id.org/physiomap/Trait
i_cell_cck_secretion	true	https://w3id.org/physiomap/MapVariable|https://w3id.org/physiomap/ProcessTrait|https://w3id.org/physiomap/Trait
iduronate_sulfatase_activity	true	https://w3id.org/physiomap/ContinuantTrait|https://w3id.org/physiomap/MapVariable|https://w3id.org/physiomap/Trait
il18	true	https://w3id.org/physiomap/ContinuantTrait|https://w3id.org/physiomap/MapVariable|https://w3id.org/physiomap/Trait
il1beta	true	https://w3id.org/physiomap/ContinuantTrait|https://w3id.org/physiomap/MapVariable|https://w3id.org/physiomap/Trait
il6	true	https://w3id.org/physiomap/ContinuantTrait|https://w3id.org/physiomap/MapVariable|https://w3id.org/physiomap/Trait
il6_stat3_signaling	true	https://w3id.org/physiomap/ContinuantTrait|https://w3id.org/physiomap/MapVariable|https://w3id.org/physiomap/Trait
inhibin	true	https://w3id.org/physiomap/ContinuantTrait|https://w3id.org/physiomap/MapVariable|https://w3id.org/physiomap/Trait
inspired_po2	true	https://w3id.org/physiomap/ContinuantTrait|https://w3id.org/physiomap/MapVariable|https://w3id.org/physiomap/Trait
insulin_receptor_activity	true	https://w3id.org/physiomap/ContinuantTrait|https://w3id.org/physiomap/MapVariable|https://w3id.org/physiomap/Trait
interferon_gamma	true	https://w3id.org/physiomap/ContinuantTrait|https://w3id.org/physiomap/MapVariable|https://w3id.org/physiomap/Trait
interstitial_fluid_colloid_osmotic_pressure	true	https://w3id.org/physiomap/ContinuantTrait|https://w3id.org/physiomap/MapVariable|https://w3id.org/physiomap/Trait
interstitial_fluid_oncotic_pressure	true	https://w3id.org/physiomap/ContinuantTrait|https://w3id.org/physiomap/MapVariable|https://w3id.org/physiomap/Trait
interstitial_fluid_pressure	true	https://w3id.org/physiomap/ContinuantTrait|https://w3id.org/physiomap/MapVariable|https://w3id.org/physiomap/Trait
interstitial_fluid_protein	true	https://w3id.org/physiomap/ContinuantTrait|https://w3id.org/physiomap/MapVariable|https://w3id.org/physiomap/Trait
interstitial_fluid_volume	true	https://w3id.org/physiomap/ContinuantTrait|https://w3id.org/physiomap/MapVariable|https://w3id.org/physiomap/Trait
intestinal_b12_absorption	true	https://w3id.org/physiomap/MapVariable|https://w3id.org/physiomap/ProcessTrait|https://w3id.org/physiomap/Trait
intestinal_calcium_absorption	true	https://w3id.org/physiomap/MapVariable|https://w3id.org/physiomap/ProcessTrait|https://w3id.org/physiomap/Trait
intestinal_lactase_activity	true	https://w3id.org/physiomap/ContinuantTrait|https://w3id.org/physiomap/MapVariable|https://w3id.org/physiomap/Trait
intestinal_lipid_emulsification	true	https://w3id.org/physiomap/MapVariable|https://w3id.org/physiomap/ProcessTrait|https://w3id.org/physiomap/Trait
intestinal_mucosal_permeability	true	https://w3id.org/physiomap/ContinuantTrait|https://w3id.org/physiomap/MapVariable|https://w3id.org/physiomap/Trait
intracellular_adp	true	https://w3id.org/physiomap/ContinuantTrait|https://w3id.org/physiomap/MapVariable|https://w3id.org/physiomap/Trait
intracellular_atp	true	https://w3id.org/physiomap/ContinuantTrait|https://w3id.org/physiomap/MapVariable|https://w3id.org/physiomap/Trait
intracellular_calcium	true	https://w3id.org/physiomap/ContinuantTrait|https://w3id.org/physiomap/MapVariable|https://w3id.org/physiomap/Trait
intracellular_cystine	true	https://w3id.org/physiomap/ContinuantTrait|https://w3id.org/physiomap/MapVariable|https://w3id.org/physiomap/Trait
intracranial_pressure	true	https://w3id.org/physiomap/ContinuantTrait|https://w3id.org/physiomap/MapVariable|https://w3id.org/physiomap/Trait
intraocular_pressure	true	https://w3id.org/physiomap/ContinuantTrait|https://w3id.org/physiomap/MapVariable|https://w3id.org/physiomap/Trait
intrapericardial_pressure	true	https://w3id.org/physiomap/ContinuantTrait|https://w3id.org/physiomap/MapVariable|https://w3id.org/physiomap/Trait
intrapleural_pressure	true	https://w3id.org/physiomap/ContinuantTrait|https://w3id.org/physiomap/MapVariable|https://w3id.org/physiomap/Trait
intratesticular_testosterone	true	https://w3id.org/physiomap/ContinuantTrait|https://w3id.org/physiomap/MapVariable|https://w3id.org/physiomap/Trait
irs1_signaling	true	https://w3id.org/physiomap/MapVariable|https://w3id.org/physiomap/ProcessTrait|https://w3id.org/physiomap/Trait
island_macrophage_activity	true	https://w3id.org/physiomap/MapVariable|https://w3id.org/physiomap/ProcessTrait|https://w3id.org/physiomap/Trait
isobutyryl_coa_dehydrogenase_activity	true	https://w3id.org/physiomap/ContinuantTrait|https://w3id.org/physiomap/MapVariable|https://w3id.org/physiomap/Trait
isocitrate_dehydrogenase_activity	true	https://w3id.org/physiomap/ContinuantTrait|https://w3id.org/physiomap/MapVariable|https://w3id.org/physiomap/Trait
isovaleryl_coa_dehydrogenase_activity	true	https://w3id.org/physiomap/ContinuantTrait|https://w3id.org/physiomap/MapVariable|https://w3id.org/physiomap/Trait
itpase_activity	true	https://w3id.org/physiomap/ContinuantTrait|https://w3id.org/physiomap/MapVariable|https://w3id.org/physiomap/Trait
ivd_activity	true	https://w3id.org/physiomap/ContinuantTrait|https://w3id.org/physiomap/MapVariable|https://w3id.org/physiomap/Trait
iyd_activity	true	https://w3id.org/physiomap/ContinuantTrait|https://w3id.org/physiomap/MapVariable|https://w3id.org/physiomap/Trait
jak2_activity	true	https://w3id.org/physiomap/ContinuantTrait|https://w3id.org/physiomap/MapVariable|https://w3id.org/physiomap/Trait
jg_granular_renin_secretion	true	https://w3id.org/physiomap/MapVariable|https://w3id.org/physiomap/ProcessTrait|https://w3id.org/physiomap/Trait
jugular_venous_pressure	true	https://w3id.org/physiomap/ContinuantTrait|https://w3id.org/physiomap/MapVariable|https://w3id.org/physiomap/Trait
k_cell_gip_secretion	true	https://w3id.org/physiomap/MapVariable|https://w3id.org/physiomap/ProcessTrait|https://w3id.org/physiomap/Trait
kisspeptin	true	https://w3id.org/physiomap/ContinuantTrait|https://w3id.org/physiomap/MapVariable|https://w3id.org/physiomap/Trait
kisspeptin_hypothalamic	true	https://w3id.org/physiomap/ContinuantTrait|https://w3id.org/physiomap/MapVariable|https://w3id.org/physiomap/Trait
kisspeptin_neuron_kisspeptin_secretion	true	https://w3id.org/physiomap/MapVariable|https://w3id.org/physiomap/ProcessTrait|https://w3id.org/physiomap/Trait
klotho_activity	true	https://w3id.org/physiomap/ContinuantTrait|https://w3id.org/physiomap/MapVariable|https://w3id.org/physiomap/Trait
kndy_dynorphin	true	https://w3id.org/physiomap/ContinuantTrait|https://w3id.org/physiomap/MapVariable|https://w3id.org/physiomap/Trait
kndy_neurokinin_b	true	https://w3id.org/physiomap/ContinuantTrait|https://w3id.org/physiomap/MapVariable|https://w3id.org/physiomap/Trait
kynu_activity	true	https://w3id.org/physiomap/ContinuantTrait|https://w3id.org/physiomap/MapVariable|https://w3id.org/physiomap/Trait
kynureninase_activity	true	https://w3id.org/physiomap/ContinuantTrait|https://w3id.org/physiomap/MapVariable|https://w3id.org/physiomap/Trait
l2hgdh_activity	true	https://w3id.org/physiomap/ContinuantTrait|https://w3id.org/physiomap/MapVariable|https://w3id.org/physiomap/Trait
l_cell_glp1_secretion	true	https://w3id.org/physiomap/MapVariable|https://w3id.org/physiomap/ProcessTrait|https://w3id.org/physiomap/Trait
l_type_calcium_current	true	https://w3id.org/physiomap/MapVariable|https://w3id.org/physiomap/ProcessTrait|https://w3id.org/physiomap/Trait
lactate_dehydrogenase_activity	true	https://w3id.org/physiomap/ContinuantTrait|https://w3id.org/physiomap/MapVariable|https://w3id.org/physiomap/Trait
lactotroph_prl_secretion	true	https://w3id.org/physiomap/MapVariable|https://w3id.org/physiomap/ProcessTrait|https://w3id.org/physiomap/Trait
lcat_activity	true	https://w3id.org/physiomap/ContinuantTrait|https://w3id.org/physiomap/MapVariable|https://w3id.org/physiomap/Trait
lchad_mtp_activity	true	https://w3id.org/physiomap/ContinuantTrait|https://w3id.org/physiomap/MapVariable|https://w3id.org/physiomap/Trait
ldl_cholesterol	true	https://w3id.org/physiomap/ContinuantTrait|https://w3id.org/physiomap/MapVariable|https://w3id.org/physiomap/Trait
lean_body_mass	true	https://w3id.org/physiomap/ContinuantTrait|https://w3id.org/physiomap/MapVariable|https://w3id.org/physiomap/Trait
left_atrial_pressure	true	https://w3id.org/physiomap/ContinuantTrait|https://w3id.org/physiomap/MapVariable|https://w3id.org/physiomap/Trait
lepr_signaling	true	https://w3id.org/physiomap/MapVariable|https://w3id.org/physiomap/ProcessTrait|https://w3id.org/physiomap/Trait
leptin	true	https://w3id.org/physiomap/ContinuantTrait|https://w3id.org/physiomap/MapVariable|https://w3id.org/physiomap/Trait
leukocyte_cystine	true	https://w3id.org/physiomap/ContinuantTrait|https://w3id.org/physiomap/MapVariable|https://w3id.org/physiomap/Trait
leydig_testosterone_secretion	true	https://w3id.org/physiomap/MapVariable|https://w3id.org/physiomap/ProcessTrait|https://w3id.org/physiomap/Trait
lh	true	https://w3id.org/physiomap/ContinuantTrait|https://w3id.org/physiomap/MapVariable|https://w3id.org/physiomap/Trait
lias_activity	true	https://w3id.org/physiomap/ContinuantTrait|https://w3id.org/physiomap/MapVariable|https://w3id.org/physiomap/Trait
linear_growth_velocity	true	https://w3id.org/physiomap/MapVariable|https://w3id.org/physiomap/ProcessTrait|https://w3id.org/physiomap/Trait
lipolysis_rate	true	https://w3id.org/physiomap/MapVariable|https://w3id.org/physiomap/ProcessTrait|https://w3id.org/physiomap/Trait
lipoprotein_lipase_activity	true	https://w3id.org/physiomap/ContinuantTrait|https://w3id.org/physiomap/MapVariable|https://w3id.org/physiomap/Trait
lower_esophageal_sphincter_tone	true	https://w3id.org/physiomap/ContinuantTrait|https://w3id.org/physiomap/MapVariable|https://w3id.org/physiomap/Trait
lsec_ha_clearance_rate	true	https://w3id.org/physiomap/MapVariable|https://w3id.org/physiomap/ProcessTrait|https://w3id.org/physiomap/Trait
lung_compliance	true	https://w3id.org/physiomap/ContinuantTrait|https://w3id.org/physiomap/MapVariable|https://w3id.org/physiomap/Trait
lung_elastic_recoil_pressure	true	https://w3id.org/physiomap/ContinuantTrait|https://w3id.org/physiomap/MapVariable|https://w3id.org/physiomap/Trait
lung_volume	true	https://w3id.org/physiomap/ContinuantTrait|https://w3id.org/physiomap/MapVariable|https://w3id.org/physiomap/Trait
luteal_progesterone_secretion	true	https://w3id.org/physiomap/MapVariable|https://w3id.org/physiomap/ProcessTrait|https://w3id.org/physiomap/Trait
lv_end_diastolic_diameter	true	https://w3id.org/physiomap/ContinuantTrait|https://w3id.org/physiomap/MapVariable|https://w3id.org/physiomap/Trait
lv_wall_thickness	true	https://w3id.org/physiomap/ContinuantTrait|https://w3id.org/physiomap/MapVariable|https://w3id.org/physiomap/Trait
lymph_drainage_rate	true	https://w3id.org/physiomap/MapVariable|https://w3id.org/physiomap/ProcessTrait|https://w3id.org/physiomap/Trait
lymphatic_flow	true	https://w3id.org/physiomap/MapVariable|https://w3id.org/physiomap/ProcessTrait|https://w3id.org/physiomap/Trait
lysosomal_acid_lipase_activity	true	https://w3id.org/physiomap/ContinuantTrait|https://w3id.org/physiomap/MapVariable|https://w3id.org/physiomap/Trait
lysosomal_ceroid_lipofuscin_load	true	https://w3id.org/physiomap/ContinuantTrait|https://w3id.org/physiomap/MapVariable|https://w3id.org/physiomap/Trait
lysyl_hydroxylase_1_activity	true	https://w3id.org/physiomap/ContinuantTrait|https://w3id.org/physiomap/MapVariable|https://w3id.org/physiomap/Trait
macrophage_activation	true	https://w3id.org/physiomap/MapVariable|https://w3id.org/physiomap/ProcessTrait|https://w3id.org/physiomap/Trait
macrophage_caspase1_activity	true	https://w3id.org/physiomap/ContinuantTrait|https://w3id.org/physiomap/MapVariable|https://w3id.org/physiomap/Trait
macrophage_il1beta_secretion	true	https://w3id.org/physiomap/MapVariable|https://w3id.org/physiomap/ProcessTrait|https://w3id.org/physiomap/Trait
macrophage_nlrp3_inflammasome_assembly	true	https://w3id.org/physiomap/MapVariable|https://w3id.org/physiomap/ProcessTrait|https://w3id.org/physiomap/Trait
macula_densa_nacl_signal	true	https://w3id.org/physiomap/MapVariable|https://w3id.org/physiomap/ProcessTrait|https://w3id.org/physiomap/Trait
magnocellular_neuron_adh_secretion	true	https://w3id.org/physiomap/MapVariable|https://w3id.org/physiomap/ProcessTrait|https://w3id.org/physiomap/Trait
male_breast_glandular_tissue_mass	true	https://w3id.org/physiomap/ContinuantTrait|https://w3id.org/physiomap/MapVariable|https://w3id.org/physiomap/Trait
malic_enzyme_activity	true	https://w3id.org/physiomap/ContinuantTrait|https://w3id.org/physiomap/MapVariable|https://w3id.org/physiomap/Trait
malonyl_coa_decarboxylase_activity	true	https://w3id.org/physiomap/ContinuantTrait|https://w3id.org/physiomap/MapVariable|https://w3id.org/physiomap/Trait
malonyl_coa_level	true	https://w3id.org/physiomap/ContinuantTrait|https://w3id.org/physiomap/MapVariable|https://w3id.org/physiomap/Trait
mammary_milk_production_rate	true	https://w3id.org/physiomap/MapVariable|https://w3id.org/physiomap/ProcessTrait|https://w3id.org/physiomap/Trait
mannosyl_oligosaccharide_glucosidase_activity	true	https://w3id.org/physiomap/ContinuantTrait|https://w3id.org/physiomap/MapVariable|https://w3id.org/physiomap/Trait
mast_cell_degranulation	true	https://w3id.org/physiomap/MapVariable|https://w3id.org/physiomap/ProcessTrait|https://w3id.org/physiomap/Trait
mc4r_activity	true	https://w3id.org/physiomap/ContinuantTrait|https://w3id.org/physiomap/MapVariable|https://w3id.org/physiomap/Trait
mcad_activity	true	https://w3id.org/physiomap/ContinuantTrait|https://w3id.org/physiomap/MapVariable|https://w3id.org/physiomap/Trait
mcc_activity	true	https://w3id.org/physiomap/ContinuantTrait|https://w3id.org/physiomap/MapVariable|https://w3id.org/physiomap/Trait
mean_arterial_pressure	true	https://w3id.org/physiomap/ContinuantTrait|https://w3id.org/physiomap/MapVariable|https://w3id.org/physiomap/Trait
membrane_pip2_vsmc	true	https://w3id.org/physiomap/ContinuantTrait|https://w3id.org/physiomap/MapVariable|https://w3id.org/physiomap/Trait
metabolic_heat_production	true	https://w3id.org/physiomap/MapVariable|https://w3id.org/physiomap/ProcessTrait|https://w3id.org/physiomap/Trait
metabolic_rate	true	https://w3id.org/physiomap/MapVariable|https://w3id.org/physiomap/ProcessTrait|https://w3id.org/physiomap/Trait
methionine_adenosyltransferase_activity	true	https://w3id.org/physiomap/ContinuantTrait|https://w3id.org/physiomap/MapVariable|https://w3id.org/physiomap/Trait
methionine_synthase_activity	true	https://w3id.org/physiomap/ContinuantTrait|https://w3id.org/physiomap/MapVariable|https://w3id.org/physiomap/Trait
methylcrotonyl_coa_carboxylase_activity	true	https://w3id.org/physiomap/ContinuantTrait|https://w3id.org/physiomap/MapVariable|https://w3id.org/physiomap/Trait
methylglutaconyl_coa_hydratase_activity	true	https://w3id.org/physiomap/ContinuantTrait|https://w3id.org/physiomap/MapVariable|https://w3id.org/physiomap/Trait
methylmalonyl_coa_mutase_activity	true	https://w3id.org/physiomap/ContinuantTrait|https://w3id.org/physiomap/MapVariable|https://w3id.org/physiomap/Trait
mevalonate_kinase_activity	true	https://w3id.org/physiomap/ContinuantTrait|https://w3id.org/physiomap/MapVariable|https://w3id.org/physiomap/Trait
mitochondrial_atp_synthase_activity	true	https://w3id.org/physiomap/ContinuantTrait|https://w3id.org/physiomap/MapVariable|https://w3id.org/physiomap/Trait
mitochondrial_complex_i_activity	true	https://w3id.org/physiomap/ContinuantTrait|https://w3id.org/physiomap/MapVariable|https://w3id.org/physiomap/Trait
mitochondrial_complex_ii_activity	true	https://w3id.org/physiomap/ContinuantTrait|https://w3id.org/physiomap/MapVariable|https://w3id.org/physiomap/Trait
mitochondrial_complex_iii_activity	true	https://w3id.org/physiomap/ContinuantTrait|https://w3id.org/physiomap/MapVariable|https://w3id.org/physiomap/Trait
mitochondrial_complex_iv_activity	true	https://w3id.org/physiomap/ContinuantTrait|https://w3id.org/physiomap/MapVariable|https://w3id.org/physiomap/Trait
mitochondrial_proton_gradient	true	https://w3id.org/physiomap/ContinuantTrait|https://w3id.org/physiomap/MapVariable|https://w3id.org/physiomap/Trait
mitochondrial_respiratory_chain_activity	true	https://w3id.org/physiomap/ContinuantTrait|https://w3id.org/physiomap/MapVariable|https://w3id.org/physiomap/Trait
mixed_venous_po2	true	https://w3id.org/physiomap/ContinuantTrait|https://w3id.org/physiomap/MapVariable|https://w3id.org/physiomap/Trait
mlc_phosphorylation	true	https://w3id.org/physiomap/ContinuantTrait|https://w3id.org/physiomap/MapVariable|https://w3id.org/physiomap/Trait
mlycd_activity	true	https://w3id.org/physiomap/ContinuantTrait|https://w3id.org/physiomap/MapVariable|https://w3id.org/physiomap/Trait
mmp2_fibroblast_activity	true	https://w3id.org/physiomap/ContinuantTrait|https://w3id.org/physiomap/MapVariable|https://w3id.org/physiomap/Trait
mmsdh_activity	true	https://w3id.org/physiomap/ContinuantTrait|https://w3id.org/physiomap/MapVariable|https://w3id.org/physiomap/Trait
molecular_chaperone_activity	true	https://w3id.org/physiomap/ContinuantTrait|https://w3id.org/physiomap/MapVariable|https://w3id.org/physiomap/Trait
monoamine_oxidase_activity	true	https://w3id.org/physiomap/ContinuantTrait|https://w3id.org/physiomap/MapVariable|https://w3id.org/physiomap/Trait
motilin_secreting_cell_activity	true	https://w3id.org/physiomap/MapVariable|https://w3id.org/physiomap/ProcessTrait|https://w3id.org/physiomap/Trait
motor_neuron_firing_rate	true	https://w3id.org/physiomap/MapVariable|https://w3id.org/physiomap/ProcessTrait|https://w3id.org/physiomap/Trait
motor_unit_recruitment	true	https://w3id.org/physiomap/ContinuantTrait|https://w3id.org/physiomap/MapVariable|https://w3id.org/physiomap/Trait
msmo1_activity	true	https://w3id.org/physiomap/ContinuantTrait|https://w3id.org/physiomap/MapVariable|https://w3id.org/physiomap/Trait
mtor_activity	true	https://w3id.org/physiomap/ContinuantTrait|https://w3id.org/physiomap/MapVariable|https://w3id.org/physiomap/Trait
mttp_activity	true	https://w3id.org/physiomap/ContinuantTrait|https://w3id.org/physiomap/MapVariable|https://w3id.org/physiomap/Trait
muscle_carnitine	true	https://w3id.org/physiomap/ContinuantTrait|https://w3id.org/physiomap/MapVariable|https://w3id.org/physiomap/Trait
muscle_caveolin_3	true	https://w3id.org/physiomap/ContinuantTrait|https://w3id.org/physiomap/MapVariable|https://w3id.org/physiomap/Trait
muscle_coenzyme_q10	true	https://w3id.org/physiomap/ContinuantTrait|https://w3id.org/physiomap/MapVariable|https://w3id.org/physiomap/Trait
muscle_glycogen_content	true	https://w3id.org/physiomap/ContinuantTrait|https://w3id.org/physiomap/MapVariable|https://w3id.org/physiomap/Trait
muscle_glycogen_synthase_activity	true	https://w3id.org/physiomap/ContinuantTrait|https://w3id.org/physiomap/MapVariable|https://w3id.org/physiomap/Trait
muscle_lactate_dehydrogenase_activity	true	https://w3id.org/physiomap/ContinuantTrait|https://w3id.org/physiomap/MapVariable|https://w3id.org/physiomap/Trait
muscle_lipoic_acid	true	https://w3id.org/physiomap/ContinuantTrait|https://w3id.org/physiomap/MapVariable|https://w3id.org/physiomap/Trait
muscle_protein_synthesis_rate	true	https://w3id.org/physiomap/MapVariable|https://w3id.org/physiomap/ProcessTrait|https://w3id.org/physiomap/Trait
muscle_tissue_oxygen	true	https://w3id.org/physiomap/ContinuantTrait|https://w3id.org/physiomap/MapVariable|https://w3id.org/physiomap/Trait
mut_activity	true	https://w3id.org/physiomap/ContinuantTrait|https://w3id.org/physiomap/MapVariable|https://w3id.org/physiomap/Trait
myeloperoxidase_activity	true	https://w3id.org/physiomap/ContinuantTrait|https://w3id.org/physiomap/MapVariable|https://w3id.org/physiomap/Trait
myoadenylate_deaminase_activity	true	https://w3id.org/physiomap/ContinuantTrait|https://w3id.org/physiomap/MapVariable|https://w3id.org/physiomap/Trait
myocardial_contractility	true	https://w3id.org/physiomap/ContinuantTrait|https://w3id.org/physiomap/MapVariable|https://w3id.org/physiomap/Trait
myophosphorylase_activity	true	https://w3id.org/physiomap/ContinuantTrait|https://w3id.org/physiomap/MapVariable|https://w3id.org/physiomap/Trait
n_acetylgalactosamine_6_sulfatase_activity	true	https://w3id.org/physiomap/ContinuantTrait|https://w3id.org/physiomap/MapVariable|https://w3id.org/physiomap/Trait
n_acetylglucosamine_6_sulfatase_activity	true	https://w3id.org/physiomap/ContinuantTrait|https://w3id.org/physiomap/MapVariable|https://w3id.org/physiomap/Trait
na_k_atpase_activity	true	https://w3id.org/physiomap/ContinuantTrait|https://w3id.org/physiomap/MapVariable|https://w3id.org/physiomap/Trait
nadsyn1_activity	true	https://w3id.org/physiomap/ContinuantTrait|https://w3id.org/physiomap/MapVariable|https://w3id.org/physiomap/Trait
nags_activity	true	https://w3id.org/physiomap/ContinuantTrait|https://w3id.org/physiomap/MapVariable|https://w3id.org/physiomap/Trait
net_filtration_pressure	true	https://w3id.org/physiomap/ContinuantTrait|https://w3id.org/physiomap/MapVariable|https://w3id.org/physiomap/Trait
neuraminidase_activity	true	https://w3id.org/physiomap/ContinuantTrait|https://w3id.org/physiomap/MapVariable|https://w3id.org/physiomap/Trait
neurokinin_b	true	https://w3id.org/physiomap/ContinuantTrait|https://w3id.org/physiomap/MapVariable|https://w3id.org/physiomap/Trait
neutrophil_extravasation	true	https://w3id.org/physiomap/MapVariable|https://w3id.org/physiomap/ProcessTrait|https://w3id.org/physiomap/Trait
nipple_suckling_stimulation	true	https://w3id.org/physiomap/MapVariable|https://w3id.org/physiomap/ProcessTrait|https://w3id.org/physiomap/Trait
nis_activity	true	https://w3id.org/physiomap/ContinuantTrait|https://w3id.org/physiomap/MapVariable|https://w3id.org/physiomap/Trait
nkcc2_activity	true	https://w3id.org/physiomap/ContinuantTrait|https://w3id.org/physiomap/MapVariable|https://w3id.org/physiomap/Trait
nmj_ache_activity	true	https://w3id.org/physiomap/ContinuantTrait|https://w3id.org/physiomap/MapVariable|https://w3id.org/physiomap/Trait
nociceptive_afferent_activity	true	https://w3id.org/physiomap/MapVariable|https://w3id.org/physiomap/ProcessTrait|https://w3id.org/physiomap/Trait
norepinephrine	true	https://w3id.org/physiomap/ContinuantTrait|https://w3id.org/physiomap/MapVariable|https://w3id.org/physiomap/Trait
nsdhl_activity	true	https://w3id.org/physiomap/ContinuantTrait|https://w3id.org/physiomap/MapVariable|https://w3id.org/physiomap/Trait
nuclear_srebp2_activity	true	https://w3id.org/physiomap/ContinuantTrait|https://w3id.org/physiomap/MapVariable|https://w3id.org/physiomap/Trait
o2_transfer_rate	true	https://w3id.org/physiomap/MapVariable|https://w3id.org/physiomap/ProcessTrait|https://w3id.org/physiomap/Trait
oas_activity	true	https://w3id.org/physiomap/ContinuantTrait|https://w3id.org/physiomap/MapVariable|https://w3id.org/physiomap/Trait
ocrl1_activity	true	https://w3id.org/physiomap/ContinuantTrait|https://w3id.org/physiomap/MapVariable|https://w3id.org/physiomap/Trait
octn2_activity	true	https://w3id.org/physiomap/ContinuantTrait|https://w3id.org/physiomap/MapVariable|https://w3id.org/physiomap/Trait
oligoadenylate_25_concentration	true	https://w3id.org/physiomap/ContinuantTrait|https://w3id.org/physiomap/MapVariable|https://w3id.org/physiomap/Trait
opioid_concentration	true	https://w3id.org/physiomap/ContinuantTrait|https://w3id.org/physiomap/MapVariable|https://w3id.org/physiomap/Trait
ornithine_aminotransferase_activity	true	https://w3id.org/physiomap/ContinuantTrait|https://w3id.org/physiomap/MapVariable|https://w3id.org/physiomap/Trait
osteoblast_activity	true	https://w3id.org/physiomap/MapVariable|https://w3id.org/physiomap/ProcessTrait|https://w3id.org/physiomap/Trait
osteoblast_opg	true	https://w3id.org/physiomap/MapVariable|https://w3id.org/physiomap/ProcessTrait|https://w3id.org/physiomap/Trait
osteoblast_rankl	true	https://w3id.org/physiomap/MapVariable|https://w3id.org/physiomap/ProcessTrait|https://w3id.org/physiomap/Trait
osteoclast_activity	true	https://w3id.org/physiomap/MapVariable|https://w3id.org/physiomap/ProcessTrait|https://w3id.org/physiomap/Trait
osteocyte_fgf23_secretion	true	https://w3id.org/physiomap/MapVariable|https://w3id.org/physiomap/ProcessTrait|https://w3id.org/physiomap/Trait
osteocyte_sclerostin	true	https://w3id.org/physiomap/MapVariable|https://w3id.org/physiomap/ProcessTrait|https://w3id.org/physiomap/Trait
otc_activity	true	https://w3id.org/physiomap/ContinuantTrait|https://w3id.org/physiomap/MapVariable|https://w3id.org/physiomap/Trait
oxoprolinase_activity	true	https://w3id.org/physiomap/ContinuantTrait|https://w3id.org/physiomap/MapVariable|https://w3id.org/physiomap/Trait
oxygen_delivery	true	https://w3id.org/physiomap/MapVariable|https://w3id.org/physiomap/ProcessTrait|https://w3id.org/physiomap/Trait
p5c_dehydrogenase_activity	true	https://w3id.org/physiomap/ContinuantTrait|https://w3id.org/physiomap/MapVariable|https://w3id.org/physiomap/Trait
paf_acetylhydrolase_activity	true	https://w3id.org/physiomap/ContinuantTrait|https://w3id.org/physiomap/MapVariable|https://w3id.org/physiomap/Trait
pah_activity	true	https://w3id.org/physiomap/ContinuantTrait|https://w3id.org/physiomap/MapVariable|https://w3id.org/physiomap/Trait
pah_enzyme_activity	true	https://w3id.org/physiomap/ContinuantTrait|https://w3id.org/physiomap/MapVariable|https://w3id.org/physiomap/Trait
pancreatic_amylase_activity	true	https://w3id.org/physiomap/ContinuantTrait|https://w3id.org/physiomap/MapVariable|https://w3id.org/physiomap/Trait
pancreatic_bicarbonate_secretion	true	https://w3id.org/physiomap/MapVariable|https://w3id.org/physiomap/ProcessTrait|https://w3id.org/physiomap/Trait
pancreatic_enzyme_secretion	true	https://w3id.org/physiomap/MapVariable|https://w3id.org/physiomap/ProcessTrait|https://w3id.org/physiomap/Trait
pancreatic_exocrine_secretion	true	https://w3id.org/physiomap/MapVariable|https://w3id.org/physiomap/ProcessTrait|https://w3id.org/physiomap/Trait
pancreatic_lipase_activity	true	https://w3id.org/physiomap/ContinuantTrait|https://w3id.org/physiomap/MapVariable|https://w3id.org/physiomap/Trait
pancreatic_vagal_tone	true	https://w3id.org/physiomap/MapVariable|https://w3id.org/physiomap/ProcessTrait|https://w3id.org/physiomap/Trait
parafollicular_cell_calcitonin_secretion	true	https://w3id.org/physiomap/MapVariable|https://w3id.org/physiomap/ProcessTrait|https://w3id.org/physiomap/Trait
parasympathetic_tone	true	https://w3id.org/physiomap/MapVariable|https://w3id.org/physiomap/ProcessTrait|https://w3id.org/physiomap/Trait
parathyroid_chief_cell_proliferation	true	https://w3id.org/physiomap/MapVariable|https://w3id.org/physiomap/ProcessTrait|https://w3id.org/physiomap/Trait
parathyroid_chief_pth_secretion	true	https://w3id.org/physiomap/MapVariable|https://w3id.org/physiomap/ProcessTrait|https://w3id.org/physiomap/Trait
parietal_cell_intrinsic_factor_secretion	true	https://w3id.org/physiomap/MapVariable|https://w3id.org/physiomap/ProcessTrait|https://w3id.org/physiomap/Trait
parvocellular_crh_secretion	true	https://w3id.org/physiomap/MapVariable|https://w3id.org/physiomap/ProcessTrait|https://w3id.org/physiomap/Trait
pcsk9_concentration	true	https://w3id.org/physiomap/ContinuantTrait|https://w3id.org/physiomap/MapVariable|https://w3id.org/physiomap/Trait
pde_activity	true	https://w3id.org/physiomap/MapVariable|https://w3id.org/physiomap/ProcessTrait|https://w3id.org/physiomap/Trait
pdh_complex_activity	true	https://w3id.org/physiomap/ContinuantTrait|https://w3id.org/physiomap/MapVariable|https://w3id.org/physiomap/Trait
pendrin_activity	true	https://w3id.org/physiomap/ContinuantTrait|https://w3id.org/physiomap/MapVariable|https://w3id.org/physiomap/Trait
pepck1_expression	true	https://w3id.org/physiomap/ContinuantTrait|https://w3id.org/physiomap/MapVariable|https://w3id.org/physiomap/Trait
pepck_activity	true	https://w3id.org/physiomap/ContinuantTrait|https://w3id.org/physiomap/MapVariable|https://w3id.org/physiomap/Trait
peripheral_glucose_uptake	true	https://w3id.org/physiomap/MapVariable|https://w3id.org/physiomap/ProcessTrait|https://w3id.org/physiomap/Trait
peripheral_o2_unloading	true	https://w3id.org/physiomap/MapVariable|https://w3id.org/physiomap/ProcessTrait|https://w3id.org/physiomap/Trait
peritubular_capillary_hydrostatic_pressure	true	https://w3id.org/physiomap/ContinuantTrait|https://w3id.org/physiomap/MapVariable|https://w3id.org/physiomap/Trait
phex_endopeptidase_activity	true	https://w3id.org/physiomap/ContinuantTrait|https://w3id.org/physiomap/MapVariable|https://w3id.org/physiomap/Trait
phosphofructokinase_activity	true	https://w3id.org/physiomap/ContinuantTrait|https://w3id.org/physiomap/MapVariable|https://w3id.org/physiomap/Trait
phosphoglycerate_dehydrogenase_activity	true	https://w3id.org/physiomap/ContinuantTrait|https://w3id.org/physiomap/MapVariable|https://w3id.org/physiomap/Trait
phosphoglycerate_kinase_activity	true	https://w3id.org/physiomap/ContinuantTrait|https://w3id.org/physiomap/MapVariable|https://w3id.org/physiomap/Trait
phosphoglycerate_mutase_activity	true	https://w3id.org/physiomap/ContinuantTrait|https://w3id.org/physiomap/MapVariable|https://w3id.org/physiomap/Trait
phospholamban_level	true	https://w3id.org/physiomap/ContinuantTrait|https://w3id.org/physiomap/MapVariable|https://w3id.org/physiomap/Trait
phosphomannomutase_activity	true	https://w3id.org/physiomap/ContinuantTrait|https://w3id.org/physiomap/MapVariable|https://w3id.org/physiomap/Trait
phosphomannose_isomerase_activity	true	https://w3id.org/physiomap/ContinuantTrait|https://w3id.org/physiomap/MapVariable|https://w3id.org/physiomap/Trait
phosphorylase_kinase_activity	true	https://w3id.org/physiomap/ContinuantTrait|https://w3id.org/physiomap/MapVariable|https://w3id.org/physiomap/Trait
phosphoserine_phosphatase_activity	true	https://w3id.org/physiomap/ContinuantTrait|https://w3id.org/physiomap/MapVariable|https://w3id.org/physiomap/Trait
physiologic_dead_space_volume	true	https://w3id.org/physiomap/ContinuantTrait|https://w3id.org/physiomap/MapVariable|https://w3id.org/physiomap/Trait
phytanoyl_coa_hydroxylase_activity	true	https://w3id.org/physiomap/ContinuantTrait|https://w3id.org/physiomap/MapVariable|https://w3id.org/physiomap/Trait
pi3k_akt_activity	true	https://w3id.org/physiomap/ContinuantTrait|https://w3id.org/physiomap/MapVariable|https://w3id.org/physiomap/Trait
pipox_activity	true	https://w3id.org/physiomap/ContinuantTrait|https://w3id.org/physiomap/MapVariable|https://w3id.org/physiomap/Trait
pituitary_acth_secretion	true	https://w3id.org/physiomap/MapVariable|https://w3id.org/physiomap/ProcessTrait|https://w3id.org/physiomap/Trait
pituitary_activin	true	https://w3id.org/physiomap/ContinuantTrait|https://w3id.org/physiomap/MapVariable|https://w3id.org/physiomap/Trait
pituitary_follistatin	true	https://w3id.org/physiomap/ContinuantTrait|https://w3id.org/physiomap/MapVariable|https://w3id.org/physiomap/Trait
pituitary_fsh_secretion	true	https://w3id.org/physiomap/MapVariable|https://w3id.org/physiomap/ProcessTrait|https://w3id.org/physiomap/Trait
pituitary_gh	true	https://w3id.org/physiomap/ContinuantTrait|https://w3id.org/physiomap/MapVariable|https://w3id.org/physiomap/Trait
pituitary_gh_secretion	true	https://w3id.org/physiomap/MapVariable|https://w3id.org/physiomap/ProcessTrait|https://w3id.org/physiomap/Trait|https://w3id.org/physiomap/grouping/grouping-78aa9b0f03bda37f8e6d
pituitary_lh_secretion	true	https://w3id.org/physiomap/MapVariable|https://w3id.org/physiomap/ProcessTrait|https://w3id.org/physiomap/Trait
pituitary_prolactin_secretion	true	https://w3id.org/physiomap/MapVariable|https://w3id.org/physiomap/ProcessTrait|https://w3id.org/physiomap/Trait
pituitary_tsh_secretion	true	https://w3id.org/physiomap/MapVariable|https://w3id.org/physiomap/ProcessTrait|https://w3id.org/physiomap/Trait
pka_activity	true	https://w3id.org/physiomap/ContinuantTrait|https://w3id.org/physiomap/MapVariable|https://w3id.org/physiomap/Trait
plasma_11_deoxycorticosterone	true	https://w3id.org/physiomap/ContinuantTrait|https://w3id.org/physiomap/MapVariable|https://w3id.org/physiomap/Trait
plasma_11_deoxycortisol	true	https://w3id.org/physiomap/ContinuantTrait|https://w3id.org/physiomap/MapVariable|https://w3id.org/physiomap/Trait
plasma_12_hete	true	https://w3id.org/physiomap/ContinuantTrait|https://w3id.org/physiomap/MapVariable|https://w3id.org/physiomap/Trait
plasma_17_hydroxypregnenolone	true	https://w3id.org/physiomap/ContinuantTrait|https://w3id.org/physiomap/MapVariable|https://w3id.org/physiomap/Trait
plasma_17ohp	true	https://w3id.org/physiomap/ContinuantTrait|https://w3id.org/physiomap/MapVariable|https://w3id.org/physiomap/Trait
plasma_18_hydroxycortisone	true	https://w3id.org/physiomap/ContinuantTrait|https://w3id.org/physiomap/MapVariable|https://w3id.org/physiomap/Trait
plasma_1_methylhistidine	true	https://w3id.org/physiomap/ContinuantTrait|https://w3id.org/physiomap/MapVariable|https://w3id.org/physiomap/Trait
plasma_25oh_vitamin_d	true	https://w3id.org/physiomap/ContinuantTrait|https://w3id.org/physiomap/MapVariable|https://w3id.org/physiomap/Trait
plasma_27_hydroxycholesterol	true	https://w3id.org/physiomap/ContinuantTrait|https://w3id.org/physiomap/MapVariable|https://w3id.org/physiomap/Trait
plasma_2_aminoadipate	true	https://w3id.org/physiomap/ContinuantTrait|https://w3id.org/physiomap/MapVariable|https://w3id.org/physiomap/Trait
plasma_2_hydroxybutyrate	true	https://w3id.org/physiomap/ContinuantTrait|https://w3id.org/physiomap/MapVariable|https://w3id.org/physiomap/Trait
plasma_3_hydroxyanthranilate	true	https://w3id.org/physiomap/ContinuantTrait|https://w3id.org/physiomap/MapVariable|https://w3id.org/physiomap/Trait
plasma_3_hydroxybutyrate	true	https://w3id.org/physiomap/ContinuantTrait|https://w3id.org/physiomap/MapVariable|https://w3id.org/physiomap/Trait
plasma_3_hydroxybutyrylcarnitine	true	https://w3id.org/physiomap/ContinuantTrait|https://w3id.org/physiomap/MapVariable|https://w3id.org/physiomap/Trait
plasma_3_hydroxyhexadecanoylcarnitine	true	https://w3id.org/physiomap/ContinuantTrait|https://w3id.org/physiomap/MapVariable|https://w3id.org/physiomap/Trait
plasma_3_hydroxyhexanoylcarnitine	true	https://w3id.org/physiomap/ContinuantTrait|https://w3id.org/physiomap/MapVariable|https://w3id.org/physiomap/Trait
plasma_3_hydroxyisovalerylcarnitine	true	https://w3id.org/physiomap/ContinuantTrait|https://w3id.org/physiomap/MapVariable|https://w3id.org/physiomap/Trait
plasma_3_hydroxykynurenine	true	https://w3id.org/physiomap/ContinuantTrait|https://w3id.org/physiomap/MapVariable|https://w3id.org/physiomap/Trait
plasma_3_hydroxylinoleylcarnitine	true	https://w3id.org/physiomap/ContinuantTrait|https://w3id.org/physiomap/MapVariable|https://w3id.org/physiomap/Trait
plasma_3_hydroxypalmitoleylcarnitine	true	https://w3id.org/physiomap/ContinuantTrait|https://w3id.org/physiomap/MapVariable|https://w3id.org/physiomap/Trait
plasma_3_ketoacyl_coa_thiolase	true	https://w3id.org/physiomap/ContinuantTrait|https://w3id.org/physiomap/MapVariable|https://w3id.org/physiomap/Trait
plasma_3_methyl_2_oxovalerate	true	https://w3id.org/physiomap/ContinuantTrait|https://w3id.org/physiomap/MapVariable|https://w3id.org/physiomap/Trait
plasma_3_methylhistidine	true	https://w3id.org/physiomap/ContinuantTrait|https://w3id.org/physiomap/MapVariable|https://w3id.org/physiomap/Trait
plasma_4_hydroxybutyrate	true	https://w3id.org/physiomap/ContinuantTrait|https://w3id.org/physiomap/MapVariable|https://w3id.org/physiomap/Trait
plasma_4_hydroxyphenylacetate	true	https://w3id.org/physiomap/ContinuantTrait|https://w3id.org/physiomap/MapVariable|https://w3id.org/physiomap/Trait
plasma_4_hydroxyphenyllactate	true	https://w3id.org/physiomap/ContinuantTrait|https://w3id.org/physiomap/MapVariable|https://w3id.org/physiomap/Trait
plasma_4_methyl_2_oxopentanoate	true	https://w3id.org/physiomap/ContinuantTrait|https://w3id.org/physiomap/MapVariable|https://w3id.org/physiomap/Trait
plasma_5_hydroxymethyluracil	true	https://w3id.org/physiomap/ContinuantTrait|https://w3id.org/physiomap/MapVariable|https://w3id.org/physiomap/Trait
plasma_5_methyltetrahydrofolate	true	https://w3id.org/physiomap/ContinuantTrait|https://w3id.org/physiomap/MapVariable|https://w3id.org/physiomap/Trait
plasma_5_oxoproline	true	https://w3id.org/physiomap/ContinuantTrait|https://w3id.org/physiomap/MapVariable|https://w3id.org/physiomap/Trait
plasma_7_dehydrocholesterol	true	https://w3id.org/physiomap/ContinuantTrait|https://w3id.org/physiomap/MapVariable|https://w3id.org/physiomap/Trait
plasma_8_9_cholestenol	true	https://w3id.org/physiomap/ContinuantTrait|https://w3id.org/physiomap/MapVariable|https://w3id.org/physiomap/Trait
plasma_8_dehydrocholesterol	true	https://w3id.org/physiomap/ContinuantTrait|https://w3id.org/physiomap/MapVariable|https://w3id.org/physiomap/Trait
plasma_ace	true	https://w3id.org/physiomap/ContinuantTrait|https://w3id.org/physiomap/MapVariable|https://w3id.org/physiomap/Trait
plasma_acetaldehyde	true	https://w3id.org/physiomap/ContinuantTrait|https://w3id.org/physiomap/MapVariable|https://w3id.org/physiomap/Trait
plasma_acetoacetate	true	https://w3id.org/physiomap/ContinuantTrait|https://w3id.org/physiomap/MapVariable|https://w3id.org/physiomap/Trait
plasma_acetylcarnitine	true	https://w3id.org/physiomap/ContinuantTrait|https://w3id.org/physiomap/MapVariable|https://w3id.org/physiomap/Trait
plasma_acid_phosphatase	true	https://w3id.org/physiomap/ContinuantTrait|https://w3id.org/physiomap/MapVariable|https://w3id.org/physiomap/Trait
plasma_aconitate	true	https://w3id.org/physiomap/ContinuantTrait|https://w3id.org/physiomap/MapVariable|https://w3id.org/physiomap/Trait
plasma_activin	true	https://w3id.org/physiomap/ContinuantTrait|https://w3id.org/physiomap/MapVariable|https://w3id.org/physiomap/Trait
plasma_activin_a	true	https://w3id.org/physiomap/ContinuantTrait|https://w3id.org/physiomap/MapVariable|https://w3id.org/physiomap/Trait
plasma_acylcarnitine	true	https://w3id.org/physiomap/ContinuantTrait|https://w3id.org/physiomap/MapVariable|https://w3id.org/physiomap/Trait
plasma_adenosylcobalamin	true	https://w3id.org/physiomap/ContinuantTrait|https://w3id.org/physiomap/MapVariable|https://w3id.org/physiomap/Trait
plasma_adiponectin	true	https://w3id.org/physiomap/ContinuantTrait|https://w3id.org/physiomap/MapVariable|https://w3id.org/physiomap/Trait
plasma_adrenic_acid	true	https://w3id.org/physiomap/ContinuantTrait|https://w3id.org/physiomap/MapVariable|https://w3id.org/physiomap/Trait
plasma_alanine	true	https://w3id.org/physiomap/ContinuantTrait|https://w3id.org/physiomap/MapVariable|https://w3id.org/physiomap/Trait
plasma_albumin	true	https://w3id.org/physiomap/ContinuantTrait|https://w3id.org/physiomap/MapVariable|https://w3id.org/physiomap/Trait
plasma_aldolase	true	https://w3id.org/physiomap/ContinuantTrait|https://w3id.org/physiomap/MapVariable|https://w3id.org/physiomap/Trait
plasma_allantoin	true	https://w3id.org/physiomap/ContinuantTrait|https://w3id.org/physiomap/MapVariable|https://w3id.org/physiomap/Trait
plasma_allergen_specific_ige	true	https://w3id.org/physiomap/ContinuantTrait|https://w3id.org/physiomap/MapVariable|https://w3id.org/physiomap/Trait
plasma_alloisoleucine	true	https://w3id.org/physiomap/ContinuantTrait|https://w3id.org/physiomap/MapVariable|https://w3id.org/physiomap/Trait
plasma_alpha1_antitrypsin	true	https://w3id.org/physiomap/ContinuantTrait|https://w3id.org/physiomap/MapVariable|https://w3id.org/physiomap/Trait
plasma_alpha_aminoadipate	true	https://w3id.org/physiomap/ContinuantTrait|https://w3id.org/physiomap/MapVariable|https://w3id.org/physiomap/Trait
plasma_alpha_aminobutyrate	true	https://w3id.org/physiomap/ContinuantTrait|https://w3id.org/physiomap/MapVariable|https://w3id.org/physiomap/Trait
plasma_alpha_fetoprotein	true	https://w3id.org/physiomap/ContinuantTrait|https://w3id.org/physiomap/MapVariable|https://w3id.org/physiomap/Trait
plasma_alpha_globulin	true	https://w3id.org/physiomap/ContinuantTrait|https://w3id.org/physiomap/MapVariable|https://w3id.org/physiomap/Trait
plasma_alpha_ketoglutarate	true	https://w3id.org/physiomap/ContinuantTrait|https://w3id.org/physiomap/MapVariable|https://w3id.org/physiomap/Trait
plasma_alt	true	https://w3id.org/physiomap/ContinuantTrait|https://w3id.org/physiomap/MapVariable|https://w3id.org/physiomap/Trait
plasma_amh	true	https://w3id.org/physiomap/ContinuantTrait|https://w3id.org/physiomap/MapVariable|https://w3id.org/physiomap/Trait
plasma_amino_acids	true	https://w3id.org/physiomap/ContinuantTrait|https://w3id.org/physiomap/MapVariable|https://w3id.org/physiomap/Trait
plasma_aminoadipic_semialdehyde	true	https://w3id.org/physiomap/ContinuantTrait|https://w3id.org/physiomap/MapVariable|https://w3id.org/physiomap/Trait
plasma_ammonia	true	https://w3id.org/physiomap/ContinuantTrait|https://w3id.org/physiomap/MapVariable|https://w3id.org/physiomap/Trait
plasma_amylase	true	https://w3id.org/physiomap/ContinuantTrait|https://w3id.org/physiomap/MapVariable|https://w3id.org/physiomap/Trait
plasma_amylin	true	https://w3id.org/physiomap/ContinuantTrait|https://w3id.org/physiomap/MapVariable|https://w3id.org/physiomap/Trait
plasma_anandamide	true	https://w3id.org/physiomap/ContinuantTrait|https://w3id.org/physiomap/MapVariable|https://w3id.org/physiomap/Trait
plasma_androgen	true	https://w3id.org/physiomap/ContinuantTrait|https://w3id.org/physiomap/MapVariable|https://w3id.org/physiomap/Trait
plasma_androstenedione	true	https://w3id.org/physiomap/ContinuantTrait|https://w3id.org/physiomap/MapVariable|https://w3id.org/physiomap/Trait
plasma_angiotensinogen	true	https://w3id.org/physiomap/ContinuantTrait|https://w3id.org/physiomap/MapVariable|https://w3id.org/physiomap/Trait
plasma_anhydroglucitol	true	https://w3id.org/physiomap/ContinuantTrait|https://w3id.org/physiomap/MapVariable|https://w3id.org/physiomap/Trait
plasma_apolipoprotein	true	https://w3id.org/physiomap/ContinuantTrait|https://w3id.org/physiomap/MapVariable|https://w3id.org/physiomap/Trait
plasma_apolipoprotein_a1	true	https://w3id.org/physiomap/ContinuantTrait|https://w3id.org/physiomap/MapVariable|https://w3id.org/physiomap/Trait
plasma_apolipoprotein_a2	true	https://w3id.org/physiomap/ContinuantTrait|https://w3id.org/physiomap/MapVariable|https://w3id.org/physiomap/Trait
plasma_apolipoprotein_a4	true	https://w3id.org/physiomap/ContinuantTrait|https://w3id.org/physiomap/MapVariable|https://w3id.org/physiomap/Trait
plasma_apolipoprotein_b	true	https://w3id.org/physiomap/ContinuantTrait|https://w3id.org/physiomap/MapVariable|https://w3id.org/physiomap/Trait
plasma_apolipoprotein_c2	true	https://w3id.org/physiomap/ContinuantTrait|https://w3id.org/physiomap/MapVariable|https://w3id.org/physiomap/Trait
plasma_apolipoprotein_c3	true	https://w3id.org/physiomap/ContinuantTrait|https://w3id.org/physiomap/MapVariable|https://w3id.org/physiomap/Trait
plasma_apolipoprotein_e	true	https://w3id.org/physiomap/ContinuantTrait|https://w3id.org/physiomap/MapVariable|https://w3id.org/physiomap/Trait
plasma_arabinitol	true	https://w3id.org/physiomap/ContinuantTrait|https://w3id.org/physiomap/MapVariable|https://w3id.org/physiomap/Trait
plasma_arachidonic_acid	true	https://w3id.org/physiomap/ContinuantTrait|https://w3id.org/physiomap/MapVariable|https://w3id.org/physiomap/Trait
plasma_arginine	true	https://w3id.org/physiomap/ContinuantTrait|https://w3id.org/physiomap/MapVariable|https://w3id.org/physiomap/Trait
plasma_argininosuccinate	true	https://w3id.org/physiomap/ContinuantTrait|https://w3id.org/physiomap/MapVariable|https://w3id.org/physiomap/Trait
plasma_asparagine	true	https://w3id.org/physiomap/ContinuantTrait|https://w3id.org/physiomap/MapVariable|https://w3id.org/physiomap/Trait
plasma_aspartate	true	https://w3id.org/physiomap/ContinuantTrait|https://w3id.org/physiomap/MapVariable|https://w3id.org/physiomap/Trait
plasma_aspartylglucosamine	true	https://w3id.org/physiomap/ContinuantTrait|https://w3id.org/physiomap/MapVariable|https://w3id.org/physiomap/Trait
plasma_ast	true	https://w3id.org/physiomap/ContinuantTrait|https://w3id.org/physiomap/MapVariable|https://w3id.org/physiomap/Trait
plasma_beta2_microglobulin	true	https://w3id.org/physiomap/ContinuantTrait|https://w3id.org/physiomap/MapVariable|https://w3id.org/physiomap/Trait
plasma_beta_alanine	true	https://w3id.org/physiomap/ContinuantTrait|https://w3id.org/physiomap/MapVariable|https://w3id.org/physiomap/Trait
plasma_beta_aminoisobutyrate	true	https://w3id.org/physiomap/ContinuantTrait|https://w3id.org/physiomap/MapVariable|https://w3id.org/physiomap/Trait
plasma_beta_carotene	true	https://w3id.org/physiomap/ContinuantTrait|https://w3id.org/physiomap/MapVariable|https://w3id.org/physiomap/Trait
plasma_beta_ctx	true	https://w3id.org/physiomap/ContinuantTrait|https://w3id.org/physiomap/MapVariable|https://w3id.org/physiomap/Trait
plasma_beta_hcg	true	https://w3id.org/physiomap/ContinuantTrait|https://w3id.org/physiomap/MapVariable|https://w3id.org/physiomap/Trait
plasma_beta_hexosaminidase	true	https://w3id.org/physiomap/ContinuantTrait|https://w3id.org/physiomap/MapVariable|https://w3id.org/physiomap/Trait
plasma_bicarbonate	true	https://w3id.org/physiomap/ContinuantTrait|https://w3id.org/physiomap/MapVariable|https://w3id.org/physiomap/Trait
plasma_bile_acids	true	https://w3id.org/physiomap/ContinuantTrait|https://w3id.org/physiomap/MapVariable|https://w3id.org/physiomap/Trait
plasma_bile_alcohol	true	https://w3id.org/physiomap/ContinuantTrait|https://w3id.org/physiomap/MapVariable|https://w3id.org/physiomap/Trait
plasma_biliverdin	true	https://w3id.org/physiomap/ContinuantTrait|https://w3id.org/physiomap/MapVariable|https://w3id.org/physiomap/Trait
plasma_biotin	true	https://w3id.org/physiomap/ContinuantTrait|https://w3id.org/physiomap/MapVariable|https://w3id.org/physiomap/Trait
plasma_bnp	true	https://w3id.org/physiomap/ContinuantTrait|https://w3id.org/physiomap/MapVariable|https://w3id.org/physiomap/Trait
plasma_bradykinin	true	https://w3id.org/physiomap/ContinuantTrait|https://w3id.org/physiomap/MapVariable|https://w3id.org/physiomap/Trait
plasma_branched_chain_amino_acids	true	https://w3id.org/physiomap/ContinuantTrait|https://w3id.org/physiomap/MapVariable|https://w3id.org/physiomap/Trait
plasma_butyrylcarnitine	true	https://w3id.org/physiomap/ContinuantTrait|https://w3id.org/physiomap/MapVariable|https://w3id.org/physiomap/Trait
plasma_c12_acylcarnitine	true	https://w3id.org/physiomap/ContinuantTrait|https://w3id.org/physiomap/MapVariable|https://w3id.org/physiomap/Trait
plasma_c16_acylcarnitine	true	https://w3id.org/physiomap/ContinuantTrait|https://w3id.org/physiomap/MapVariable|https://w3id.org/physiomap/Trait
plasma_c18_acylcarnitine	true	https://w3id.org/physiomap/ContinuantTrait|https://w3id.org/physiomap/MapVariable|https://w3id.org/physiomap/Trait
plasma_c4_acylcarnitine	true	https://w3id.org/physiomap/ContinuantTrait|https://w3id.org/physiomap/MapVariable|https://w3id.org/physiomap/Trait
plasma_c5_acylcarnitine	true	https://w3id.org/physiomap/ContinuantTrait|https://w3id.org/physiomap/MapVariable|https://w3id.org/physiomap/Trait
plasma_ca125	true	https://w3id.org/physiomap/ContinuantTrait|https://w3id.org/physiomap/MapVariable|https://w3id.org/physiomap/Trait
plasma_ca19_9	true	https://w3id.org/physiomap/ContinuantTrait|https://w3id.org/physiomap/MapVariable|https://w3id.org/physiomap/Trait
plasma_calcitonin	true	https://w3id.org/physiomap/ContinuantTrait|https://w3id.org/physiomap/MapVariable|https://w3id.org/physiomap/Trait
plasma_calcium	true	https://w3id.org/physiomap/ContinuantTrait|https://w3id.org/physiomap/MapVariable|https://w3id.org/physiomap/Trait
plasma_calprotectin	true	https://w3id.org/physiomap/ContinuantTrait|https://w3id.org/physiomap/MapVariable|https://w3id.org/physiomap/Trait
plasma_carnitine	true	https://w3id.org/physiomap/ContinuantTrait|https://w3id.org/physiomap/MapVariable|https://w3id.org/physiomap/Trait
plasma_carnosine	true	https://w3id.org/physiomap/ContinuantTrait|https://w3id.org/physiomap/MapVariable|https://w3id.org/physiomap/Trait
plasma_catecholamines	true	https://w3id.org/physiomap/ContinuantTrait|https://w3id.org/physiomap/MapVariable|https://w3id.org/physiomap/Trait
plasma_cathepsin_d	true	https://w3id.org/physiomap/ContinuantTrait|https://w3id.org/physiomap/MapVariable|https://w3id.org/physiomap/Trait
plasma_cbg	true	https://w3id.org/physiomap/ContinuantTrait|https://w3id.org/physiomap/MapVariable|https://w3id.org/physiomap/Trait
plasma_cck	true	https://w3id.org/physiomap/ContinuantTrait|https://w3id.org/physiomap/MapVariable|https://w3id.org/physiomap/Trait
plasma_cd46	true	https://w3id.org/physiomap/ContinuantTrait|https://w3id.org/physiomap/MapVariable|https://w3id.org/physiomap/Trait
plasma_cea	true	https://w3id.org/physiomap/ContinuantTrait|https://w3id.org/physiomap/MapVariable|https://w3id.org/physiomap/Trait
plasma_ceruloplasmin	true	https://w3id.org/physiomap/ContinuantTrait|https://w3id.org/physiomap/MapVariable|https://w3id.org/physiomap/Trait
plasma_cfhr1	true	https://w3id.org/physiomap/ContinuantTrait|https://w3id.org/physiomap/MapVariable|https://w3id.org/physiomap/Trait
plasma_chi3l1	true	https://w3id.org/physiomap/ContinuantTrait|https://w3id.org/physiomap/MapVariable|https://w3id.org/physiomap/Trait
plasma_chloride	true	https://w3id.org/physiomap/ContinuantTrait|https://w3id.org/physiomap/MapVariable|https://w3id.org/physiomap/Trait
plasma_cholecystokinin	true	https://w3id.org/physiomap/ContinuantTrait|https://w3id.org/physiomap/MapVariable|https://w3id.org/physiomap/Trait
plasma_cholestane_triol	true	https://w3id.org/physiomap/ContinuantTrait|https://w3id.org/physiomap/MapVariable|https://w3id.org/physiomap/Trait
plasma_cholestanol	true	https://w3id.org/physiomap/ContinuantTrait|https://w3id.org/physiomap/MapVariable|https://w3id.org/physiomap/Trait
plasma_cholesterol_esters	true	https://w3id.org/physiomap/ContinuantTrait|https://w3id.org/physiomap/MapVariable|https://w3id.org/physiomap/Trait
plasma_cholesterol_sulfate	true	https://w3id.org/physiomap/ContinuantTrait|https://w3id.org/physiomap/MapVariable|https://w3id.org/physiomap/Trait
plasma_cholinesterase_activity	true	https://w3id.org/physiomap/ContinuantTrait|https://w3id.org/physiomap/MapVariable|https://w3id.org/physiomap/Trait
plasma_chylomicron	true	https://w3id.org/physiomap/ContinuantTrait|https://w3id.org/physiomap/MapVariable|https://w3id.org/physiomap/Trait
plasma_chylomicrons	true	https://w3id.org/physiomap/ContinuantTrait|https://w3id.org/physiomap/MapVariable|https://w3id.org/physiomap/Trait
plasma_citrulline	true	https://w3id.org/physiomap/ContinuantTrait|https://w3id.org/physiomap/MapVariable|https://w3id.org/physiomap/Trait
plasma_ck_mb	true	https://w3id.org/physiomap/ContinuantTrait|https://w3id.org/physiomap/MapVariable|https://w3id.org/physiomap/Trait
plasma_ck_mm	true	https://w3id.org/physiomap/ContinuantTrait|https://w3id.org/physiomap/MapVariable|https://w3id.org/physiomap/Trait
plasma_comp	true	https://w3id.org/physiomap/ContinuantTrait|https://w3id.org/physiomap/MapVariable|https://w3id.org/physiomap/Trait
plasma_conjugated_bilirubin	true	https://w3id.org/physiomap/ContinuantTrait|https://w3id.org/physiomap/MapVariable|https://w3id.org/physiomap/Trait
plasma_copper	true	https://w3id.org/physiomap/ContinuantTrait|https://w3id.org/physiomap/MapVariable|https://w3id.org/physiomap/Trait
plasma_corticosterone	true	https://w3id.org/physiomap/ContinuantTrait|https://w3id.org/physiomap/MapVariable|https://w3id.org/physiomap/Trait
plasma_cortisone	true	https://w3id.org/physiomap/ContinuantTrait|https://w3id.org/physiomap/MapVariable|https://w3id.org/physiomap/Trait
plasma_cotinine	true	https://w3id.org/physiomap/ContinuantTrait|https://w3id.org/physiomap/MapVariable|https://w3id.org/physiomap/Trait
plasma_creatine	true	https://w3id.org/physiomap/ContinuantTrait|https://w3id.org/physiomap/MapVariable|https://w3id.org/physiomap/Trait
plasma_creatine_kinase	true	https://w3id.org/physiomap/ContinuantTrait|https://w3id.org/physiomap/MapVariable|https://w3id.org/physiomap/Trait
plasma_creatine_kinase_bb	true	https://w3id.org/physiomap/ContinuantTrait|https://w3id.org/physiomap/MapVariable|https://w3id.org/physiomap/Trait
plasma_creatinine	true	https://w3id.org/physiomap/ContinuantTrait|https://w3id.org/physiomap/MapVariable|https://w3id.org/physiomap/Trait
plasma_cystatin_c	true	https://w3id.org/physiomap/ContinuantTrait|https://w3id.org/physiomap/MapVariable|https://w3id.org/physiomap/Trait
plasma_cystine	true	https://w3id.org/physiomap/ContinuantTrait|https://w3id.org/physiomap/MapVariable|https://w3id.org/physiomap/Trait
plasma_d_glycerate	true	https://w3id.org/physiomap/ContinuantTrait|https://w3id.org/physiomap/MapVariable|https://w3id.org/physiomap/Trait
plasma_d_threitol	true	https://w3id.org/physiomap/ContinuantTrait|https://w3id.org/physiomap/MapVariable|https://w3id.org/physiomap/Trait
plasma_decadienoylcarnitine	true	https://w3id.org/physiomap/ContinuantTrait|https://w3id.org/physiomap/MapVariable|https://w3id.org/physiomap/Trait
plasma_decanoylcarnitine	true	https://w3id.org/physiomap/ContinuantTrait|https://w3id.org/physiomap/MapVariable|https://w3id.org/physiomap/Trait
plasma_decenoylcarnitine	true	https://w3id.org/physiomap/ContinuantTrait|https://w3id.org/physiomap/MapVariable|https://w3id.org/physiomap/Trait
plasma_deoxycorticosterone	true	https://w3id.org/physiomap/ContinuantTrait|https://w3id.org/physiomap/MapVariable|https://w3id.org/physiomap/Trait
plasma_deoxypyridinoline	true	https://w3id.org/physiomap/ContinuantTrait|https://w3id.org/physiomap/MapVariable|https://w3id.org/physiomap/Trait
plasma_deoxyuridine	true	https://w3id.org/physiomap/ContinuantTrait|https://w3id.org/physiomap/MapVariable|https://w3id.org/physiomap/Trait
plasma_desmosterol	true	https://w3id.org/physiomap/ContinuantTrait|https://w3id.org/physiomap/MapVariable|https://w3id.org/physiomap/Trait
plasma_dhea	true	https://w3id.org/physiomap/ContinuantTrait|https://w3id.org/physiomap/MapVariable|https://w3id.org/physiomap/Trait
plasma_dheas	true	https://w3id.org/physiomap/ContinuantTrait|https://w3id.org/physiomap/MapVariable|https://w3id.org/physiomap/Trait
plasma_dihydrotestosterone	true	https://w3id.org/physiomap/ContinuantTrait|https://w3id.org/physiomap/MapVariable|https://w3id.org/physiomap/Trait
plasma_dihydrothymine	true	https://w3id.org/physiomap/ContinuantTrait|https://w3id.org/physiomap/MapVariable|https://w3id.org/physiomap/Trait
plasma_dihydrouracil	true	https://w3id.org/physiomap/ContinuantTrait|https://w3id.org/physiomap/MapVariable|https://w3id.org/physiomap/Trait
plasma_dimethylglycine	true	https://w3id.org/physiomap/ContinuantTrait|https://w3id.org/physiomap/MapVariable|https://w3id.org/physiomap/Trait
plasma_dimethylsterol	true	https://w3id.org/physiomap/ContinuantTrait|https://w3id.org/physiomap/MapVariable|https://w3id.org/physiomap/Trait
plasma_dnajb9	true	https://w3id.org/physiomap/ContinuantTrait|https://w3id.org/physiomap/MapVariable|https://w3id.org/physiomap/Trait
plasma_doc	true	https://w3id.org/physiomap/ContinuantTrait|https://w3id.org/physiomap/MapVariable|https://w3id.org/physiomap/Trait
plasma_dodecanoylcarnitine	true	https://w3id.org/physiomap/ContinuantTrait|https://w3id.org/physiomap/MapVariable|https://w3id.org/physiomap/Trait
plasma_dodecenoylcarnitine	true	https://w3id.org/physiomap/ContinuantTrait|https://w3id.org/physiomap/MapVariable|https://w3id.org/physiomap/Trait
plasma_dopa	true	https://w3id.org/physiomap/ContinuantTrait|https://w3id.org/physiomap/MapVariable|https://w3id.org/physiomap/Trait
plasma_dopac	true	https://w3id.org/physiomap/ContinuantTrait|https://w3id.org/physiomap/MapVariable|https://w3id.org/physiomap/Trait
plasma_e_selectin	true	https://w3id.org/physiomap/ContinuantTrait|https://w3id.org/physiomap/MapVariable|https://w3id.org/physiomap/Trait
plasma_epa	true	https://w3id.org/physiomap/ContinuantTrait|https://w3id.org/physiomap/MapVariable|https://w3id.org/physiomap/Trait
plasma_erythritol	true	https://w3id.org/physiomap/ContinuantTrait|https://w3id.org/physiomap/MapVariable|https://w3id.org/physiomap/Trait
plasma_estriol	true	https://w3id.org/physiomap/ContinuantTrait|https://w3id.org/physiomap/MapVariable|https://w3id.org/physiomap/Trait
plasma_estrone	true	https://w3id.org/physiomap/ContinuantTrait|https://w3id.org/physiomap/MapVariable|https://w3id.org/physiomap/Trait
plasma_ethanol	true	https://w3id.org/physiomap/ContinuantTrait|https://w3id.org/physiomap/MapVariable|https://w3id.org/physiomap/Trait
plasma_ethanolamine	true	https://w3id.org/physiomap/ContinuantTrait|https://w3id.org/physiomap/MapVariable|https://w3id.org/physiomap/Trait
plasma_farnesol	true	https://w3id.org/physiomap/ContinuantTrait|https://w3id.org/physiomap/MapVariable|https://w3id.org/physiomap/Trait
plasma_fetuin_a	true	https://w3id.org/physiomap/ContinuantTrait|https://w3id.org/physiomap/MapVariable|https://w3id.org/physiomap/Trait
plasma_fgf21	true	https://w3id.org/physiomap/ContinuantTrait|https://w3id.org/physiomap/MapVariable|https://w3id.org/physiomap/Trait
plasma_fibrinogen	true	https://w3id.org/physiomap/ContinuantTrait|https://w3id.org/physiomap/MapVariable|https://w3id.org/physiomap/Trait
plasma_fibronectin	true	https://w3id.org/physiomap/ContinuantTrait|https://w3id.org/physiomap/MapVariable|https://w3id.org/physiomap/Trait
plasma_ficolin_3	true	https://w3id.org/physiomap/ContinuantTrait|https://w3id.org/physiomap/MapVariable|https://w3id.org/physiomap/Trait
plasma_folate	true	https://w3id.org/physiomap/ContinuantTrait|https://w3id.org/physiomap/MapVariable|https://w3id.org/physiomap/Trait
plasma_free_carnitine	true	https://w3id.org/physiomap/ContinuantTrait|https://w3id.org/physiomap/MapVariable|https://w3id.org/physiomap/Trait
plasma_free_fatty_acids	true	https://w3id.org/physiomap/ContinuantTrait|https://w3id.org/physiomap/MapVariable|https://w3id.org/physiomap/Trait
plasma_fumarate	true	https://w3id.org/physiomap/ContinuantTrait|https://w3id.org/physiomap/MapVariable|https://w3id.org/physiomap/Trait
plasma_gaba	true	https://w3id.org/physiomap/ContinuantTrait|https://w3id.org/physiomap/MapVariable|https://w3id.org/physiomap/Trait
plasma_galactitol	true	https://w3id.org/physiomap/ContinuantTrait|https://w3id.org/physiomap/MapVariable|https://w3id.org/physiomap/Trait
plasma_galactose	true	https://w3id.org/physiomap/ContinuantTrait|https://w3id.org/physiomap/MapVariable|https://w3id.org/physiomap/Trait
plasma_galectin_3	true	https://w3id.org/physiomap/ContinuantTrait|https://w3id.org/physiomap/MapVariable|https://w3id.org/physiomap/Trait
plasma_gdf15	true	https://w3id.org/physiomap/ContinuantTrait|https://w3id.org/physiomap/MapVariable|https://w3id.org/physiomap/Trait
plasma_ggt	true	https://w3id.org/physiomap/ContinuantTrait|https://w3id.org/physiomap/MapVariable|https://w3id.org/physiomap/Trait
plasma_globotriaosylceramide	true	https://w3id.org/physiomap/ContinuantTrait|https://w3id.org/physiomap/MapVariable|https://w3id.org/physiomap/Trait
plasma_globulin	true	https://w3id.org/physiomap/ContinuantTrait|https://w3id.org/physiomap/MapVariable|https://w3id.org/physiomap/Trait
plasma_glucagon	true	https://w3id.org/physiomap/ContinuantTrait|https://w3id.org/physiomap/MapVariable|https://w3id.org/physiomap/Trait
plasma_glucose	true	https://w3id.org/physiomap/ContinuantTrait|https://w3id.org/physiomap/MapVariable|https://w3id.org/physiomap/Trait
plasma_glucosylsphingosine	true	https://w3id.org/physiomap/ContinuantTrait|https://w3id.org/physiomap/MapVariable|https://w3id.org/physiomap/Trait
plasma_glutamate	true	https://w3id.org/physiomap/ContinuantTrait|https://w3id.org/physiomap/MapVariable|https://w3id.org/physiomap/Trait
plasma_glutamine	true	https://w3id.org/physiomap/ContinuantTrait|https://w3id.org/physiomap/MapVariable|https://w3id.org/physiomap/Trait
plasma_glutaric_acid	true	https://w3id.org/physiomap/ContinuantTrait|https://w3id.org/physiomap/MapVariable|https://w3id.org/physiomap/Trait
plasma_glutarylcarnitine	true	https://w3id.org/physiomap/ContinuantTrait|https://w3id.org/physiomap/MapVariable|https://w3id.org/physiomap/Trait
plasma_glutathione	true	https://w3id.org/physiomap/ContinuantTrait|https://w3id.org/physiomap/MapVariable|https://w3id.org/physiomap/Trait
plasma_glycerol	true	https://w3id.org/physiomap/ContinuantTrait|https://w3id.org/physiomap/MapVariable|https://w3id.org/physiomap/Trait
plasma_glycine	true	https://w3id.org/physiomap/ContinuantTrait|https://w3id.org/physiomap/MapVariable|https://w3id.org/physiomap/Trait
plasma_glycolate	true	https://w3id.org/physiomap/ContinuantTrait|https://w3id.org/physiomap/MapVariable|https://w3id.org/physiomap/Trait
plasma_glycoprotein_hormone_alpha_subunit	true	https://w3id.org/physiomap/ContinuantTrait|https://w3id.org/physiomap/MapVariable|https://w3id.org/physiomap/Trait
plasma_glycylproline	true	https://w3id.org/physiomap/ContinuantTrait|https://w3id.org/physiomap/MapVariable|https://w3id.org/physiomap/Trait
plasma_glyoxylate	true	https://w3id.org/physiomap/ContinuantTrait|https://w3id.org/physiomap/MapVariable|https://w3id.org/physiomap/Trait
plasma_gm_csf	true	https://w3id.org/physiomap/ContinuantTrait|https://w3id.org/physiomap/MapVariable|https://w3id.org/physiomap/Trait
plasma_guanidinoacetate	true	https://w3id.org/physiomap/ContinuantTrait|https://w3id.org/physiomap/MapVariable|https://w3id.org/physiomap/Trait
plasma_guanosine	true	https://w3id.org/physiomap/ContinuantTrait|https://w3id.org/physiomap/MapVariable|https://w3id.org/physiomap/Trait
plasma_haptoglobin	true	https://w3id.org/physiomap/ContinuantTrait|https://w3id.org/physiomap/MapVariable|https://w3id.org/physiomap/Trait
plasma_hdl2a	true	https://w3id.org/physiomap/ContinuantTrait|https://w3id.org/physiomap/MapVariable|https://w3id.org/physiomap/Trait
plasma_hdl2b	true	https://w3id.org/physiomap/ContinuantTrait|https://w3id.org/physiomap/MapVariable|https://w3id.org/physiomap/Trait
plasma_hdl3a	true	https://w3id.org/physiomap/ContinuantTrait|https://w3id.org/physiomap/MapVariable|https://w3id.org/physiomap/Trait
plasma_hdl3b	true	https://w3id.org/physiomap/ContinuantTrait|https://w3id.org/physiomap/MapVariable|https://w3id.org/physiomap/Trait
plasma_hdl3c	true	https://w3id.org/physiomap/ContinuantTrait|https://w3id.org/physiomap/MapVariable|https://w3id.org/physiomap/Trait
plasma_heparan_sulfate	true	https://w3id.org/physiomap/ContinuantTrait|https://w3id.org/physiomap/MapVariable|https://w3id.org/physiomap/Trait
plasma_heparin	true	https://w3id.org/physiomap/ContinuantTrait|https://w3id.org/physiomap/MapVariable|https://w3id.org/physiomap/Trait
plasma_heptacarboxylporphyrin	true	https://w3id.org/physiomap/ContinuantTrait|https://w3id.org/physiomap/MapVariable|https://w3id.org/physiomap/Trait
plasma_hexacosanoic_acid	true	https://w3id.org/physiomap/ContinuantTrait|https://w3id.org/physiomap/MapVariable|https://w3id.org/physiomap/Trait
plasma_hexanoylcarnitine	true	https://w3id.org/physiomap/ContinuantTrait|https://w3id.org/physiomap/MapVariable|https://w3id.org/physiomap/Trait
plasma_hippuric_acid	true	https://w3id.org/physiomap/ContinuantTrait|https://w3id.org/physiomap/MapVariable|https://w3id.org/physiomap/Trait
plasma_histamine	true	https://w3id.org/physiomap/ContinuantTrait|https://w3id.org/physiomap/MapVariable|https://w3id.org/physiomap/Trait
plasma_histidine	true	https://w3id.org/physiomap/ContinuantTrait|https://w3id.org/physiomap/MapVariable|https://w3id.org/physiomap/Trait
plasma_homoarginine	true	https://w3id.org/physiomap/ContinuantTrait|https://w3id.org/physiomap/MapVariable|https://w3id.org/physiomap/Trait
plasma_homocysteine	true	https://w3id.org/physiomap/ContinuantTrait|https://w3id.org/physiomap/MapVariable|https://w3id.org/physiomap/Trait
plasma_homovanillate	true	https://w3id.org/physiomap/ContinuantTrait|https://w3id.org/physiomap/MapVariable|https://w3id.org/physiomap/Trait
plasma_hyaluronic_acid	true	https://w3id.org/physiomap/ContinuantTrait|https://w3id.org/physiomap/MapVariable|https://w3id.org/physiomap/Trait
plasma_hydroxybutyrate	true	https://w3id.org/physiomap/ContinuantTrait|https://w3id.org/physiomap/MapVariable|https://w3id.org/physiomap/Trait
plasma_hydroxyproline	true	https://w3id.org/physiomap/ContinuantTrait|https://w3id.org/physiomap/MapVariable|https://w3id.org/physiomap/Trait
plasma_iga	true	https://w3id.org/physiomap/ContinuantTrait|https://w3id.org/physiomap/MapVariable|https://w3id.org/physiomap/Trait
plasma_igd	true	https://w3id.org/physiomap/ContinuantTrait|https://w3id.org/physiomap/MapVariable|https://w3id.org/physiomap/Trait
plasma_ige	true	https://w3id.org/physiomap/ContinuantTrait|https://w3id.org/physiomap/MapVariable|https://w3id.org/physiomap/Trait
plasma_igfals	true	https://w3id.org/physiomap/ContinuantTrait|https://w3id.org/physiomap/MapVariable|https://w3id.org/physiomap/Trait
plasma_igfbp1	true	https://w3id.org/physiomap/ContinuantTrait|https://w3id.org/physiomap/MapVariable|https://w3id.org/physiomap/Trait
plasma_igfbp3	true	https://w3id.org/physiomap/ContinuantTrait|https://w3id.org/physiomap/MapVariable|https://w3id.org/physiomap/Trait
plasma_igg	true	https://w3id.org/physiomap/ContinuantTrait|https://w3id.org/physiomap/MapVariable|https://w3id.org/physiomap/Trait
plasma_igg1	true	https://w3id.org/physiomap/ContinuantTrait|https://w3id.org/physiomap/MapVariable|https://w3id.org/physiomap/Trait
plasma_igg2	true	https://w3id.org/physiomap/ContinuantTrait|https://w3id.org/physiomap/MapVariable|https://w3id.org/physiomap/Trait
plasma_igg3	true	https://w3id.org/physiomap/ContinuantTrait|https://w3id.org/physiomap/MapVariable|https://w3id.org/physiomap/Trait
plasma_igg4	true	https://w3id.org/physiomap/ContinuantTrait|https://w3id.org/physiomap/MapVariable|https://w3id.org/physiomap/Trait
plasma_igm	true	https://w3id.org/physiomap/ContinuantTrait|https://w3id.org/physiomap/MapVariable|https://w3id.org/physiomap/Trait
plasma_immunoglobulin	true	https://w3id.org/physiomap/ContinuantTrait|https://w3id.org/physiomap/MapVariable|https://w3id.org/physiomap/Trait
plasma_inosine	true	https://w3id.org/physiomap/ContinuantTrait|https://w3id.org/physiomap/MapVariable|https://w3id.org/physiomap/Trait
plasma_insulin	true	https://w3id.org/physiomap/ContinuantTrait|https://w3id.org/physiomap/MapVariable|https://w3id.org/physiomap/Trait
plasma_iodide	true	https://w3id.org/physiomap/ContinuantTrait|https://w3id.org/physiomap/MapVariable|https://w3id.org/physiomap/Trait
plasma_iron	true	https://w3id.org/physiomap/ContinuantTrait|https://w3id.org/physiomap/MapVariable|https://w3id.org/physiomap/Trait
plasma_isoleucine	true	https://w3id.org/physiomap/ContinuantTrait|https://w3id.org/physiomap/MapVariable|https://w3id.org/physiomap/Trait
plasma_isovalerate	true	https://w3id.org/physiomap/ContinuantTrait|https://w3id.org/physiomap/MapVariable|https://w3id.org/physiomap/Trait
plasma_isovalerylcarnitine	true	https://w3id.org/physiomap/ContinuantTrait|https://w3id.org/physiomap/MapVariable|https://w3id.org/physiomap/Trait
plasma_ketone_bodies	true	https://w3id.org/physiomap/ContinuantTrait|https://w3id.org/physiomap/MapVariable|https://w3id.org/physiomap/Trait
plasma_kininogen	true	https://w3id.org/physiomap/ContinuantTrait|https://w3id.org/physiomap/MapVariable|https://w3id.org/physiomap/Trait
plasma_kisspeptin	true	https://w3id.org/physiomap/ContinuantTrait|https://w3id.org/physiomap/MapVariable|https://w3id.org/physiomap/Trait
plasma_lactate	true	https://w3id.org/physiomap/ContinuantTrait|https://w3id.org/physiomap/MapVariable|https://w3id.org/physiomap/Trait
plasma_lathosterol	true	https://w3id.org/physiomap/ContinuantTrait|https://w3id.org/physiomap/MapVariable|https://w3id.org/physiomap/Trait
plasma_ldh	true	https://w3id.org/physiomap/ContinuantTrait|https://w3id.org/physiomap/MapVariable|https://w3id.org/physiomap/Trait
plasma_leucine	true	https://w3id.org/physiomap/ContinuantTrait|https://w3id.org/physiomap/MapVariable|https://w3id.org/physiomap/Trait
plasma_leukotriene_c4	true	https://w3id.org/physiomap/ContinuantTrait|https://w3id.org/physiomap/MapVariable|https://w3id.org/physiomap/Trait
plasma_linoleylcarnitine	true	https://w3id.org/physiomap/ContinuantTrait|https://w3id.org/physiomap/MapVariable|https://w3id.org/physiomap/Trait
plasma_lipoprotein	true	https://w3id.org/physiomap/ContinuantTrait|https://w3id.org/physiomap/MapVariable|https://w3id.org/physiomap/Trait
plasma_lipoprotein_lipase	true	https://w3id.org/physiomap/ContinuantTrait|https://w3id.org/physiomap/MapVariable|https://w3id.org/physiomap/Trait
plasma_long_chain_acylcarnitine	true	https://w3id.org/physiomap/ContinuantTrait|https://w3id.org/physiomap/MapVariable|https://w3id.org/physiomap/Trait
plasma_long_chain_fatty_acid	true	https://w3id.org/physiomap/ContinuantTrait|https://w3id.org/physiomap/MapVariable|https://w3id.org/physiomap/Trait
plasma_lysine	true	https://w3id.org/physiomap/ContinuantTrait|https://w3id.org/physiomap/MapVariable|https://w3id.org/physiomap/Trait
plasma_lyso_gb3	true	https://w3id.org/physiomap/ContinuantTrait|https://w3id.org/physiomap/MapVariable|https://w3id.org/physiomap/Trait
plasma_lysophosphatidylcholine	true	https://w3id.org/physiomap/ContinuantTrait|https://w3id.org/physiomap/MapVariable|https://w3id.org/physiomap/Trait
plasma_lysosphingomyelin	true	https://w3id.org/physiomap/ContinuantTrait|https://w3id.org/physiomap/MapVariable|https://w3id.org/physiomap/Trait
plasma_magnesium	true	https://w3id.org/physiomap/ContinuantTrait|https://w3id.org/physiomap/MapVariable|https://w3id.org/physiomap/Trait
plasma_malonylcarnitine	true	https://w3id.org/physiomap/ContinuantTrait|https://w3id.org/physiomap/MapVariable|https://w3id.org/physiomap/Trait
plasma_manganese	true	https://w3id.org/physiomap/ContinuantTrait|https://w3id.org/physiomap/MapVariable|https://w3id.org/physiomap/Trait
plasma_mannose	true	https://w3id.org/physiomap/ContinuantTrait|https://w3id.org/physiomap/MapVariable|https://w3id.org/physiomap/Trait
plasma_mbl	true	https://w3id.org/physiomap/ContinuantTrait|https://w3id.org/physiomap/MapVariable|https://w3id.org/physiomap/Trait
plasma_mead_acid	true	https://w3id.org/physiomap/ContinuantTrait|https://w3id.org/physiomap/MapVariable|https://w3id.org/physiomap/Trait
plasma_medium_chain_acylcarnitine	true	https://w3id.org/physiomap/ContinuantTrait|https://w3id.org/physiomap/MapVariable|https://w3id.org/physiomap/Trait
plasma_melatonin	true	https://w3id.org/physiomap/ContinuantTrait|https://w3id.org/physiomap/MapVariable|https://w3id.org/physiomap/Trait
plasma_metanephrine	true	https://w3id.org/physiomap/ContinuantTrait|https://w3id.org/physiomap/MapVariable|https://w3id.org/physiomap/Trait
plasma_methionine	true	https://w3id.org/physiomap/ContinuantTrait|https://w3id.org/physiomap/MapVariable|https://w3id.org/physiomap/Trait
plasma_methionine_sulfoxide	true	https://w3id.org/physiomap/ContinuantTrait|https://w3id.org/physiomap/MapVariable|https://w3id.org/physiomap/Trait
plasma_methylcobalamin	true	https://w3id.org/physiomap/ContinuantTrait|https://w3id.org/physiomap/MapVariable|https://w3id.org/physiomap/Trait
plasma_methylglutarylcarnitine	true	https://w3id.org/physiomap/ContinuantTrait|https://w3id.org/physiomap/MapVariable|https://w3id.org/physiomap/Trait
plasma_methylglyoxal	true	https://w3id.org/physiomap/ContinuantTrait|https://w3id.org/physiomap/MapVariable|https://w3id.org/physiomap/Trait
plasma_methylmalonate	true	https://w3id.org/physiomap/ContinuantTrait|https://w3id.org/physiomap/MapVariable|https://w3id.org/physiomap/Trait
plasma_methylmalonylcarnitine	true	https://w3id.org/physiomap/ContinuantTrait|https://w3id.org/physiomap/MapVariable|https://w3id.org/physiomap/Trait
plasma_methylsterol	true	https://w3id.org/physiomap/ContinuantTrait|https://w3id.org/physiomap/MapVariable|https://w3id.org/physiomap/Trait
plasma_methylsuccinate	true	https://w3id.org/physiomap/ContinuantTrait|https://w3id.org/physiomap/MapVariable|https://w3id.org/physiomap/Trait
plasma_mmp2	true	https://w3id.org/physiomap/ContinuantTrait|https://w3id.org/physiomap/MapVariable|https://w3id.org/physiomap/Trait
plasma_monomethylsterol	true	https://w3id.org/physiomap/ContinuantTrait|https://w3id.org/physiomap/MapVariable|https://w3id.org/physiomap/Trait
plasma_motilin	true	https://w3id.org/physiomap/ContinuantTrait|https://w3id.org/physiomap/MapVariable|https://w3id.org/physiomap/Trait
plasma_myo_inositol	true	https://w3id.org/physiomap/ContinuantTrait|https://w3id.org/physiomap/MapVariable|https://w3id.org/physiomap/Trait
plasma_myoglobin	true	https://w3id.org/physiomap/ContinuantTrait|https://w3id.org/physiomap/MapVariable|https://w3id.org/physiomap/Trait
plasma_myostatin	true	https://w3id.org/physiomap/ContinuantTrait|https://w3id.org/physiomap/MapVariable|https://w3id.org/physiomap/Trait
plasma_myristic_acid	true	https://w3id.org/physiomap/ContinuantTrait|https://w3id.org/physiomap/MapVariable|https://w3id.org/physiomap/Trait
plasma_myristoleate	true	https://w3id.org/physiomap/ContinuantTrait|https://w3id.org/physiomap/MapVariable|https://w3id.org/physiomap/Trait
plasma_n_acetylaspartate	true	https://w3id.org/physiomap/ContinuantTrait|https://w3id.org/physiomap/MapVariable|https://w3id.org/physiomap/Trait
plasma_n_acetylneuraminic_acid	true	https://w3id.org/physiomap/ContinuantTrait|https://w3id.org/physiomap/MapVariable|https://w3id.org/physiomap/Trait
plasma_n_carbamyl_beta_alanine	true	https://w3id.org/physiomap/ContinuantTrait|https://w3id.org/physiomap/MapVariable|https://w3id.org/physiomap/Trait
plasma_n_carbamyl_beta_aminoisobutyrate	true	https://w3id.org/physiomap/ContinuantTrait|https://w3id.org/physiomap/MapVariable|https://w3id.org/physiomap/Trait
plasma_nad	true	https://w3id.org/physiomap/ContinuantTrait|https://w3id.org/physiomap/MapVariable|https://w3id.org/physiomap/Trait
plasma_nadh	true	https://w3id.org/physiomap/ContinuantTrait|https://w3id.org/physiomap/MapVariable|https://w3id.org/physiomap/Trait
plasma_neuron_specific_enolase	true	https://w3id.org/physiomap/ContinuantTrait|https://w3id.org/physiomap/MapVariable|https://w3id.org/physiomap/Trait
plasma_nicotinurate	true	https://w3id.org/physiomap/ContinuantTrait|https://w3id.org/physiomap/MapVariable|https://w3id.org/physiomap/Trait
plasma_non_hdl_cholesterol	true	https://w3id.org/physiomap/ContinuantTrait|https://w3id.org/physiomap/MapVariable|https://w3id.org/physiomap/Trait
plasma_nonceruloplasmin_copper	true	https://w3id.org/physiomap/ContinuantTrait|https://w3id.org/physiomap/MapVariable|https://w3id.org/physiomap/Trait
plasma_nt_proanp	true	https://w3id.org/physiomap/ContinuantTrait|https://w3id.org/physiomap/MapVariable|https://w3id.org/physiomap/Trait
plasma_nt_probnp	true	https://w3id.org/physiomap/ContinuantTrait|https://w3id.org/physiomap/MapVariable|https://w3id.org/physiomap/Trait
plasma_octadecanoate	true	https://w3id.org/physiomap/ContinuantTrait|https://w3id.org/physiomap/MapVariable|https://w3id.org/physiomap/Trait
plasma_octadecenoylcarnitine	true	https://w3id.org/physiomap/ContinuantTrait|https://w3id.org/physiomap/MapVariable|https://w3id.org/physiomap/Trait
plasma_octanoylcarnitine	true	https://w3id.org/physiomap/ContinuantTrait|https://w3id.org/physiomap/MapVariable|https://w3id.org/physiomap/Trait
plasma_octenoylcarnitine	true	https://w3id.org/physiomap/ContinuantTrait|https://w3id.org/physiomap/MapVariable|https://w3id.org/physiomap/Trait
plasma_oleate	true	https://w3id.org/physiomap/ContinuantTrait|https://w3id.org/physiomap/MapVariable|https://w3id.org/physiomap/Trait
plasma_oleylcarnitine	true	https://w3id.org/physiomap/ContinuantTrait|https://w3id.org/physiomap/MapVariable|https://w3id.org/physiomap/Trait
plasma_oleylethanolamide	true	https://w3id.org/physiomap/ContinuantTrait|https://w3id.org/physiomap/MapVariable|https://w3id.org/physiomap/Trait
plasma_oncotic_pressure	true	https://w3id.org/physiomap/ContinuantTrait|https://w3id.org/physiomap/MapVariable|https://w3id.org/physiomap/Trait
plasma_ornithine	true	https://w3id.org/physiomap/ContinuantTrait|https://w3id.org/physiomap/MapVariable|https://w3id.org/physiomap/Trait
plasma_osmolality	true	https://w3id.org/physiomap/ContinuantTrait|https://w3id.org/physiomap/MapVariable|https://w3id.org/physiomap/Trait
plasma_osteocalcin	true	https://w3id.org/physiomap/ContinuantTrait|https://w3id.org/physiomap/MapVariable|https://w3id.org/physiomap/Trait
plasma_osteopontin	true	https://w3id.org/physiomap/ContinuantTrait|https://w3id.org/physiomap/MapVariable|https://w3id.org/physiomap/Trait
plasma_oxalate	true	https://w3id.org/physiomap/ContinuantTrait|https://w3id.org/physiomap/MapVariable|https://w3id.org/physiomap/Trait
plasma_oxytocin	true	https://w3id.org/physiomap/ContinuantTrait|https://w3id.org/physiomap/MapVariable|https://w3id.org/physiomap/Trait
plasma_paf	true	https://w3id.org/physiomap/ContinuantTrait|https://w3id.org/physiomap/MapVariable|https://w3id.org/physiomap/Trait
plasma_palmitate	true	https://w3id.org/physiomap/ContinuantTrait|https://w3id.org/physiomap/MapVariable|https://w3id.org/physiomap/Trait
plasma_palmitoleylcarnitine	true	https://w3id.org/physiomap/ContinuantTrait|https://w3id.org/physiomap/MapVariable|https://w3id.org/physiomap/Trait
plasma_palmitoylcarnitine	true	https://w3id.org/physiomap/ContinuantTrait|https://w3id.org/physiomap/MapVariable|https://w3id.org/physiomap/Trait
plasma_pancreatic_lipase	true	https://w3id.org/physiomap/ContinuantTrait|https://w3id.org/physiomap/MapVariable|https://w3id.org/physiomap/Trait
plasma_pancreatic_secretory_trypsin_inhibitor	true	https://w3id.org/physiomap/ContinuantTrait|https://w3id.org/physiomap/MapVariable|https://w3id.org/physiomap/Trait
plasma_pepsinogen_i	true	https://w3id.org/physiomap/ContinuantTrait|https://w3id.org/physiomap/MapVariable|https://w3id.org/physiomap/Trait
plasma_phenylalanine	true	https://w3id.org/physiomap/ContinuantTrait|https://w3id.org/physiomap/MapVariable|https://w3id.org/physiomap/Trait
plasma_phosphate	true	https://w3id.org/physiomap/ContinuantTrait|https://w3id.org/physiomap/MapVariable|https://w3id.org/physiomap/Trait
plasma_phosphoethanolamine	true	https://w3id.org/physiomap/ContinuantTrait|https://w3id.org/physiomap/MapVariable|https://w3id.org/physiomap/Trait
plasma_phosphoserine	true	https://w3id.org/physiomap/ContinuantTrait|https://w3id.org/physiomap/MapVariable|https://w3id.org/physiomap/Trait
plasma_phytanic_acid	true	https://w3id.org/physiomap/ContinuantTrait|https://w3id.org/physiomap/MapVariable|https://w3id.org/physiomap/Trait
plasma_pinp	true	https://w3id.org/physiomap/ContinuantTrait|https://w3id.org/physiomap/MapVariable|https://w3id.org/physiomap/Trait
plasma_pipecolate	true	https://w3id.org/physiomap/ContinuantTrait|https://w3id.org/physiomap/MapVariable|https://w3id.org/physiomap/Trait
plasma_pivka_ii	true	https://w3id.org/physiomap/ContinuantTrait|https://w3id.org/physiomap/MapVariable|https://w3id.org/physiomap/Trait
plasma_plasmalogen	true	https://w3id.org/physiomap/ContinuantTrait|https://w3id.org/physiomap/MapVariable|https://w3id.org/physiomap/Trait
plasma_plasminogen	true	https://w3id.org/physiomap/ContinuantTrait|https://w3id.org/physiomap/MapVariable|https://w3id.org/physiomap/Trait
plasma_porphyrin	true	https://w3id.org/physiomap/ContinuantTrait|https://w3id.org/physiomap/MapVariable|https://w3id.org/physiomap/Trait
plasma_potassium	true	https://w3id.org/physiomap/ContinuantTrait|https://w3id.org/physiomap/MapVariable|https://w3id.org/physiomap/Trait
plasma_prealbumin	true	https://w3id.org/physiomap/ContinuantTrait|https://w3id.org/physiomap/MapVariable|https://w3id.org/physiomap/Trait
plasma_precipitin	true	https://w3id.org/physiomap/ContinuantTrait|https://w3id.org/physiomap/MapVariable|https://w3id.org/physiomap/Trait
plasma_prekallikrein	true	https://w3id.org/physiomap/ContinuantTrait|https://w3id.org/physiomap/MapVariable|https://w3id.org/physiomap/Trait
plasma_pristanic_acid	true	https://w3id.org/physiomap/ContinuantTrait|https://w3id.org/physiomap/MapVariable|https://w3id.org/physiomap/Trait
plasma_procalcitonin	true	https://w3id.org/physiomap/ContinuantTrait|https://w3id.org/physiomap/MapVariable|https://w3id.org/physiomap/Trait
plasma_progranulin	true	https://w3id.org/physiomap/ContinuantTrait|https://w3id.org/physiomap/MapVariable|https://w3id.org/physiomap/Trait
plasma_proinsulin	true	https://w3id.org/physiomap/ContinuantTrait|https://w3id.org/physiomap/MapVariable|https://w3id.org/physiomap/Trait
plasma_prolactin	true	https://w3id.org/physiomap/ContinuantTrait|https://w3id.org/physiomap/MapVariable|https://w3id.org/physiomap/Trait
plasma_proline	true	https://w3id.org/physiomap/ContinuantTrait|https://w3id.org/physiomap/MapVariable|https://w3id.org/physiomap/Trait
plasma_propionylcarnitine	true	https://w3id.org/physiomap/ContinuantTrait|https://w3id.org/physiomap/MapVariable|https://w3id.org/physiomap/Trait
plasma_propylene_glycol	true	https://w3id.org/physiomap/ContinuantTrait|https://w3id.org/physiomap/MapVariable|https://w3id.org/physiomap/Trait
plasma_prostaglandin_e2	true	https://w3id.org/physiomap/ContinuantTrait|https://w3id.org/physiomap/MapVariable|https://w3id.org/physiomap/Trait
plasma_prostate_specific_antigen	true	https://w3id.org/physiomap/ContinuantTrait|https://w3id.org/physiomap/MapVariable|https://w3id.org/physiomap/Trait
plasma_pyridinoline	true	https://w3id.org/physiomap/ContinuantTrait|https://w3id.org/physiomap/MapVariable|https://w3id.org/physiomap/Trait
plasma_pyrophosphate	true	https://w3id.org/physiomap/ContinuantTrait|https://w3id.org/physiomap/MapVariable|https://w3id.org/physiomap/Trait
plasma_pyrroline_5_carboxylate	true	https://w3id.org/physiomap/ContinuantTrait|https://w3id.org/physiomap/MapVariable|https://w3id.org/physiomap/Trait
plasma_pyruvate	true	https://w3id.org/physiomap/ContinuantTrait|https://w3id.org/physiomap/MapVariable|https://w3id.org/physiomap/Trait
plasma_pyy	true	https://w3id.org/physiomap/ContinuantTrait|https://w3id.org/physiomap/MapVariable|https://w3id.org/physiomap/Trait
plasma_resistin	true	https://w3id.org/physiomap/ContinuantTrait|https://w3id.org/physiomap/MapVariable|https://w3id.org/physiomap/Trait
plasma_retinol_binding_protein	true	https://w3id.org/physiomap/ContinuantTrait|https://w3id.org/physiomap/MapVariable|https://w3id.org/physiomap/Trait
plasma_reverse_t3	true	https://w3id.org/physiomap/ContinuantTrait|https://w3id.org/physiomap/MapVariable|https://w3id.org/physiomap/Trait
plasma_ribitol	true	https://w3id.org/physiomap/ContinuantTrait|https://w3id.org/physiomap/MapVariable|https://w3id.org/physiomap/Trait
plasma_riboflavin	true	https://w3id.org/physiomap/ContinuantTrait|https://w3id.org/physiomap/MapVariable|https://w3id.org/physiomap/Trait
plasma_s_sulfocysteine	true	https://w3id.org/physiomap/ContinuantTrait|https://w3id.org/physiomap/MapVariable|https://w3id.org/physiomap/Trait
plasma_saccharopine	true	https://w3id.org/physiomap/ContinuantTrait|https://w3id.org/physiomap/MapVariable|https://w3id.org/physiomap/Trait
plasma_sah	true	https://w3id.org/physiomap/ContinuantTrait|https://w3id.org/physiomap/MapVariable|https://w3id.org/physiomap/Trait
plasma_sam	true	https://w3id.org/physiomap/ContinuantTrait|https://w3id.org/physiomap/MapVariable|https://w3id.org/physiomap/Trait
plasma_sarcosine	true	https://w3id.org/physiomap/ContinuantTrait|https://w3id.org/physiomap/MapVariable|https://w3id.org/physiomap/Trait
plasma_scd163	true	https://w3id.org/physiomap/ContinuantTrait|https://w3id.org/physiomap/MapVariable|https://w3id.org/physiomap/Trait
plasma_sebacate	true	https://w3id.org/physiomap/ContinuantTrait|https://w3id.org/physiomap/MapVariable|https://w3id.org/physiomap/Trait
plasma_secretin	true	https://w3id.org/physiomap/ContinuantTrait|https://w3id.org/physiomap/MapVariable|https://w3id.org/physiomap/Trait
plasma_selenium	true	https://w3id.org/physiomap/ContinuantTrait|https://w3id.org/physiomap/MapVariable|https://w3id.org/physiomap/Trait
plasma_serine	true	https://w3id.org/physiomap/ContinuantTrait|https://w3id.org/physiomap/MapVariable|https://w3id.org/physiomap/Trait
plasma_serotonin	true	https://w3id.org/physiomap/ContinuantTrait|https://w3id.org/physiomap/MapVariable|https://w3id.org/physiomap/Trait
plasma_serum_amyloid_a	true	https://w3id.org/physiomap/ContinuantTrait|https://w3id.org/physiomap/MapVariable|https://w3id.org/physiomap/Trait
plasma_shbg	true	https://w3id.org/physiomap/ContinuantTrait|https://w3id.org/physiomap/MapVariable|https://w3id.org/physiomap/Trait
plasma_short_chain_acylcarnitine	true	https://w3id.org/physiomap/ContinuantTrait|https://w3id.org/physiomap/MapVariable|https://w3id.org/physiomap/Trait
plasma_sialic_acid	true	https://w3id.org/physiomap/ContinuantTrait|https://w3id.org/physiomap/MapVariable|https://w3id.org/physiomap/Trait
plasma_sitosterol	true	https://w3id.org/physiomap/ContinuantTrait|https://w3id.org/physiomap/MapVariable|https://w3id.org/physiomap/Trait
plasma_sodium_concentration	true	https://w3id.org/physiomap/ContinuantTrait|https://w3id.org/physiomap/MapVariable|https://w3id.org/physiomap/Trait
plasma_sorbitol	true	https://w3id.org/physiomap/ContinuantTrait|https://w3id.org/physiomap/MapVariable|https://w3id.org/physiomap/Trait
plasma_specific_antibody	true	https://w3id.org/physiomap/ContinuantTrait|https://w3id.org/physiomap/MapVariable|https://w3id.org/physiomap/Trait
plasma_squalene	true	https://w3id.org/physiomap/ContinuantTrait|https://w3id.org/physiomap/MapVariable|https://w3id.org/physiomap/Trait
plasma_stearoylcarnitine	true	https://w3id.org/physiomap/ContinuantTrait|https://w3id.org/physiomap/MapVariable|https://w3id.org/physiomap/Trait
plasma_suberate	true	https://w3id.org/physiomap/ContinuantTrait|https://w3id.org/physiomap/MapVariable|https://w3id.org/physiomap/Trait
plasma_succinate	true	https://w3id.org/physiomap/ContinuantTrait|https://w3id.org/physiomap/MapVariable|https://w3id.org/physiomap/Trait
plasma_succinylacetone	true	https://w3id.org/physiomap/ContinuantTrait|https://w3id.org/physiomap/MapVariable|https://w3id.org/physiomap/Trait
plasma_sulfate	true	https://w3id.org/physiomap/ContinuantTrait|https://w3id.org/physiomap/MapVariable|https://w3id.org/physiomap/Trait
plasma_superoxide_dismutase	true	https://w3id.org/physiomap/ContinuantTrait|https://w3id.org/physiomap/MapVariable|https://w3id.org/physiomap/Trait
plasma_surfactant_protein	true	https://w3id.org/physiomap/ContinuantTrait|https://w3id.org/physiomap/MapVariable|https://w3id.org/physiomap/Trait
plasma_t4	true	https://w3id.org/physiomap/ContinuantTrait|https://w3id.org/physiomap/MapVariable|https://w3id.org/physiomap/Trait
plasma_taurine	true	https://w3id.org/physiomap/ContinuantTrait|https://w3id.org/physiomap/MapVariable|https://w3id.org/physiomap/Trait
plasma_tenascin_c	true	https://w3id.org/physiomap/ContinuantTrait|https://w3id.org/physiomap/MapVariable|https://w3id.org/physiomap/Trait
plasma_tetracosanoic_acid	true	https://w3id.org/physiomap/ContinuantTrait|https://w3id.org/physiomap/MapVariable|https://w3id.org/physiomap/Trait
plasma_tetradecanoylcarnitine	true	https://w3id.org/physiomap/ContinuantTrait|https://w3id.org/physiomap/MapVariable|https://w3id.org/physiomap/Trait
plasma_tetradecenoylcarnitine	true	https://w3id.org/physiomap/ContinuantTrait|https://w3id.org/physiomap/MapVariable|https://w3id.org/physiomap/Trait
plasma_thallium	true	https://w3id.org/physiomap/ContinuantTrait|https://w3id.org/physiomap/MapVariable|https://w3id.org/physiomap/Trait
plasma_thiosulfate	true	https://w3id.org/physiomap/ContinuantTrait|https://w3id.org/physiomap/MapVariable|https://w3id.org/physiomap/Trait
plasma_threonine	true	https://w3id.org/physiomap/ContinuantTrait|https://w3id.org/physiomap/MapVariable|https://w3id.org/physiomap/Trait
plasma_thrombopoietin	true	https://w3id.org/physiomap/ContinuantTrait|https://w3id.org/physiomap/MapVariable|https://w3id.org/physiomap/Trait
plasma_thromboxane_b2	true	https://w3id.org/physiomap/ContinuantTrait|https://w3id.org/physiomap/MapVariable|https://w3id.org/physiomap/Trait
plasma_thymidine	true	https://w3id.org/physiomap/ContinuantTrait|https://w3id.org/physiomap/MapVariable|https://w3id.org/physiomap/Trait
plasma_thymine	true	https://w3id.org/physiomap/ContinuantTrait|https://w3id.org/physiomap/MapVariable|https://w3id.org/physiomap/Trait
plasma_thyroglobulin	true	https://w3id.org/physiomap/ContinuantTrait|https://w3id.org/physiomap/MapVariable|https://w3id.org/physiomap/Trait
plasma_thyroxine_binding_globulin	true	https://w3id.org/physiomap/ContinuantTrait|https://w3id.org/physiomap/MapVariable|https://w3id.org/physiomap/Trait
plasma_tiglylcarnitine	true	https://w3id.org/physiomap/ContinuantTrait|https://w3id.org/physiomap/MapVariable|https://w3id.org/physiomap/Trait
plasma_tiglylglycine	true	https://w3id.org/physiomap/ContinuantTrait|https://w3id.org/physiomap/MapVariable|https://w3id.org/physiomap/Trait
plasma_total_cholesterol	true	https://w3id.org/physiomap/ContinuantTrait|https://w3id.org/physiomap/MapVariable|https://w3id.org/physiomap/Trait
plasma_total_lipids	true	https://w3id.org/physiomap/ContinuantTrait|https://w3id.org/physiomap/MapVariable|https://w3id.org/physiomap/Trait
plasma_transaminases	true	https://w3id.org/physiomap/ContinuantTrait|https://w3id.org/physiomap/MapVariable|https://w3id.org/physiomap/Trait
plasma_transcobalamin_1	true	https://w3id.org/physiomap/ContinuantTrait|https://w3id.org/physiomap/MapVariable|https://w3id.org/physiomap/Trait
plasma_transcobalamin_2	true	https://w3id.org/physiomap/ContinuantTrait|https://w3id.org/physiomap/MapVariable|https://w3id.org/physiomap/Trait
plasma_transferrin_glycoform_ratio	true	https://w3id.org/physiomap/ContinuantTrait|https://w3id.org/physiomap/MapVariable|https://w3id.org/physiomap/Trait
plasma_triglycerides	true	https://w3id.org/physiomap/ContinuantTrait|https://w3id.org/physiomap/MapVariable|https://w3id.org/physiomap/Trait
plasma_trihydroxycholestanoic_acid	true	https://w3id.org/physiomap/ContinuantTrait|https://w3id.org/physiomap/MapVariable|https://w3id.org/physiomap/Trait
plasma_trypsinogen	true	https://w3id.org/physiomap/ContinuantTrait|https://w3id.org/physiomap/MapVariable|https://w3id.org/physiomap/Trait
plasma_tryptase	true	https://w3id.org/physiomap/ContinuantTrait|https://w3id.org/physiomap/MapVariable|https://w3id.org/physiomap/Trait
plasma_tryptophan	true	https://w3id.org/physiomap/ContinuantTrait|https://w3id.org/physiomap/MapVariable|https://w3id.org/physiomap/Trait
plasma_tyrosine	true	https://w3id.org/physiomap/ContinuantTrait|https://w3id.org/physiomap/MapVariable|https://w3id.org/physiomap/Trait
plasma_unconjugated_bilirubin	true	https://w3id.org/physiomap/ContinuantTrait|https://w3id.org/physiomap/MapVariable|https://w3id.org/physiomap/Trait
plasma_uracil	true	https://w3id.org/physiomap/ContinuantTrait|https://w3id.org/physiomap/MapVariable|https://w3id.org/physiomap/Trait
plasma_urate	true	https://w3id.org/physiomap/ContinuantTrait|https://w3id.org/physiomap/MapVariable|https://w3id.org/physiomap/Trait
plasma_uridine	true	https://w3id.org/physiomap/ContinuantTrait|https://w3id.org/physiomap/MapVariable|https://w3id.org/physiomap/Trait
plasma_urocanic_acid	true	https://w3id.org/physiomap/ContinuantTrait|https://w3id.org/physiomap/MapVariable|https://w3id.org/physiomap/Trait
plasma_uroporphyrin	true	https://w3id.org/physiomap/ContinuantTrait|https://w3id.org/physiomap/MapVariable|https://w3id.org/physiomap/Trait
plasma_valine	true	https://w3id.org/physiomap/ContinuantTrait|https://w3id.org/physiomap/MapVariable|https://w3id.org/physiomap/Trait
plasma_vasoactive_intestinal_peptide	true	https://w3id.org/physiomap/ContinuantTrait|https://w3id.org/physiomap/MapVariable|https://w3id.org/physiomap/Trait
plasma_vegf	true	https://w3id.org/physiomap/ContinuantTrait|https://w3id.org/physiomap/MapVariable|https://w3id.org/physiomap/Trait
plasma_very_long_chain_acylcarnitine	true	https://w3id.org/physiomap/ContinuantTrait|https://w3id.org/physiomap/MapVariable|https://w3id.org/physiomap/Trait
plasma_vitamin_b12	true	https://w3id.org/physiomap/ContinuantTrait|https://w3id.org/physiomap/MapVariable|https://w3id.org/physiomap/Trait
plasma_vitamin_k	true	https://w3id.org/physiomap/ContinuantTrait|https://w3id.org/physiomap/MapVariable|https://w3id.org/physiomap/Trait
plasma_vlcfa	true	https://w3id.org/physiomap/ContinuantTrait|https://w3id.org/physiomap/MapVariable|https://w3id.org/physiomap/Trait
plasma_vldl	true	https://w3id.org/physiomap/ContinuantTrait|https://w3id.org/physiomap/MapVariable|https://w3id.org/physiomap/Trait
plasma_volume	true	https://w3id.org/physiomap/ContinuantTrait|https://w3id.org/physiomap/MapVariable|https://w3id.org/physiomap/Trait|https://w3id.org/physiomap/grouping/grouping-e97e96ed2cd261a70bea
plasma_xanthine	true	https://w3id.org/physiomap/ContinuantTrait|https://w3id.org/physiomap/MapVariable|https://w3id.org/physiomap/Trait
plasma_zinc	true	https://w3id.org/physiomap/ContinuantTrait|https://w3id.org/physiomap/MapVariable|https://w3id.org/physiomap/Trait
plasmin_fibrinolysis	true	https://w3id.org/physiomap/ContinuantTrait|https://w3id.org/physiomap/MapVariable|https://w3id.org/physiomap/Trait
platelet_activation	true	https://w3id.org/physiomap/ContinuantTrait|https://w3id.org/physiomap/MapVariable|https://w3id.org/physiomap/Trait
platelet_count	true	https://w3id.org/physiomap/ContinuantTrait|https://w3id.org/physiomap/MapVariable|https://w3id.org/physiomap/Trait
pleural_fluid_volume	true	https://w3id.org/physiomap/ContinuantTrait|https://w3id.org/physiomap/MapVariable|https://w3id.org/physiomap/Trait
pnmt_activity	true	https://w3id.org/physiomap/ContinuantTrait|https://w3id.org/physiomap/MapVariable|https://w3id.org/physiomap/Trait
pnpo_activity	true	https://w3id.org/physiomap/ContinuantTrait|https://w3id.org/physiomap/MapVariable|https://w3id.org/physiomap/Trait
porphobilinogen_deaminase_activity	true	https://w3id.org/physiomap/ContinuantTrait|https://w3id.org/physiomap/MapVariable|https://w3id.org/physiomap/Trait
postsynaptic_ampa_receptor_density	true	https://w3id.org/physiomap/ContinuantTrait|https://w3id.org/physiomap/MapVariable|https://w3id.org/physiomap/Trait
postsynaptic_membrane_potential	true	https://w3id.org/physiomap/ContinuantTrait|https://w3id.org/physiomap/MapVariable|https://w3id.org/physiomap/Trait
ppara_activity	true	https://w3id.org/physiomap/ContinuantTrait|https://w3id.org/physiomap/MapVariable|https://w3id.org/physiomap/Trait
ppt1_activity	true	https://w3id.org/physiomap/ContinuantTrait|https://w3id.org/physiomap/MapVariable|https://w3id.org/physiomap/Trait
presynaptic_neurotransmitter_release_rate	true	https://w3id.org/physiomap/MapVariable|https://w3id.org/physiomap/ProcessTrait|https://w3id.org/physiomap/Trait
prodh2_activity	true	https://w3id.org/physiomap/ContinuantTrait|https://w3id.org/physiomap/MapVariable|https://w3id.org/physiomap/Trait
prodh_activity	true	https://w3id.org/physiomap/ContinuantTrait|https://w3id.org/physiomap/MapVariable|https://w3id.org/physiomap/Trait
progesterone	true	https://w3id.org/physiomap/ContinuantTrait|https://w3id.org/physiomap/MapVariable|https://w3id.org/physiomap/Trait
prolidase_activity	true	https://w3id.org/physiomap/ContinuantTrait|https://w3id.org/physiomap/MapVariable|https://w3id.org/physiomap/Trait
propionyl_coa_carboxylase_activity	true	https://w3id.org/physiomap/ContinuantTrait|https://w3id.org/physiomap/MapVariable|https://w3id.org/physiomap/Trait
proximal_tubule_calcitriol_production	true	https://w3id.org/physiomap/MapVariable|https://w3id.org/physiomap/ProcessTrait|https://w3id.org/physiomap/Trait
prpp_synthetase_activity	true	https://w3id.org/physiomap/ContinuantTrait|https://w3id.org/physiomap/MapVariable|https://w3id.org/physiomap/Trait
prss1_acinar_activity	true	https://w3id.org/physiomap/MapVariable|https://w3id.org/physiomap/ProcessTrait|https://w3id.org/physiomap/Trait
pth	true	https://w3id.org/physiomap/ContinuantTrait|https://w3id.org/physiomap/MapVariable|https://w3id.org/physiomap/Trait
ptps_activity	true	https://w3id.org/physiomap/ContinuantTrait|https://w3id.org/physiomap/MapVariable|https://w3id.org/physiomap/Trait
pulmonary_arteriole_diameter	true	https://w3id.org/physiomap/ContinuantTrait|https://w3id.org/physiomap/MapVariable|https://w3id.org/physiomap/Trait
pulmonary_artery_pressure	true	https://w3id.org/physiomap/ContinuantTrait|https://w3id.org/physiomap/MapVariable|https://w3id.org/physiomap/Trait
pulmonary_blood_volume	true	https://w3id.org/physiomap/ContinuantTrait|https://w3id.org/physiomap/MapVariable|https://w3id.org/physiomap/Trait
pulmonary_capillary_blood_volume	true	https://w3id.org/physiomap/ContinuantTrait|https://w3id.org/physiomap/MapVariable|https://w3id.org/physiomap/Trait
pulmonary_capillary_pressure	true	https://w3id.org/physiomap/ContinuantTrait|https://w3id.org/physiomap/MapVariable|https://w3id.org/physiomap/Trait
pulmonary_capillary_transit_time	true	https://w3id.org/physiomap/ContinuantTrait|https://w3id.org/physiomap/MapVariable|https://w3id.org/physiomap/Trait
pulmonary_capillary_wedge_pressure	true	https://w3id.org/physiomap/ContinuantTrait|https://w3id.org/physiomap/MapVariable|https://w3id.org/physiomap/Trait
pulmonary_diffusing_capacity	true	https://w3id.org/physiomap/ContinuantTrait|https://w3id.org/physiomap/MapVariable|https://w3id.org/physiomap/Trait
pulmonary_diffusing_capacity_co	true	https://w3id.org/physiomap/ContinuantTrait|https://w3id.org/physiomap/MapVariable|https://w3id.org/physiomap/Trait
pulmonary_fibrous_tissue_amount	true	https://w3id.org/physiomap/ContinuantTrait|https://w3id.org/physiomap/MapVariable|https://w3id.org/physiomap/Trait
pulmonary_gas_diffusion_rate	true	https://w3id.org/physiomap/MapVariable|https://w3id.org/physiomap/ProcessTrait|https://w3id.org/physiomap/Trait
pulmonary_interstitial_colloid_osmotic_pressure	true	https://w3id.org/physiomap/ContinuantTrait|https://w3id.org/physiomap/MapVariable|https://w3id.org/physiomap/Trait
pulmonary_interstitial_fluid_volume	true	https://w3id.org/physiomap/ContinuantTrait|https://w3id.org/physiomap/MapVariable|https://w3id.org/physiomap/Trait
pulmonary_lymph_flow	true	https://w3id.org/physiomap/MapVariable|https://w3id.org/physiomap/ProcessTrait|https://w3id.org/physiomap/Trait
pulmonary_perfusion	true	https://w3id.org/physiomap/MapVariable|https://w3id.org/physiomap/ProcessTrait|https://w3id.org/physiomap/Trait
pulmonary_shunt_fraction	true	https://w3id.org/physiomap/ContinuantTrait|https://w3id.org/physiomap/MapVariable|https://w3id.org/physiomap/Trait
pulmonary_vascular_resistance	true	https://w3id.org/physiomap/ContinuantTrait|https://w3id.org/physiomap/MapVariable|https://w3id.org/physiomap/Trait
pulmonary_venous_pressure	true	https://w3id.org/physiomap/ContinuantTrait|https://w3id.org/physiomap/MapVariable|https://w3id.org/physiomap/Trait
pulse_pressure	true	https://w3id.org/physiomap/ContinuantTrait|https://w3id.org/physiomap/MapVariable|https://w3id.org/physiomap/Trait
pupil_diameter	true	https://w3id.org/physiomap/ContinuantTrait|https://w3id.org/physiomap/MapVariable|https://w3id.org/physiomap/Trait
purine_nucleoside_phosphorylase_activity	true	https://w3id.org/physiomap/ContinuantTrait|https://w3id.org/physiomap/MapVariable|https://w3id.org/physiomap/Trait
purine_synthesis_rate	true	https://w3id.org/physiomap/MapVariable|https://w3id.org/physiomap/ProcessTrait|https://w3id.org/physiomap/Trait
pyrimidine_5_nucleotidase_activity	true	https://w3id.org/physiomap/ContinuantTrait|https://w3id.org/physiomap/MapVariable|https://w3id.org/physiomap/Trait
pyruvate_carboxylase_activity	true	https://w3id.org/physiomap/ContinuantTrait|https://w3id.org/physiomap/MapVariable|https://w3id.org/physiomap/Trait
pyruvate_dehydrogenase_activity	true	https://w3id.org/physiomap/ContinuantTrait|https://w3id.org/physiomap/MapVariable|https://w3id.org/physiomap/Trait
pyruvate_kinase_activity	true	https://w3id.org/physiomap/ContinuantTrait|https://w3id.org/physiomap/MapVariable|https://w3id.org/physiomap/Trait
qdpr_activity	true	https://w3id.org/physiomap/ContinuantTrait|https://w3id.org/physiomap/MapVariable|https://w3id.org/physiomap/Trait
qprt_activity	true	https://w3id.org/physiomap/ContinuantTrait|https://w3id.org/physiomap/MapVariable|https://w3id.org/physiomap/Trait
red_cell_mass	true	https://w3id.org/physiomap/ContinuantTrait|https://w3id.org/physiomap/MapVariable|https://w3id.org/physiomap/Trait|https://w3id.org/physiomap/grouping/grouping-e97e96ed2cd261a70bea
renal_blood_flow	true	https://w3id.org/physiomap/MapVariable|https://w3id.org/physiomap/ProcessTrait|https://w3id.org/physiomap/Trait
renal_calcium_reabsorption	true	https://w3id.org/physiomap/MapVariable|https://w3id.org/physiomap/ProcessTrait|https://w3id.org/physiomap/Trait
renal_enac_activity	true	https://w3id.org/physiomap/ContinuantTrait|https://w3id.org/physiomap/MapVariable|https://w3id.org/physiomap/Trait
renal_epo_transcription_rate	true	https://w3id.org/physiomap/MapVariable|https://w3id.org/physiomap/ProcessTrait|https://w3id.org/physiomap/Trait
renal_glutaminase_activity	true	https://w3id.org/physiomap/ContinuantTrait|https://w3id.org/physiomap/MapVariable|https://w3id.org/physiomap/Trait
renal_hif2a_activity	true	https://w3id.org/physiomap/MapVariable|https://w3id.org/physiomap/ProcessTrait|https://w3id.org/physiomap/Trait
renal_hydrogen_secretion	true	https://w3id.org/physiomap/MapVariable|https://w3id.org/physiomap/ProcessTrait|https://w3id.org/physiomap/Trait
renal_interstitial_fibroblast_epo_secretion	true	https://w3id.org/physiomap/MapVariable|https://w3id.org/physiomap/ProcessTrait|https://w3id.org/physiomap/Trait
renal_magnesium_reabsorption	true	https://w3id.org/physiomap/MapVariable|https://w3id.org/physiomap/ProcessTrait|https://w3id.org/physiomap/Trait
renal_oat1_activity	true	https://w3id.org/physiomap/ContinuantTrait|https://w3id.org/physiomap/MapVariable|https://w3id.org/physiomap/Trait
renal_perfusion_pressure	true	https://w3id.org/physiomap/ContinuantTrait|https://w3id.org/physiomap/MapVariable|https://w3id.org/physiomap/Trait
renal_phd2_activity	true	https://w3id.org/physiomap/ContinuantTrait|https://w3id.org/physiomap/MapVariable|https://w3id.org/physiomap/Trait
renal_phosphate_reabsorption	true	https://w3id.org/physiomap/MapVariable|https://w3id.org/physiomap/ProcessTrait|https://w3id.org/physiomap/Trait
renal_potassium_excretion	true	https://w3id.org/physiomap/MapVariable|https://w3id.org/physiomap/ProcessTrait|https://w3id.org/physiomap/Trait
renal_tissue_oxygenation	true	https://w3id.org/physiomap/ContinuantTrait|https://w3id.org/physiomap/MapVariable|https://w3id.org/physiomap/Trait
renal_tubular_ammonia_secretion	true	https://w3id.org/physiomap/MapVariable|https://w3id.org/physiomap/ProcessTrait|https://w3id.org/physiomap/Trait
renal_urate_excretion	true	https://w3id.org/physiomap/MapVariable|https://w3id.org/physiomap/ProcessTrait|https://w3id.org/physiomap/Trait
renal_vascular_resistance	true	https://w3id.org/physiomap/ContinuantTrait|https://w3id.org/physiomap/MapVariable|https://w3id.org/physiomap/Trait
renal_vhl_activity	true	https://w3id.org/physiomap/ContinuantTrait|https://w3id.org/physiomap/MapVariable|https://w3id.org/physiomap/Trait
renin	true	https://w3id.org/physiomap/ContinuantTrait|https://w3id.org/physiomap/MapVariable|https://w3id.org/physiomap/Trait
resistance_to_venous_return	true	https://w3id.org/physiomap/ContinuantTrait|https://w3id.org/physiomap/MapVariable|https://w3id.org/physiomap/Trait
respiratory_rate	true	https://w3id.org/physiomap/MapVariable|https://w3id.org/physiomap/ProcessTrait|https://w3id.org/physiomap/Trait
resting_energy_expenditure	true	https://w3id.org/physiomap/MapVariable|https://w3id.org/physiomap/ProcessTrait|https://w3id.org/physiomap/Trait
retinal_photosensitivity	true	https://w3id.org/physiomap/ContinuantTrait|https://w3id.org/physiomap/MapVariable|https://w3id.org/physiomap/Trait
retinal_rhodopsin_concentration	true	https://w3id.org/physiomap/ContinuantTrait|https://w3id.org/physiomap/MapVariable|https://w3id.org/physiomap/Trait
right_atrial_pressure	true	https://w3id.org/physiomap/ContinuantTrait|https://w3id.org/physiomap/MapVariable|https://w3id.org/physiomap/Trait
right_ventricular_systolic_pressure	true	https://w3id.org/physiomap/ContinuantTrait|https://w3id.org/physiomap/MapVariable|https://w3id.org/physiomap/Trait
rnasel_activity	true	https://w3id.org/physiomap/ContinuantTrait|https://w3id.org/physiomap/MapVariable|https://w3id.org/physiomap/Trait
ros_concentration	true	https://w3id.org/physiomap/ContinuantTrait|https://w3id.org/physiomap/MapVariable|https://w3id.org/physiomap/Trait
s_cell_secretin_secretion	true	https://w3id.org/physiomap/MapVariable|https://w3id.org/physiomap/ProcessTrait|https://w3id.org/physiomap/Trait
sa_node_automaticity	true	https://w3id.org/physiomap/MapVariable|https://w3id.org/physiomap/ProcessTrait|https://w3id.org/physiomap/Trait
sah_hydrolase_activity	true	https://w3id.org/physiomap/ContinuantTrait|https://w3id.org/physiomap/MapVariable|https://w3id.org/physiomap/Trait
salivary_amylase_activity	true	https://w3id.org/physiomap/ContinuantTrait|https://w3id.org/physiomap/MapVariable|https://w3id.org/physiomap/Trait
salivation_rate	true	https://w3id.org/physiomap/MapVariable|https://w3id.org/physiomap/ProcessTrait|https://w3id.org/physiomap/Trait
salt_intake	true	https://w3id.org/physiomap/MapVariable|https://w3id.org/physiomap/ProcessTrait|https://w3id.org/physiomap/Trait
sarcolemmal_permeability	true	https://w3id.org/physiomap/ContinuantTrait|https://w3id.org/physiomap/MapVariable|https://w3id.org/physiomap/Trait
sardh_activity	true	https://w3id.org/physiomap/ContinuantTrait|https://w3id.org/physiomap/MapVariable|https://w3id.org/physiomap/Trait
sc5d_activity	true	https://w3id.org/physiomap/ContinuantTrait|https://w3id.org/physiomap/MapVariable|https://w3id.org/physiomap/Trait
scd_activity	true	https://w3id.org/physiomap/ContinuantTrait|https://w3id.org/physiomap/MapVariable|https://w3id.org/physiomap/Trait
scn_output_rate	true	https://w3id.org/physiomap/MapVariable|https://w3id.org/physiomap/ProcessTrait|https://w3id.org/physiomap/Trait
scot_activity	true	https://w3id.org/physiomap/ContinuantTrait|https://w3id.org/physiomap/MapVariable|https://w3id.org/physiomap/Trait
sds_activity	true	https://w3id.org/physiomap/ContinuantTrait|https://w3id.org/physiomap/MapVariable|https://w3id.org/physiomap/Trait
sebaceous_gland_sebum_secretion_rate	true	https://w3id.org/physiomap/MapVariable|https://w3id.org/physiomap/ProcessTrait|https://w3id.org/physiomap/Trait
secisbp2_activity	true	https://w3id.org/physiomap/ContinuantTrait|https://w3id.org/physiomap/MapVariable|https://w3id.org/physiomap/Trait
sepiapterin_reductase_activity	true	https://w3id.org/physiomap/ContinuantTrait|https://w3id.org/physiomap/MapVariable|https://w3id.org/physiomap/Trait
serca_uptake_rate	true	https://w3id.org/physiomap/MapVariable|https://w3id.org/physiomap/ProcessTrait|https://w3id.org/physiomap/Trait
sertoli_inhibin_secretion	true	https://w3id.org/physiomap/MapVariable|https://w3id.org/physiomap/ProcessTrait|https://w3id.org/physiomap/Trait
serum_anion_gap	true	https://w3id.org/physiomap/ContinuantTrait|https://w3id.org/physiomap/MapVariable|https://w3id.org/physiomap/Trait
serum_osmolal_gap	true	https://w3id.org/physiomap/ContinuantTrait|https://w3id.org/physiomap/MapVariable|https://w3id.org/physiomap/Trait
sgsh_activity	true	https://w3id.org/physiomap/ContinuantTrait|https://w3id.org/physiomap/MapVariable|https://w3id.org/physiomap/Trait
shivering	true	https://w3id.org/physiomap/MapVariable|https://w3id.org/physiomap/ProcessTrait|https://w3id.org/physiomap/Trait
short_chain_acyl_coa_dehydrogenase_activity	true	https://w3id.org/physiomap/ContinuantTrait|https://w3id.org/physiomap/MapVariable|https://w3id.org/physiomap/Trait
skeletal_muscle_amp	true	https://w3id.org/physiomap/ContinuantTrait|https://w3id.org/physiomap/MapVariable|https://w3id.org/physiomap/Trait
skeletal_muscle_atp	true	https://w3id.org/physiomap/ContinuantTrait|https://w3id.org/physiomap/MapVariable|https://w3id.org/physiomap/Trait
skeletal_muscle_blood_flow	true	https://w3id.org/physiomap/MapVariable|https://w3id.org/physiomap/ProcessTrait|https://w3id.org/physiomap/Trait
skeletal_muscle_contraction_rate	true	https://w3id.org/physiomap/MapVariable|https://w3id.org/physiomap/ProcessTrait|https://w3id.org/physiomap/Trait
skeletal_muscle_creatine_phosphate	true	https://w3id.org/physiomap/ContinuantTrait|https://w3id.org/physiomap/MapVariable|https://w3id.org/physiomap/Trait
skeletal_muscle_force	true	https://w3id.org/physiomap/ContinuantTrait|https://w3id.org/physiomap/MapVariable|https://w3id.org/physiomap/Trait
skeletal_muscle_lactate	true	https://w3id.org/physiomap/ContinuantTrait|https://w3id.org/physiomap/MapVariable|https://w3id.org/physiomap/Trait
skeletal_muscle_protein_catabolism_rate	true	https://w3id.org/physiomap/MapVariable|https://w3id.org/physiomap/ProcessTrait|https://w3id.org/physiomap/Trait
skeletal_muscle_sarcoplasmic_calcium	true	https://w3id.org/physiomap/ContinuantTrait|https://w3id.org/physiomap/MapVariable|https://w3id.org/physiomap/Trait
skeletal_muscle_sr_calcium_release	true	https://w3id.org/physiomap/MapVariable|https://w3id.org/physiomap/ProcessTrait|https://w3id.org/physiomap/Trait
skeletal_muscle_tension	true	https://w3id.org/physiomap/ContinuantTrait|https://w3id.org/physiomap/MapVariable|https://w3id.org/physiomap/Trait
skeletal_muscle_tone	true	https://w3id.org/physiomap/ContinuantTrait|https://w3id.org/physiomap/MapVariable|https://w3id.org/physiomap/Trait
skin_blood_flow	true	https://w3id.org/physiomap/MapVariable|https://w3id.org/physiomap/ProcessTrait|https://w3id.org/physiomap/Trait
skin_cholecalciferol_synthesis	true	https://w3id.org/physiomap/MapVariable|https://w3id.org/physiomap/ProcessTrait|https://w3id.org/physiomap/Trait
skin_melanin_content	true	https://w3id.org/physiomap/ContinuantTrait|https://w3id.org/physiomap/MapVariable|https://w3id.org/physiomap/Trait
slc26a3_activity	true	https://w3id.org/physiomap/ContinuantTrait|https://w3id.org/physiomap/MapVariable|https://w3id.org/physiomap/Trait
slc2a1_activity	true	https://w3id.org/physiomap/ContinuantTrait|https://w3id.org/physiomap/MapVariable|https://w3id.org/physiomap/Trait
slc30a10_activity	true	https://w3id.org/physiomap/ContinuantTrait|https://w3id.org/physiomap/MapVariable|https://w3id.org/physiomap/Trait
slc30a2_activity	true	https://w3id.org/physiomap/ContinuantTrait|https://w3id.org/physiomap/MapVariable|https://w3id.org/physiomap/Trait
slc39a14_activity	true	https://w3id.org/physiomap/ContinuantTrait|https://w3id.org/physiomap/MapVariable|https://w3id.org/physiomap/Trait
slc39a8_activity	true	https://w3id.org/physiomap/ContinuantTrait|https://w3id.org/physiomap/MapVariable|https://w3id.org/physiomap/Trait
slc3a1_activity	true	https://w3id.org/physiomap/ContinuantTrait|https://w3id.org/physiomap/MapVariable|https://w3id.org/physiomap/Trait
slc6a19_activity	true	https://w3id.org/physiomap/ContinuantTrait|https://w3id.org/physiomap/MapVariable|https://w3id.org/physiomap/Trait
slc6a6_activity	true	https://w3id.org/physiomap/ContinuantTrait|https://w3id.org/physiomap/MapVariable|https://w3id.org/physiomap/Trait
slc9a3_activity	true	https://w3id.org/physiomap/ContinuantTrait|https://w3id.org/physiomap/MapVariable|https://w3id.org/physiomap/Trait
small_intestine_motility	true	https://w3id.org/physiomap/MapVariable|https://w3id.org/physiomap/ProcessTrait|https://w3id.org/physiomap/Trait
smpd1_activity	true	https://w3id.org/physiomap/ContinuantTrait|https://w3id.org/physiomap/MapVariable|https://w3id.org/physiomap/Trait
socs_activity	true	https://w3id.org/physiomap/MapVariable|https://w3id.org/physiomap/ProcessTrait|https://w3id.org/physiomap/Trait
sod3_ecm_anchoring	true	https://w3id.org/physiomap/ContinuantTrait|https://w3id.org/physiomap/MapVariable|https://w3id.org/physiomap/Trait
sodium_calcium_exchanger_activity	true	https://w3id.org/physiomap/ContinuantTrait|https://w3id.org/physiomap/MapVariable|https://w3id.org/physiomap/Trait
sodium_excretion	true	https://w3id.org/physiomap/MapVariable|https://w3id.org/physiomap/ProcessTrait|https://w3id.org/physiomap/Trait
sodium_water_reabsorption	true	https://w3id.org/physiomap/MapVariable|https://w3id.org/physiomap/ProcessTrait|https://w3id.org/physiomap/Trait
somatostatin	true	https://w3id.org/physiomap/MapVariable|https://w3id.org/physiomap/ProcessTrait|https://w3id.org/physiomap/Trait
somatotroph_gh_secretion	true	https://w3id.org/physiomap/MapVariable|https://w3id.org/physiomap/ProcessTrait|https://w3id.org/physiomap/Trait|https://w3id.org/physiomap/grouping/grouping-78aa9b0f03bda37f8e6d
spermatogenesis_rate	true	https://w3id.org/physiomap/MapVariable|https://w3id.org/physiomap/ProcessTrait|https://w3id.org/physiomap/Trait
splanchnic_blood_flow	true	https://w3id.org/physiomap/MapVariable|https://w3id.org/physiomap/ProcessTrait|https://w3id.org/physiomap/Trait
squalene_synthase_activity	true	https://w3id.org/physiomap/ContinuantTrait|https://w3id.org/physiomap/MapVariable|https://w3id.org/physiomap/Trait
sr_calcium_load	true	https://w3id.org/physiomap/ContinuantTrait|https://w3id.org/physiomap/MapVariable|https://w3id.org/physiomap/Trait
sr_calcium_release	true	https://w3id.org/physiomap/MapVariable|https://w3id.org/physiomap/ProcessTrait|https://w3id.org/physiomap/Trait
srd5a2_activity	true	https://w3id.org/physiomap/ContinuantTrait|https://w3id.org/physiomap/MapVariable|https://w3id.org/physiomap/Trait
ssadh_activity	true	https://w3id.org/physiomap/ContinuantTrait|https://w3id.org/physiomap/MapVariable|https://w3id.org/physiomap/Trait
stat5_activity	true	https://w3id.org/physiomap/MapVariable|https://w3id.org/physiomap/ProcessTrait|https://w3id.org/physiomap/Trait
steroid_sulfatase_activity	true	https://w3id.org/physiomap/ContinuantTrait|https://w3id.org/physiomap/MapVariable|https://w3id.org/physiomap/Trait
sterol_27_hydroxylase_activity	true	https://w3id.org/physiomap/ContinuantTrait|https://w3id.org/physiomap/MapVariable|https://w3id.org/physiomap/Trait
sting_activity	true	https://w3id.org/physiomap/ContinuantTrait|https://w3id.org/physiomap/MapVariable|https://w3id.org/physiomap/Trait
stomach_motility	true	https://w3id.org/physiomap/MapVariable|https://w3id.org/physiomap/ProcessTrait|https://w3id.org/physiomap/Trait
stomach_volume	true	https://w3id.org/physiomap/ContinuantTrait|https://w3id.org/physiomap/MapVariable|https://w3id.org/physiomap/Trait
stool_chloride	true	https://w3id.org/physiomap/ContinuantTrait|https://w3id.org/physiomap/MapVariable|https://w3id.org/physiomap/Trait
stool_urobilinogen	true	https://w3id.org/physiomap/ContinuantTrait|https://w3id.org/physiomap/MapVariable|https://w3id.org/physiomap/Trait
stroke_volume	true	https://w3id.org/physiomap/ContinuantTrait|https://w3id.org/physiomap/MapVariable|https://w3id.org/physiomap/Trait
sts_activity	true	https://w3id.org/physiomap/ContinuantTrait|https://w3id.org/physiomap/MapVariable|https://w3id.org/physiomap/Trait
succinate_dehydrogenase_activity	true	https://w3id.org/physiomap/ContinuantTrait|https://w3id.org/physiomap/MapVariable|https://w3id.org/physiomap/Trait
sucrase_isomaltase_activity	true	https://w3id.org/physiomap/ContinuantTrait|https://w3id.org/physiomap/MapVariable|https://w3id.org/physiomap/Trait
sulfide_quinone_oxidoreductase_activity	true	https://w3id.org/physiomap/ContinuantTrait|https://w3id.org/physiomap/MapVariable|https://w3id.org/physiomap/Trait
sulfite_oxidase_activity	true	https://w3id.org/physiomap/ContinuantTrait|https://w3id.org/physiomap/MapVariable|https://w3id.org/physiomap/Trait
sult2a1_activity	true	https://w3id.org/physiomap/ContinuantTrait|https://w3id.org/physiomap/MapVariable|https://w3id.org/physiomap/Trait
suox_activity	true	https://w3id.org/physiomap/ContinuantTrait|https://w3id.org/physiomap/MapVariable|https://w3id.org/physiomap/Trait
superoxide_dismutase_activity	true	https://w3id.org/physiomap/ContinuantTrait|https://w3id.org/physiomap/MapVariable|https://w3id.org/physiomap/Trait
sweat_chloride	true	https://w3id.org/physiomap/ContinuantTrait|https://w3id.org/physiomap/MapVariable|https://w3id.org/physiomap/Trait
sweating	true	https://w3id.org/physiomap/MapVariable|https://w3id.org/physiomap/ProcessTrait|https://w3id.org/physiomap/Trait
sympathetic_noradrenergic_neuron_norepinephrine_secretion	true	https://w3id.org/physiomap/MapVariable|https://w3id.org/physiomap/ProcessTrait|https://w3id.org/physiomap/Trait
sympathetic_tone	true	https://w3id.org/physiomap/ContinuantTrait|https://w3id.org/physiomap/MapVariable|https://w3id.org/physiomap/Trait
synaptic_acetylcholine	true	https://w3id.org/physiomap/ContinuantTrait|https://w3id.org/physiomap/MapVariable|https://w3id.org/physiomap/Trait
synaptic_acetylcholine_concentration	true	https://w3id.org/physiomap/ContinuantTrait|https://w3id.org/physiomap/MapVariable|https://w3id.org/physiomap/Trait
synaptic_ach_concentration	true	https://w3id.org/physiomap/ContinuantTrait|https://w3id.org/physiomap/MapVariable|https://w3id.org/physiomap/Trait
synaptic_dopamine_concentration	true	https://w3id.org/physiomap/ContinuantTrait|https://w3id.org/physiomap/MapVariable|https://w3id.org/physiomap/Trait
synaptic_gaba_concentration	true	https://w3id.org/physiomap/ContinuantTrait|https://w3id.org/physiomap/MapVariable|https://w3id.org/physiomap/Trait
synaptic_serotonin_concentration	true	https://w3id.org/physiomap/ContinuantTrait|https://w3id.org/physiomap/MapVariable|https://w3id.org/physiomap/Trait
systolic_blood_pressure	true	https://w3id.org/physiomap/ContinuantTrait|https://w3id.org/physiomap/MapVariable|https://w3id.org/physiomap/Trait
t2_thiolase_activity	true	https://w3id.org/physiomap/ContinuantTrait|https://w3id.org/physiomap/MapVariable|https://w3id.org/physiomap/Trait
t_cell_activation_rate	true	https://w3id.org/physiomap/MapVariable|https://w3id.org/physiomap/ProcessTrait|https://w3id.org/physiomap/Trait
t_cell_immune_activity	true	https://w3id.org/physiomap/MapVariable|https://w3id.org/physiomap/ProcessTrait|https://w3id.org/physiomap/Trait
telomerase_activity	true	https://w3id.org/physiomap/ContinuantTrait|https://w3id.org/physiomap/MapVariable|https://w3id.org/physiomap/Trait
telomere_length	true	https://w3id.org/physiomap/ContinuantTrait|https://w3id.org/physiomap/MapVariable|https://w3id.org/physiomap/Trait
tert_expression	true	https://w3id.org/physiomap/ContinuantTrait|https://w3id.org/physiomap/MapVariable|https://w3id.org/physiomap/Trait
testosterone	true	https://w3id.org/physiomap/ContinuantTrait|https://w3id.org/physiomap/MapVariable|https://w3id.org/physiomap/Trait
th17_cell_activation	true	https://w3id.org/physiomap/ContinuantTrait|https://w3id.org/physiomap/MapVariable|https://w3id.org/physiomap/Trait
th1_cell_activation	true	https://w3id.org/physiomap/ContinuantTrait|https://w3id.org/physiomap/MapVariable|https://w3id.org/physiomap/Trait
th2_cell_activation	true	https://w3id.org/physiomap/MapVariable|https://w3id.org/physiomap/ProcessTrait|https://w3id.org/physiomap/Trait
theca_androstenedione_secretion	true	https://w3id.org/physiomap/MapVariable|https://w3id.org/physiomap/ProcessTrait|https://w3id.org/physiomap/Trait
three_beta_hsd_delta5_desaturase_activity	true	https://w3id.org/physiomap/ContinuantTrait|https://w3id.org/physiomap/MapVariable|https://w3id.org/physiomap/Trait
thrombin	true	https://w3id.org/physiomap/ContinuantTrait|https://w3id.org/physiomap/MapVariable|https://w3id.org/physiomap/Trait
thymic_mass	true	https://w3id.org/physiomap/ContinuantTrait|https://w3id.org/physiomap/MapVariable|https://w3id.org/physiomap/Trait
thymidine_phosphorylase_activity	true	https://w3id.org/physiomap/ContinuantTrait|https://w3id.org/physiomap/MapVariable|https://w3id.org/physiomap/Trait
thyroid_follicular_iodide	true	https://w3id.org/physiomap/ContinuantTrait|https://w3id.org/physiomap/MapVariable|https://w3id.org/physiomap/Trait
thyroid_follicular_t4_secretion	true	https://w3id.org/physiomap/MapVariable|https://w3id.org/physiomap/ProcessTrait|https://w3id.org/physiomap/Trait
thyroidal_iodide	true	https://w3id.org/physiomap/ContinuantTrait|https://w3id.org/physiomap/MapVariable|https://w3id.org/physiomap/Trait
thyrotroph_tsh_secretion	true	https://w3id.org/physiomap/MapVariable|https://w3id.org/physiomap/ProcessTrait|https://w3id.org/physiomap/Trait
tida_neuron_dopamine_secretion	true	https://w3id.org/physiomap/MapVariable|https://w3id.org/physiomap/ProcessTrait|https://w3id.org/physiomap/Trait
tidal_volume	true	https://w3id.org/physiomap/ContinuantTrait|https://w3id.org/physiomap/MapVariable|https://w3id.org/physiomap/Trait
tissue_ceramide	true	https://w3id.org/physiomap/ContinuantTrait|https://w3id.org/physiomap/MapVariable|https://w3id.org/physiomap/Trait
tissue_factor	true	https://w3id.org/physiomap/ContinuantTrait|https://w3id.org/physiomap/MapVariable|https://w3id.org/physiomap/Trait
tissue_galactosylceramide	true	https://w3id.org/physiomap/ContinuantTrait|https://w3id.org/physiomap/MapVariable|https://w3id.org/physiomap/Trait
tissue_glucosylceramide	true	https://w3id.org/physiomap/ContinuantTrait|https://w3id.org/physiomap/MapVariable|https://w3id.org/physiomap/Trait
tissue_glucosylceramide_content	true	https://w3id.org/physiomap/ContinuantTrait|https://w3id.org/physiomap/MapVariable|https://w3id.org/physiomap/Trait
tissue_gm1_ganglioside	true	https://w3id.org/physiomap/ContinuantTrait|https://w3id.org/physiomap/MapVariable|https://w3id.org/physiomap/Trait
tissue_gm2_ganglioside	true	https://w3id.org/physiomap/ContinuantTrait|https://w3id.org/physiomap/MapVariable|https://w3id.org/physiomap/Trait
tissue_interstitial_fluid_volume	true	https://w3id.org/physiomap/ContinuantTrait|https://w3id.org/physiomap/MapVariable|https://w3id.org/physiomap/Trait
tissue_keratan_sulfate	true	https://w3id.org/physiomap/ContinuantTrait|https://w3id.org/physiomap/MapVariable|https://w3id.org/physiomap/Trait
tissue_nonspecific_alp_activity	true	https://w3id.org/physiomap/ContinuantTrait|https://w3id.org/physiomap/MapVariable|https://w3id.org/physiomap/Trait
tissue_o2_extraction	true	https://w3id.org/physiomap/ContinuantTrait|https://w3id.org/physiomap/MapVariable|https://w3id.org/physiomap/Trait
tissue_po2	true	https://w3id.org/physiomap/ContinuantTrait|https://w3id.org/physiomap/MapVariable|https://w3id.org/physiomap/Trait
tissue_sphingomyelin	true	https://w3id.org/physiomap/ContinuantTrait|https://w3id.org/physiomap/MapVariable|https://w3id.org/physiomap/Trait
tissue_tocopherol	true	https://w3id.org/physiomap/ContinuantTrait|https://w3id.org/physiomap/MapVariable|https://w3id.org/physiomap/Trait
tmprss6_cleavage_activity	true	https://w3id.org/physiomap/ContinuantTrait|https://w3id.org/physiomap/MapVariable|https://w3id.org/physiomap/Trait
tn_antigen_level	true	https://w3id.org/physiomap/ContinuantTrait|https://w3id.org/physiomap/MapVariable|https://w3id.org/physiomap/Trait
tnf_alpha	true	https://w3id.org/physiomap/ContinuantTrait|https://w3id.org/physiomap/MapVariable|https://w3id.org/physiomap/Trait
total_iron_binding_capacity	true	https://w3id.org/physiomap/ContinuantTrait|https://w3id.org/physiomap/MapVariable|https://w3id.org/physiomap/Trait
total_peripheral_resistance	true	https://w3id.org/physiomap/ContinuantTrait|https://w3id.org/physiomap/MapVariable|https://w3id.org/physiomap/Trait
total_ventilation	true	https://w3id.org/physiomap/MapVariable|https://w3id.org/physiomap/ProcessTrait|https://w3id.org/physiomap/Trait
tpo_nis_organification_capacity	true	https://w3id.org/physiomap/ContinuantTrait|https://w3id.org/physiomap/MapVariable|https://w3id.org/physiomap/Trait
tpp1_activity	true	https://w3id.org/physiomap/ContinuantTrait|https://w3id.org/physiomap/MapVariable|https://w3id.org/physiomap/Trait
transaldolase_activity	true	https://w3id.org/physiomap/ContinuantTrait|https://w3id.org/physiomap/MapVariable|https://w3id.org/physiomap/Trait
transferrin_saturation	true	https://w3id.org/physiomap/ContinuantTrait|https://w3id.org/physiomap/MapVariable|https://w3id.org/physiomap/Trait
treg_il10_secretion	true	https://w3id.org/physiomap/MapVariable|https://w3id.org/physiomap/ProcessTrait|https://w3id.org/physiomap/Trait
trh	true	https://w3id.org/physiomap/ContinuantTrait|https://w3id.org/physiomap/MapVariable|https://w3id.org/physiomap/Trait
troponin_c_calcium_binding	true	https://w3id.org/physiomap/ContinuantTrait|https://w3id.org/physiomap/MapVariable|https://w3id.org/physiomap/Trait
trpm6_activity	true	https://w3id.org/physiomap/ContinuantTrait|https://w3id.org/physiomap/MapVariable|https://w3id.org/physiomap/Trait
trypsin_activity	true	https://w3id.org/physiomap/ContinuantTrait|https://w3id.org/physiomap/MapVariable|https://w3id.org/physiomap/Trait
tsh	true	https://w3id.org/physiomap/ContinuantTrait|https://w3id.org/physiomap/MapVariable|https://w3id.org/physiomap/Trait
tshr_activation	true	https://w3id.org/physiomap/ContinuantTrait|https://w3id.org/physiomap/MapVariable|https://w3id.org/physiomap/Trait
ttpa_activity	true	https://w3id.org/physiomap/ContinuantTrait|https://w3id.org/physiomap/MapVariable|https://w3id.org/physiomap/Trait
tuberoinfundibular_dopamine_tone	true	https://w3id.org/physiomap/MapVariable|https://w3id.org/physiomap/ProcessTrait|https://w3id.org/physiomap/Trait
type_1_deiodinase_activity	true	https://w3id.org/physiomap/ContinuantTrait|https://w3id.org/physiomap/MapVariable|https://w3id.org/physiomap/Trait
type_2_deiodinase_activity	true	https://w3id.org/physiomap/ContinuantTrait|https://w3id.org/physiomap/MapVariable|https://w3id.org/physiomap/Trait
type_3_deiodinase_activity	true	https://w3id.org/physiomap/ContinuantTrait|https://w3id.org/physiomap/MapVariable|https://w3id.org/physiomap/Trait
type_ii_pneumocyte_surfactant_secretion	true	https://w3id.org/physiomap/MapVariable|https://w3id.org/physiomap/ProcessTrait|https://w3id.org/physiomap/Trait
udp_glucose_4_epimerase_activity	true	https://w3id.org/physiomap/ContinuantTrait|https://w3id.org/physiomap/MapVariable|https://w3id.org/physiomap/Trait
ugt1a1_activity	true	https://w3id.org/physiomap/ContinuantTrait|https://w3id.org/physiomap/MapVariable|https://w3id.org/physiomap/Trait
umps_activity	true	https://w3id.org/physiomap/ContinuantTrait|https://w3id.org/physiomap/MapVariable|https://w3id.org/physiomap/Trait
urea_cycle_enzyme_activity	true	https://w3id.org/physiomap/ContinuantTrait|https://w3id.org/physiomap/MapVariable|https://w3id.org/physiomap/Trait
urinary_1_methylhistidine	true	https://w3id.org/physiomap/ContinuantTrait|https://w3id.org/physiomap/MapVariable|https://w3id.org/physiomap/Trait
urinary_2_3_dihydroxy_2_methylbutyrate	true	https://w3id.org/physiomap/ContinuantTrait|https://w3id.org/physiomap/MapVariable|https://w3id.org/physiomap/Trait
urinary_2_4_dihydroxybutyric_acid	true	https://w3id.org/physiomap/ContinuantTrait|https://w3id.org/physiomap/MapVariable|https://w3id.org/physiomap/Trait
urinary_2_4_dihydroxyglutarate	true	https://w3id.org/physiomap/ContinuantTrait|https://w3id.org/physiomap/MapVariable|https://w3id.org/physiomap/Trait
urinary_2_8_dihydroxyadenine	true	https://w3id.org/physiomap/ContinuantTrait|https://w3id.org/physiomap/MapVariable|https://w3id.org/physiomap/Trait
urinary_2_aminoisobutyric_acid	true	https://w3id.org/physiomap/ContinuantTrait|https://w3id.org/physiomap/MapVariable|https://w3id.org/physiomap/Trait
urinary_2_hydroxy_3_methylvaleric_acid	true	https://w3id.org/physiomap/ContinuantTrait|https://w3id.org/physiomap/MapVariable|https://w3id.org/physiomap/Trait
urinary_2_hydroxybutyric_acid	true	https://w3id.org/physiomap/ContinuantTrait|https://w3id.org/physiomap/MapVariable|https://w3id.org/physiomap/Trait
urinary_2_hydroxyisocaproic_acid	true	https://w3id.org/physiomap/ContinuantTrait|https://w3id.org/physiomap/MapVariable|https://w3id.org/physiomap/Trait
urinary_2_methyl_3_hydroxybutyrate	true	https://w3id.org/physiomap/ContinuantTrait|https://w3id.org/physiomap/MapVariable|https://w3id.org/physiomap/Trait
urinary_2_methylacetoacetic_acid	true	https://w3id.org/physiomap/ContinuantTrait|https://w3id.org/physiomap/MapVariable|https://w3id.org/physiomap/Trait
urinary_2_methylcitrate	true	https://w3id.org/physiomap/ContinuantTrait|https://w3id.org/physiomap/MapVariable|https://w3id.org/physiomap/Trait
urinary_2_oxoisocaproic_acid	true	https://w3id.org/physiomap/ContinuantTrait|https://w3id.org/physiomap/MapVariable|https://w3id.org/physiomap/Trait
urinary_2_oxovaleric_acid	true	https://w3id.org/physiomap/ContinuantTrait|https://w3id.org/physiomap/MapVariable|https://w3id.org/physiomap/Trait
urinary_3_4_dihydroxybutyrate	true	https://w3id.org/physiomap/ContinuantTrait|https://w3id.org/physiomap/MapVariable|https://w3id.org/physiomap/Trait
urinary_3_6_epoxydicarboxylic_acid	true	https://w3id.org/physiomap/ContinuantTrait|https://w3id.org/physiomap/MapVariable|https://w3id.org/physiomap/Trait
urinary_3_aminoisobutyrate	true	https://w3id.org/physiomap/ContinuantTrait|https://w3id.org/physiomap/MapVariable|https://w3id.org/physiomap/Trait
urinary_3_hydroxy_3_methylglutarate	true	https://w3id.org/physiomap/ContinuantTrait|https://w3id.org/physiomap/MapVariable|https://w3id.org/physiomap/Trait
urinary_3_hydroxyadipic_acid	true	https://w3id.org/physiomap/ContinuantTrait|https://w3id.org/physiomap/MapVariable|https://w3id.org/physiomap/Trait
urinary_3_hydroxybutyrate	true	https://w3id.org/physiomap/ContinuantTrait|https://w3id.org/physiomap/MapVariable|https://w3id.org/physiomap/Trait
urinary_3_hydroxyglutarate	true	https://w3id.org/physiomap/ContinuantTrait|https://w3id.org/physiomap/MapVariable|https://w3id.org/physiomap/Trait
urinary_3_hydroxyisobutyrate	true	https://w3id.org/physiomap/ContinuantTrait|https://w3id.org/physiomap/MapVariable|https://w3id.org/physiomap/Trait
urinary_3_hydroxykynurenine	true	https://w3id.org/physiomap/ContinuantTrait|https://w3id.org/physiomap/MapVariable|https://w3id.org/physiomap/Trait
urinary_3_hydroxypentanoic_acid	true	https://w3id.org/physiomap/ContinuantTrait|https://w3id.org/physiomap/MapVariable|https://w3id.org/physiomap/Trait
urinary_3_hydroxypropionate	true	https://w3id.org/physiomap/ContinuantTrait|https://w3id.org/physiomap/MapVariable|https://w3id.org/physiomap/Trait
urinary_3_hydroxysebacic_acid	true	https://w3id.org/physiomap/ContinuantTrait|https://w3id.org/physiomap/MapVariable|https://w3id.org/physiomap/Trait
urinary_3_methyl_2_oxovaleric_acid	true	https://w3id.org/physiomap/ContinuantTrait|https://w3id.org/physiomap/MapVariable|https://w3id.org/physiomap/Trait
urinary_3_methylcrotonylglycine	true	https://w3id.org/physiomap/ContinuantTrait|https://w3id.org/physiomap/MapVariable|https://w3id.org/physiomap/Trait
urinary_3_methylhistidine	true	https://w3id.org/physiomap/ContinuantTrait|https://w3id.org/physiomap/MapVariable|https://w3id.org/physiomap/Trait
urinary_4_5_dihydroxyhexanoic_acid	true	https://w3id.org/physiomap/ContinuantTrait|https://w3id.org/physiomap/MapVariable|https://w3id.org/physiomap/Trait
urinary_4_hydroxy_2_oxoglutarate	true	https://w3id.org/physiomap/ContinuantTrait|https://w3id.org/physiomap/MapVariable|https://w3id.org/physiomap/Trait
urinary_4_hydroxybutyrate	true	https://w3id.org/physiomap/ContinuantTrait|https://w3id.org/physiomap/MapVariable|https://w3id.org/physiomap/Trait
urinary_4_hydroxyisovaleric_acid	true	https://w3id.org/physiomap/ContinuantTrait|https://w3id.org/physiomap/MapVariable|https://w3id.org/physiomap/Trait
urinary_4_methyl_2_oxopentanoic_acid	true	https://w3id.org/physiomap/ContinuantTrait|https://w3id.org/physiomap/MapVariable|https://w3id.org/physiomap/Trait
urinary_5_hydroxyhexanoate	true	https://w3id.org/physiomap/ContinuantTrait|https://w3id.org/physiomap/MapVariable|https://w3id.org/physiomap/Trait
urinary_5_hydroxymethyluracil	true	https://w3id.org/physiomap/ContinuantTrait|https://w3id.org/physiomap/MapVariable|https://w3id.org/physiomap/Trait
urinary_5hiaa	true	https://w3id.org/physiomap/ContinuantTrait|https://w3id.org/physiomap/MapVariable|https://w3id.org/physiomap/Trait
urinary_7_biopterin	true	https://w3id.org/physiomap/ContinuantTrait|https://w3id.org/physiomap/MapVariable|https://w3id.org/physiomap/Trait
urinary_7_hydroxyoctanoate	true	https://w3id.org/physiomap/ContinuantTrait|https://w3id.org/physiomap/MapVariable|https://w3id.org/physiomap/Trait
urinary_8_oxoguanosine	true	https://w3id.org/physiomap/ContinuantTrait|https://w3id.org/physiomap/MapVariable|https://w3id.org/physiomap/Trait
urinary_acetoacetate	true	https://w3id.org/physiomap/ContinuantTrait|https://w3id.org/physiomap/MapVariable|https://w3id.org/physiomap/Trait
urinary_aconitic_acid	true	https://w3id.org/physiomap/ContinuantTrait|https://w3id.org/physiomap/MapVariable|https://w3id.org/physiomap/Trait
urinary_adipic_acid	true	https://w3id.org/physiomap/ContinuantTrait|https://w3id.org/physiomap/MapVariable|https://w3id.org/physiomap/Trait
urinary_aicar	true	https://w3id.org/physiomap/ContinuantTrait|https://w3id.org/physiomap/MapVariable|https://w3id.org/physiomap/Trait
urinary_ala	true	https://w3id.org/physiomap/ContinuantTrait|https://w3id.org/physiomap/MapVariable|https://w3id.org/physiomap/Trait
urinary_alloisoleucine	true	https://w3id.org/physiomap/ContinuantTrait|https://w3id.org/physiomap/MapVariable|https://w3id.org/physiomap/Trait
urinary_alpha_ketoglutarate	true	https://w3id.org/physiomap/ContinuantTrait|https://w3id.org/physiomap/MapVariable|https://w3id.org/physiomap/Trait
urinary_amino_acids	true	https://w3id.org/physiomap/ContinuantTrait|https://w3id.org/physiomap/MapVariable|https://w3id.org/physiomap/Trait
urinary_arabitol	true	https://w3id.org/physiomap/ContinuantTrait|https://w3id.org/physiomap/MapVariable|https://w3id.org/physiomap/Trait
urinary_bile_acids	true	https://w3id.org/physiomap/ContinuantTrait|https://w3id.org/physiomap/MapVariable|https://w3id.org/physiomap/Trait
urinary_bile_alcohol	true	https://w3id.org/physiomap/ContinuantTrait|https://w3id.org/physiomap/MapVariable|https://w3id.org/physiomap/Trait
urinary_biliverdin	true	https://w3id.org/physiomap/ContinuantTrait|https://w3id.org/physiomap/MapVariable|https://w3id.org/physiomap/Trait
urinary_biopterin	true	https://w3id.org/physiomap/ContinuantTrait|https://w3id.org/physiomap/MapVariable|https://w3id.org/physiomap/Trait
urinary_butyric_acid	true	https://w3id.org/physiomap/ContinuantTrait|https://w3id.org/physiomap/MapVariable|https://w3id.org/physiomap/Trait
urinary_calcium	true	https://w3id.org/physiomap/MapVariable|https://w3id.org/physiomap/ProcessTrait|https://w3id.org/physiomap/Trait
urinary_catecholamines	true	https://w3id.org/physiomap/ContinuantTrait|https://w3id.org/physiomap/MapVariable|https://w3id.org/physiomap/Trait
urinary_chloride	true	https://w3id.org/physiomap/MapVariable|https://w3id.org/physiomap/ProcessTrait|https://w3id.org/physiomap/Trait
urinary_citrate	true	https://w3id.org/physiomap/ContinuantTrait|https://w3id.org/physiomap/MapVariable|https://w3id.org/physiomap/Trait
urinary_copper	true	https://w3id.org/physiomap/ContinuantTrait|https://w3id.org/physiomap/MapVariable|https://w3id.org/physiomap/Trait
urinary_coproporphyrin	true	https://w3id.org/physiomap/ContinuantTrait|https://w3id.org/physiomap/MapVariable|https://w3id.org/physiomap/Trait
urinary_creatine	true	https://w3id.org/physiomap/ContinuantTrait|https://w3id.org/physiomap/MapVariable|https://w3id.org/physiomap/Trait
urinary_creatinine	true	https://w3id.org/physiomap/ContinuantTrait|https://w3id.org/physiomap/MapVariable|https://w3id.org/physiomap/Trait
urinary_cystathionine	true	https://w3id.org/physiomap/ContinuantTrait|https://w3id.org/physiomap/MapVariable|https://w3id.org/physiomap/Trait
urinary_cysteine	true	https://w3id.org/physiomap/ContinuantTrait|https://w3id.org/physiomap/MapVariable|https://w3id.org/physiomap/Trait
urinary_cytidine	true	https://w3id.org/physiomap/ContinuantTrait|https://w3id.org/physiomap/MapVariable|https://w3id.org/physiomap/Trait
urinary_d_glycerate	true	https://w3id.org/physiomap/ContinuantTrait|https://w3id.org/physiomap/MapVariable|https://w3id.org/physiomap/Trait
urinary_d_lactate	true	https://w3id.org/physiomap/ContinuantTrait|https://w3id.org/physiomap/MapVariable|https://w3id.org/physiomap/Trait
urinary_d_threitol	true	https://w3id.org/physiomap/ContinuantTrait|https://w3id.org/physiomap/MapVariable|https://w3id.org/physiomap/Trait
urinary_decadienoylcarnitine	true	https://w3id.org/physiomap/ContinuantTrait|https://w3id.org/physiomap/MapVariable|https://w3id.org/physiomap/Trait
urinary_deoxyadenosine	true	https://w3id.org/physiomap/ContinuantTrait|https://w3id.org/physiomap/MapVariable|https://w3id.org/physiomap/Trait
urinary_deoxyuridine	true	https://w3id.org/physiomap/ContinuantTrait|https://w3id.org/physiomap/MapVariable|https://w3id.org/physiomap/Trait
urinary_dermatan_sulfate	true	https://w3id.org/physiomap/ContinuantTrait|https://w3id.org/physiomap/MapVariable|https://w3id.org/physiomap/Trait
urinary_dihydrothymine	true	https://w3id.org/physiomap/ContinuantTrait|https://w3id.org/physiomap/MapVariable|https://w3id.org/physiomap/Trait
urinary_dihydrouracil	true	https://w3id.org/physiomap/ContinuantTrait|https://w3id.org/physiomap/MapVariable|https://w3id.org/physiomap/Trait
urinary_dihydroxycholestanoic_acid	true	https://w3id.org/physiomap/ContinuantTrait|https://w3id.org/physiomap/MapVariable|https://w3id.org/physiomap/Trait
urinary_dimethylglycine	true	https://w3id.org/physiomap/ContinuantTrait|https://w3id.org/physiomap/MapVariable|https://w3id.org/physiomap/Trait
urinary_disaccharides	true	https://w3id.org/physiomap/ContinuantTrait|https://w3id.org/physiomap/MapVariable|https://w3id.org/physiomap/Trait
urinary_dodecanedioic_acid	true	https://w3id.org/physiomap/ContinuantTrait|https://w3id.org/physiomap/MapVariable|https://w3id.org/physiomap/Trait
urinary_dolichol	true	https://w3id.org/physiomap/ContinuantTrait|https://w3id.org/physiomap/MapVariable|https://w3id.org/physiomap/Trait
urinary_dopamine	true	https://w3id.org/physiomap/ContinuantTrait|https://w3id.org/physiomap/MapVariable|https://w3id.org/physiomap/Trait
urinary_epinephrine	true	https://w3id.org/physiomap/ContinuantTrait|https://w3id.org/physiomap/MapVariable|https://w3id.org/physiomap/Trait
urinary_erythritol	true	https://w3id.org/physiomap/ContinuantTrait|https://w3id.org/physiomap/MapVariable|https://w3id.org/physiomap/Trait
urinary_figlu	true	https://w3id.org/physiomap/ContinuantTrait|https://w3id.org/physiomap/MapVariable|https://w3id.org/physiomap/Trait
urinary_fructose	true	https://w3id.org/physiomap/ContinuantTrait|https://w3id.org/physiomap/MapVariable|https://w3id.org/physiomap/Trait
urinary_fucose	true	https://w3id.org/physiomap/ContinuantTrait|https://w3id.org/physiomap/MapVariable|https://w3id.org/physiomap/Trait
urinary_fumarate	true	https://w3id.org/physiomap/ContinuantTrait|https://w3id.org/physiomap/MapVariable|https://w3id.org/physiomap/Trait
urinary_gaba	true	https://w3id.org/physiomap/ContinuantTrait|https://w3id.org/physiomap/MapVariable|https://w3id.org/physiomap/Trait
urinary_galactitol	true	https://w3id.org/physiomap/ContinuantTrait|https://w3id.org/physiomap/MapVariable|https://w3id.org/physiomap/Trait
urinary_galactosyl_hydroxylysine	true	https://w3id.org/physiomap/ContinuantTrait|https://w3id.org/physiomap/MapVariable|https://w3id.org/physiomap/Trait
urinary_galactosylated_oligosaccharide	true	https://w3id.org/physiomap/ContinuantTrait|https://w3id.org/physiomap/MapVariable|https://w3id.org/physiomap/Trait
urinary_gamma_glutamylcysteine	true	https://w3id.org/physiomap/ContinuantTrait|https://w3id.org/physiomap/MapVariable|https://w3id.org/physiomap/Trait
urinary_gamma_glutamylphenylalanine	true	https://w3id.org/physiomap/ContinuantTrait|https://w3id.org/physiomap/MapVariable|https://w3id.org/physiomap/Trait
urinary_glcnac_oligosaccharide	true	https://w3id.org/physiomap/ContinuantTrait|https://w3id.org/physiomap/MapVariable|https://w3id.org/physiomap/Trait
urinary_glucose	true	https://w3id.org/physiomap/MapVariable|https://w3id.org/physiomap/ProcessTrait|https://w3id.org/physiomap/Trait
urinary_glucose_tetrasaccharide	true	https://w3id.org/physiomap/ContinuantTrait|https://w3id.org/physiomap/MapVariable|https://w3id.org/physiomap/Trait
urinary_glutaconic_acid	true	https://w3id.org/physiomap/ContinuantTrait|https://w3id.org/physiomap/MapVariable|https://w3id.org/physiomap/Trait
urinary_glutamate	true	https://w3id.org/physiomap/ContinuantTrait|https://w3id.org/physiomap/MapVariable|https://w3id.org/physiomap/Trait
urinary_glutamine	true	https://w3id.org/physiomap/ContinuantTrait|https://w3id.org/physiomap/MapVariable|https://w3id.org/physiomap/Trait
urinary_glutarylglycine	true	https://w3id.org/physiomap/ContinuantTrait|https://w3id.org/physiomap/MapVariable|https://w3id.org/physiomap/Trait
urinary_glycerol	true	https://w3id.org/physiomap/ContinuantTrait|https://w3id.org/physiomap/MapVariable|https://w3id.org/physiomap/Trait
urinary_glycine	true	https://w3id.org/physiomap/ContinuantTrait|https://w3id.org/physiomap/MapVariable|https://w3id.org/physiomap/Trait
urinary_glycolate	true	https://w3id.org/physiomap/ContinuantTrait|https://w3id.org/physiomap/MapVariable|https://w3id.org/physiomap/Trait
urinary_glyoxylate	true	https://w3id.org/physiomap/ContinuantTrait|https://w3id.org/physiomap/MapVariable|https://w3id.org/physiomap/Trait
urinary_guanidinoacetate	true	https://w3id.org/physiomap/ContinuantTrait|https://w3id.org/physiomap/MapVariable|https://w3id.org/physiomap/Trait
urinary_guanosine	true	https://w3id.org/physiomap/ContinuantTrait|https://w3id.org/physiomap/MapVariable|https://w3id.org/physiomap/Trait
urinary_hexacarboxylporphyrin	true	https://w3id.org/physiomap/ContinuantTrait|https://w3id.org/physiomap/MapVariable|https://w3id.org/physiomap/Trait
urinary_hexanoic_acid	true	https://w3id.org/physiomap/ContinuantTrait|https://w3id.org/physiomap/MapVariable|https://w3id.org/physiomap/Trait
urinary_hexanoylglycine	true	https://w3id.org/physiomap/ContinuantTrait|https://w3id.org/physiomap/MapVariable|https://w3id.org/physiomap/Trait
urinary_hippuric_acid	true	https://w3id.org/physiomap/ContinuantTrait|https://w3id.org/physiomap/MapVariable|https://w3id.org/physiomap/Trait
urinary_histamine	true	https://w3id.org/physiomap/ContinuantTrait|https://w3id.org/physiomap/MapVariable|https://w3id.org/physiomap/Trait
urinary_homogentisate	true	https://w3id.org/physiomap/ContinuantTrait|https://w3id.org/physiomap/MapVariable|https://w3id.org/physiomap/Trait
urinary_homovanillic_acid	true	https://w3id.org/physiomap/ContinuantTrait|https://w3id.org/physiomap/MapVariable|https://w3id.org/physiomap/Trait
urinary_hyaluronic_acid	true	https://w3id.org/physiomap/ContinuantTrait|https://w3id.org/physiomap/MapVariable|https://w3id.org/physiomap/Trait
urinary_hydroxyphenyllactate	true	https://w3id.org/physiomap/ContinuantTrait|https://w3id.org/physiomap/MapVariable|https://w3id.org/physiomap/Trait
urinary_hypoxanthine	true	https://w3id.org/physiomap/ContinuantTrait|https://w3id.org/physiomap/MapVariable|https://w3id.org/physiomap/Trait
urinary_imidodipeptides	true	https://w3id.org/physiomap/ContinuantTrait|https://w3id.org/physiomap/MapVariable|https://w3id.org/physiomap/Trait
urinary_indican	true	https://w3id.org/physiomap/ContinuantTrait|https://w3id.org/physiomap/MapVariable|https://w3id.org/physiomap/Trait
urinary_indoleacetate	true	https://w3id.org/physiomap/ContinuantTrait|https://w3id.org/physiomap/MapVariable|https://w3id.org/physiomap/Trait
urinary_inosine	true	https://w3id.org/physiomap/ContinuantTrait|https://w3id.org/physiomap/MapVariable|https://w3id.org/physiomap/Trait
urinary_iodine	true	https://w3id.org/physiomap/ContinuantTrait|https://w3id.org/physiomap/MapVariable|https://w3id.org/physiomap/Trait
urinary_isobutyrylglycine	true	https://w3id.org/physiomap/ContinuantTrait|https://w3id.org/physiomap/MapVariable|https://w3id.org/physiomap/Trait
urinary_isovaleric_acid	true	https://w3id.org/physiomap/ContinuantTrait|https://w3id.org/physiomap/MapVariable|https://w3id.org/physiomap/Trait
urinary_isovalerylglycine	true	https://w3id.org/physiomap/ContinuantTrait|https://w3id.org/physiomap/MapVariable|https://w3id.org/physiomap/Trait
urinary_ketoacids	true	https://w3id.org/physiomap/ContinuantTrait|https://w3id.org/physiomap/MapVariable|https://w3id.org/physiomap/Trait
urinary_kynurenine	true	https://w3id.org/physiomap/ContinuantTrait|https://w3id.org/physiomap/MapVariable|https://w3id.org/physiomap/Trait
urinary_l_glycerate	true	https://w3id.org/physiomap/ContinuantTrait|https://w3id.org/physiomap/MapVariable|https://w3id.org/physiomap/Trait
urinary_l_xylulose	true	https://w3id.org/physiomap/ContinuantTrait|https://w3id.org/physiomap/MapVariable|https://w3id.org/physiomap/Trait
urinary_lysine	true	https://w3id.org/physiomap/ContinuantTrait|https://w3id.org/physiomap/MapVariable|https://w3id.org/physiomap/Trait
urinary_magnesium	true	https://w3id.org/physiomap/MapVariable|https://w3id.org/physiomap/ProcessTrait|https://w3id.org/physiomap/Trait
urinary_malic_acid	true	https://w3id.org/physiomap/ContinuantTrait|https://w3id.org/physiomap/MapVariable|https://w3id.org/physiomap/Trait
urinary_malonate	true	https://w3id.org/physiomap/ContinuantTrait|https://w3id.org/physiomap/MapVariable|https://w3id.org/physiomap/Trait
urinary_mandelic_acid	true	https://w3id.org/physiomap/ContinuantTrait|https://w3id.org/physiomap/MapVariable|https://w3id.org/physiomap/Trait
urinary_manganese	true	https://w3id.org/physiomap/ContinuantTrait|https://w3id.org/physiomap/MapVariable|https://w3id.org/physiomap/Trait
urinary_mannose_oligosaccharides	true	https://w3id.org/physiomap/ContinuantTrait|https://w3id.org/physiomap/MapVariable|https://w3id.org/physiomap/Trait
urinary_mesaconate	true	https://w3id.org/physiomap/ContinuantTrait|https://w3id.org/physiomap/MapVariable|https://w3id.org/physiomap/Trait
urinary_metanephrine	true	https://w3id.org/physiomap/ContinuantTrait|https://w3id.org/physiomap/MapVariable|https://w3id.org/physiomap/Trait
urinary_methylmalonylcarnitine	true	https://w3id.org/physiomap/ContinuantTrait|https://w3id.org/physiomap/MapVariable|https://w3id.org/physiomap/Trait
urinary_methylsuccinate	true	https://w3id.org/physiomap/ContinuantTrait|https://w3id.org/physiomap/MapVariable|https://w3id.org/physiomap/Trait
urinary_mevalonate	true	https://w3id.org/physiomap/ContinuantTrait|https://w3id.org/physiomap/MapVariable|https://w3id.org/physiomap/Trait
urinary_n_acetylaspartate	true	https://w3id.org/physiomap/ContinuantTrait|https://w3id.org/physiomap/MapVariable|https://w3id.org/physiomap/Trait
urinary_n_acetylneuraminate	true	https://w3id.org/physiomap/ContinuantTrait|https://w3id.org/physiomap/MapVariable|https://w3id.org/physiomap/Trait
urinary_n_acetyltyrosine	true	https://w3id.org/physiomap/ContinuantTrait|https://w3id.org/physiomap/MapVariable|https://w3id.org/physiomap/Trait
urinary_n_butyrylglycine	true	https://w3id.org/physiomap/ContinuantTrait|https://w3id.org/physiomap/MapVariable|https://w3id.org/physiomap/Trait
urinary_n_carbamyl_beta_alanine	true	https://w3id.org/physiomap/ContinuantTrait|https://w3id.org/physiomap/MapVariable|https://w3id.org/physiomap/Trait
urinary_n_carbamyl_beta_aminoisobutyrate	true	https://w3id.org/physiomap/ContinuantTrait|https://w3id.org/physiomap/MapVariable|https://w3id.org/physiomap/Trait
urinary_n_methylhistamine	true	https://w3id.org/physiomap/ContinuantTrait|https://w3id.org/physiomap/MapVariable|https://w3id.org/physiomap/Trait
urinary_ngal	true	https://w3id.org/physiomap/ContinuantTrait|https://w3id.org/physiomap/MapVariable|https://w3id.org/physiomap/Trait
urinary_norepinephrine	true	https://w3id.org/physiomap/ContinuantTrait|https://w3id.org/physiomap/MapVariable|https://w3id.org/physiomap/Trait
urinary_octanoic_acid	true	https://w3id.org/physiomap/ContinuantTrait|https://w3id.org/physiomap/MapVariable|https://w3id.org/physiomap/Trait
urinary_octenedioic_acid	true	https://w3id.org/physiomap/ContinuantTrait|https://w3id.org/physiomap/MapVariable|https://w3id.org/physiomap/Trait
urinary_organic_acids	true	https://w3id.org/physiomap/ContinuantTrait|https://w3id.org/physiomap/MapVariable|https://w3id.org/physiomap/Trait
urinary_orosomucoid	true	https://w3id.org/physiomap/ContinuantTrait|https://w3id.org/physiomap/MapVariable|https://w3id.org/physiomap/Trait
urinary_orotate	true	https://w3id.org/physiomap/ContinuantTrait|https://w3id.org/physiomap/MapVariable|https://w3id.org/physiomap/Trait
urinary_oxalate	true	https://w3id.org/physiomap/ContinuantTrait|https://w3id.org/physiomap/MapVariable|https://w3id.org/physiomap/Trait
urinary_pentacarboxylporphyrin	true	https://w3id.org/physiomap/ContinuantTrait|https://w3id.org/physiomap/MapVariable|https://w3id.org/physiomap/Trait
urinary_pge2	true	https://w3id.org/physiomap/ContinuantTrait|https://w3id.org/physiomap/MapVariable|https://w3id.org/physiomap/Trait
urinary_pge2_metabolite	true	https://w3id.org/physiomap/ContinuantTrait|https://w3id.org/physiomap/MapVariable|https://w3id.org/physiomap/Trait
urinary_phenylacetylglutamine	true	https://w3id.org/physiomap/ContinuantTrait|https://w3id.org/physiomap/MapVariable|https://w3id.org/physiomap/Trait
urinary_phenylpropionylglycine	true	https://w3id.org/physiomap/ContinuantTrait|https://w3id.org/physiomap/MapVariable|https://w3id.org/physiomap/Trait
urinary_phenylpyruvate	true	https://w3id.org/physiomap/ContinuantTrait|https://w3id.org/physiomap/MapVariable|https://w3id.org/physiomap/Trait
urinary_phosphate	true	https://w3id.org/physiomap/MapVariable|https://w3id.org/physiomap/ProcessTrait|https://w3id.org/physiomap/Trait
urinary_phosphohydroxylysine	true	https://w3id.org/physiomap/ContinuantTrait|https://w3id.org/physiomap/MapVariable|https://w3id.org/physiomap/Trait
urinary_phosphoserine	true	https://w3id.org/physiomap/ContinuantTrait|https://w3id.org/physiomap/MapVariable|https://w3id.org/physiomap/Trait
urinary_pipecolic_acid	true	https://w3id.org/physiomap/ContinuantTrait|https://w3id.org/physiomap/MapVariable|https://w3id.org/physiomap/Trait
urinary_porphobilinogen	true	https://w3id.org/physiomap/ContinuantTrait|https://w3id.org/physiomap/MapVariable|https://w3id.org/physiomap/Trait
urinary_porphyrin	true	https://w3id.org/physiomap/ContinuantTrait|https://w3id.org/physiomap/MapVariable|https://w3id.org/physiomap/Trait
urinary_potassium	true	https://w3id.org/physiomap/MapVariable|https://w3id.org/physiomap/ProcessTrait|https://w3id.org/physiomap/Trait
urinary_propionic_acid	true	https://w3id.org/physiomap/ContinuantTrait|https://w3id.org/physiomap/MapVariable|https://w3id.org/physiomap/Trait
urinary_propionylglycine	true	https://w3id.org/physiomap/ContinuantTrait|https://w3id.org/physiomap/MapVariable|https://w3id.org/physiomap/Trait
urinary_protein	true	https://w3id.org/physiomap/MapVariable|https://w3id.org/physiomap/ProcessTrait|https://w3id.org/physiomap/Trait
urinary_pyridinoline	true	https://w3id.org/physiomap/ContinuantTrait|https://w3id.org/physiomap/MapVariable|https://w3id.org/physiomap/Trait
urinary_pyroglutamate	true	https://w3id.org/physiomap/ContinuantTrait|https://w3id.org/physiomap/MapVariable|https://w3id.org/physiomap/Trait
urinary_pyrophosphate	true	https://w3id.org/physiomap/ContinuantTrait|https://w3id.org/physiomap/MapVariable|https://w3id.org/physiomap/Trait
urinary_pyrroline_hydroxycarboxylate	true	https://w3id.org/physiomap/ContinuantTrait|https://w3id.org/physiomap/MapVariable|https://w3id.org/physiomap/Trait
urinary_quinolinate	true	https://w3id.org/physiomap/ContinuantTrait|https://w3id.org/physiomap/MapVariable|https://w3id.org/physiomap/Trait
urinary_ribitol	true	https://w3id.org/physiomap/ContinuantTrait|https://w3id.org/physiomap/MapVariable|https://w3id.org/physiomap/Trait
urinary_ribose	true	https://w3id.org/physiomap/ContinuantTrait|https://w3id.org/physiomap/MapVariable|https://w3id.org/physiomap/Trait
urinary_ribosylhistidine	true	https://w3id.org/physiomap/ContinuantTrait|https://w3id.org/physiomap/MapVariable|https://w3id.org/physiomap/Trait
urinary_s_sulfocysteine	true	https://w3id.org/physiomap/ContinuantTrait|https://w3id.org/physiomap/MapVariable|https://w3id.org/physiomap/Trait
urinary_saccharopine	true	https://w3id.org/physiomap/ContinuantTrait|https://w3id.org/physiomap/MapVariable|https://w3id.org/physiomap/Trait
urinary_saicar_riboside	true	https://w3id.org/physiomap/ContinuantTrait|https://w3id.org/physiomap/MapVariable|https://w3id.org/physiomap/Trait
urinary_sarcosine	true	https://w3id.org/physiomap/ContinuantTrait|https://w3id.org/physiomap/MapVariable|https://w3id.org/physiomap/Trait
urinary_sebacic_acid	true	https://w3id.org/physiomap/ContinuantTrait|https://w3id.org/physiomap/MapVariable|https://w3id.org/physiomap/Trait
urinary_sedoheptulose	true	https://w3id.org/physiomap/ContinuantTrait|https://w3id.org/physiomap/MapVariable|https://w3id.org/physiomap/Trait
urinary_sodium	true	https://w3id.org/physiomap/MapVariable|https://w3id.org/physiomap/ProcessTrait|https://w3id.org/physiomap/Trait
urinary_suberic_acid	true	https://w3id.org/physiomap/ContinuantTrait|https://w3id.org/physiomap/MapVariable|https://w3id.org/physiomap/Trait
urinary_suberylglycine	true	https://w3id.org/physiomap/ContinuantTrait|https://w3id.org/physiomap/MapVariable|https://w3id.org/physiomap/Trait
urinary_succinate	true	https://w3id.org/physiomap/ContinuantTrait|https://w3id.org/physiomap/MapVariable|https://w3id.org/physiomap/Trait
urinary_succinic_acid	true	https://w3id.org/physiomap/ContinuantTrait|https://w3id.org/physiomap/MapVariable|https://w3id.org/physiomap/Trait
urinary_succinylacetone	true	https://w3id.org/physiomap/ContinuantTrait|https://w3id.org/physiomap/MapVariable|https://w3id.org/physiomap/Trait
urinary_succinyladenosine	true	https://w3id.org/physiomap/ContinuantTrait|https://w3id.org/physiomap/MapVariable|https://w3id.org/physiomap/Trait
urinary_sulfate	true	https://w3id.org/physiomap/ContinuantTrait|https://w3id.org/physiomap/MapVariable|https://w3id.org/physiomap/Trait
urinary_sulfatide	true	https://w3id.org/physiomap/ContinuantTrait|https://w3id.org/physiomap/MapVariable|https://w3id.org/physiomap/Trait
urinary_sulfite	true	https://w3id.org/physiomap/ContinuantTrait|https://w3id.org/physiomap/MapVariable|https://w3id.org/physiomap/Trait
urinary_taurine	true	https://w3id.org/physiomap/ContinuantTrait|https://w3id.org/physiomap/MapVariable|https://w3id.org/physiomap/Trait
urinary_thiosulfate	true	https://w3id.org/physiomap/ContinuantTrait|https://w3id.org/physiomap/MapVariable|https://w3id.org/physiomap/Trait
urinary_threonine	true	https://w3id.org/physiomap/ContinuantTrait|https://w3id.org/physiomap/MapVariable|https://w3id.org/physiomap/Trait
urinary_thymidine	true	https://w3id.org/physiomap/ContinuantTrait|https://w3id.org/physiomap/MapVariable|https://w3id.org/physiomap/Trait
urinary_thymine	true	https://w3id.org/physiomap/ContinuantTrait|https://w3id.org/physiomap/MapVariable|https://w3id.org/physiomap/Trait
urinary_tiglylglycine	true	https://w3id.org/physiomap/ContinuantTrait|https://w3id.org/physiomap/MapVariable|https://w3id.org/physiomap/Trait
urinary_trihydroxycholestanoate	true	https://w3id.org/physiomap/ContinuantTrait|https://w3id.org/physiomap/MapVariable|https://w3id.org/physiomap/Trait
urinary_tyramine	true	https://w3id.org/physiomap/ContinuantTrait|https://w3id.org/physiomap/MapVariable|https://w3id.org/physiomap/Trait
urinary_urate	true	https://w3id.org/physiomap/MapVariable|https://w3id.org/physiomap/ProcessTrait|https://w3id.org/physiomap/Trait
urinary_ureidoisobutyrate	true	https://w3id.org/physiomap/ContinuantTrait|https://w3id.org/physiomap/MapVariable|https://w3id.org/physiomap/Trait
urinary_ureidopropionate	true	https://w3id.org/physiomap/ContinuantTrait|https://w3id.org/physiomap/MapVariable|https://w3id.org/physiomap/Trait
urinary_uridine	true	https://w3id.org/physiomap/ContinuantTrait|https://w3id.org/physiomap/MapVariable|https://w3id.org/physiomap/Trait
urinary_urobilinogen	true	https://w3id.org/physiomap/ContinuantTrait|https://w3id.org/physiomap/MapVariable|https://w3id.org/physiomap/Trait
urinary_uromodulin	true	https://w3id.org/physiomap/ContinuantTrait|https://w3id.org/physiomap/MapVariable|https://w3id.org/physiomap/Trait
urinary_uroporphyrin	true	https://w3id.org/physiomap/ContinuantTrait|https://w3id.org/physiomap/MapVariable|https://w3id.org/physiomap/Trait
urinary_vanillactate	true	https://w3id.org/physiomap/ContinuantTrait|https://w3id.org/physiomap/MapVariable|https://w3id.org/physiomap/Trait
urinary_vanillylmandelic_acid	true	https://w3id.org/physiomap/ContinuantTrait|https://w3id.org/physiomap/MapVariable|https://w3id.org/physiomap/Trait
urinary_xanthurenate	true	https://w3id.org/physiomap/ContinuantTrait|https://w3id.org/physiomap/MapVariable|https://w3id.org/physiomap/Trait
urinary_xylitol	true	https://w3id.org/physiomap/ContinuantTrait|https://w3id.org/physiomap/MapVariable|https://w3id.org/physiomap/Trait
urinary_zinc	true	https://w3id.org/physiomap/ContinuantTrait|https://w3id.org/physiomap/MapVariable|https://w3id.org/physiomap/Trait
urine_bicarbonate	true	https://w3id.org/physiomap/ContinuantTrait|https://w3id.org/physiomap/MapVariable|https://w3id.org/physiomap/Trait
urine_osmolality	true	https://w3id.org/physiomap/ContinuantTrait|https://w3id.org/physiomap/MapVariable|https://w3id.org/physiomap/Trait
urine_urobilinogen	true	https://w3id.org/physiomap/ContinuantTrait|https://w3id.org/physiomap/MapVariable|https://w3id.org/physiomap/Trait
urine_volume	true	https://w3id.org/physiomap/ContinuantTrait|https://w3id.org/physiomap/MapVariable|https://w3id.org/physiomap/Trait
urocanase_activity	true	https://w3id.org/physiomap/ContinuantTrait|https://w3id.org/physiomap/MapVariable|https://w3id.org/physiomap/Trait
uroporphyrinogen_decarboxylase_activity	true	https://w3id.org/physiomap/ContinuantTrait|https://w3id.org/physiomap/MapVariable|https://w3id.org/physiomap/Trait
uroporphyrinogen_iii_synthase_activity	true	https://w3id.org/physiomap/ContinuantTrait|https://w3id.org/physiomap/MapVariable|https://w3id.org/physiomap/Trait
uterine_contractility	true	https://w3id.org/physiomap/ContinuantTrait|https://w3id.org/physiomap/MapVariable|https://w3id.org/physiomap/Trait
uterine_contraction_rate	true	https://w3id.org/physiomap/MapVariable|https://w3id.org/physiomap/ProcessTrait|https://w3id.org/physiomap/Trait
uterine_smooth_muscle_mass	true	https://w3id.org/physiomap/ContinuantTrait|https://w3id.org/physiomap/MapVariable|https://w3id.org/physiomap/Trait
vascular_smooth_muscle_tone	true	https://w3id.org/physiomap/ContinuantTrait|https://w3id.org/physiomap/MapVariable|https://w3id.org/physiomap/Trait
venous_return	true	https://w3id.org/physiomap/MapVariable|https://w3id.org/physiomap/ProcessTrait|https://w3id.org/physiomap/Trait
ventilation_perfusion_ratio	true	https://w3id.org/physiomap/ContinuantTrait|https://w3id.org/physiomap/MapVariable|https://w3id.org/physiomap/Trait
ventricular_cardiomyocyte_bnp_secretion	true	https://w3id.org/physiomap/MapVariable|https://w3id.org/physiomap/ProcessTrait|https://w3id.org/physiomap/Trait
vessel_injury	true	https://w3id.org/physiomap/ContinuantTrait|https://w3id.org/physiomap/MapVariable|https://w3id.org/physiomap/Trait
vip_secreting_enteric_neuron_activity	true	https://w3id.org/physiomap/MapVariable|https://w3id.org/physiomap/ProcessTrait|https://w3id.org/physiomap/Trait
vkgc_activity	true	https://w3id.org/physiomap/ContinuantTrait|https://w3id.org/physiomap/MapVariable|https://w3id.org/physiomap/Trait
vlcad_activity	true	https://w3id.org/physiomap/ContinuantTrait|https://w3id.org/physiomap/MapVariable|https://w3id.org/physiomap/Trait
vldl_cholesterol	true	https://w3id.org/physiomap/ContinuantTrait|https://w3id.org/physiomap/MapVariable|https://w3id.org/physiomap/Trait
vldl_secretion	true	https://w3id.org/physiomap/MapVariable|https://w3id.org/physiomap/ProcessTrait|https://w3id.org/physiomap/Trait
vsm_cgmp_level	true	https://w3id.org/physiomap/ContinuantTrait|https://w3id.org/physiomap/MapVariable|https://w3id.org/physiomap/Trait
water_intake	true	https://w3id.org/physiomap/ContinuantTrait|https://w3id.org/physiomap/MapVariable|https://w3id.org/physiomap/Trait
work_of_breathing	true	https://w3id.org/physiomap/ContinuantTrait|https://w3id.org/physiomap/MapVariable|https://w3id.org/physiomap/Trait
xanthine_oxidase_activity	true	https://w3id.org/physiomap/ContinuantTrait|https://w3id.org/physiomap/MapVariable|https://w3id.org/physiomap/Trait
zona_fasciculata_cortisol_secretion	true	https://w3id.org/physiomap/MapVariable|https://w3id.org/physiomap/ProcessTrait|https://w3id.org/physiomap/Trait
zona_glomerulosa_cell_aldosterone_secretion	true	https://w3id.org/physiomap/MapVariable|https://w3id.org/physiomap/ProcessTrait|https://w3id.org/physiomap/Trait
zona_reticularis_dheas_secretion	true	https://w3id.org/physiomap/MapVariable|https://w3id.org/physiomap/ProcessTrait|https://w3id.org/physiomap/Trait
